브랜드,제품군,시리얼넘버,RAM,상품명,화면 크기,해상도,CPU 모델,밝기,주사율,CPU 브랜드,CPU 클럭,GPU 타입,GPU 카드,GPU 코어 수,저장 용량,배터리,무게,os,용도
삼성전자,2018 노트북9 Always,NT900X5N-K37S,8GB,삼성전자 2018 노트북9 Always NT900X5N-K37S,15인치,1920x1080,i3-7100U,정보없음,정보없음,정보없음,2.4GHz,정보없음,정보없음,1,256GB,30Wh,980g,윈도우10,"['사무/인강용', '휴대용/색상: 실버 2018.01. 상품리뷰 4.9']"
LG전자,2019 그램,15ZD990-VX50K,8GB,LG전자 2019 그램 15ZD990-VX50K,15.6인치,1920x1080,i5-8265U,정보없음,정보없음,인텔,1.6GHz,내장그래픽,UHD 620,1,256GB,72Wh,1.09kg,정보없음,"['사무/인강용', '휴대용']"
LG전자,2019 그램,17Z990-VA76K,16GB,LG전자 2019 그램 17Z990-VA76K,17인치,2560x1600,i7-8565U,정보없음,정보없음,인텔,1.8GHz,내장그래픽,UHD 620,1,512GB,72Wh,1.34kg,윈도우10,"['사무/인강용', '휴대용']"
삼성전자,2019 노트북 Pen S,NT950SBE-X716A,16GB,삼성전자 2019 노트북 Pen S NT950SBE-X716A,15인치,1920x1080,i7-8565U,정보없음,정보없음,정보없음,1.8GHz,정보없음,정보없음,1,256GB,54Wh,1.56kg,윈도우10,['그래픽작업용/S펜 빌트인/색상: 블루 2019 삼성 노트북 Pen S 인포그래픽 2018.12. 상품리뷰']
삼성전자,2019 노트북 Pen S,NT950SBE-K38,8GB,삼성전자 2019 노트북 Pen S NT950SBE-K38,15인치,1920x1080,i3-8145U,정보없음,정보없음,정보없음,2.1GHz,정보없음,정보없음,1,256GB,54Wh,1.49kg,윈도우10,"['사무/인강용', '휴대용/S펜 빌트인/색상: 블루 2019 삼성 노트북 Pen S 인포그래픽 2018.12. 상품리뷰']"
삼성전자,2019 노트북 Pen S,NT950SBE-X58A,8GB,삼성전자 2019 노트북 Pen S NT950SBE-X58A,15인치,1920x1080,i5-8265U,정보없음,정보없음,정보없음,1.6GHz,정보없음,정보없음,1,256GB,54Wh,1.56kg,윈도우10,['그래픽작업용/S펜 빌트인/색상: 블루 2019 삼성 노트북 Pen S 인포그래픽 2018.12. 상품리뷰']
삼성전자,2019 노트북 Pen S,NT950SBE-X58D,8GB,삼성전자 2019 노트북 Pen S NT950SBE-X58D,15인치,1920x1080,i5-8265U,정보없음,정보없음,정보없음,1.6GHz,정보없음,정보없음,1,256GB,54Wh,1.56kg,윈도우10,['그래픽작업용/UFS 지원/S펜 빌트인/색상: 블루 2020.02.']
삼성전자,2019 노트북 Pen S,NT950SBE-K58W,8GB,삼성전자 2019 노트북 Pen S NT950SBE-K58W,15인치,1920x1080,i5-8265U,정보없음,정보없음,정보없음,1.6GHz,정보없음,정보없음,1,256GB,54Wh,1.51kg,윈도우10,['사무/인강용/S펜 빌트인/색상: 화이트 2019 삼성 노트북 Pen S 인포그래픽 2019.01. 상품리뷰']
LG전자,2019 울트라PC,15U590-GA56K,정보없음,LG전자 2019 울트라PC 15U590-GA56K,15.6인치,1920x1080,i5-8265U,정보없음,정보없음,인텔,1.6GHz,내장그래픽,UHD 620,1,정보없음,정보없음,1.75kg,윈도우10,[]
LG전자,2020 그램15,15ZD90N-VX50K,8GB,LG전자 2020 그램15 15ZD90N-VX50K,15.6인치,1920x1080,i5-1035G,정보없음,정보없음,인텔,1.2GHz,내장그래픽,Iris Plus,1,256GB,80Wh,1.12kg,정보없음,"['사무/인강용', '휴대용']"
LG전자,2020 그램15,15ZB995-GP70ML,8GB,LG전자 2020 그램15 15ZB995-GP70ML,15.6인치,1920x1080,i7-10510U,정보없음,정보없음,인텔,1.8GHz,내장그래픽,UHD Graphics,1,256GB,72Wh,1.099kg,윈도우10,"['사무/인강용', '휴대용']"
LG전자,2020 그램15,15ZD90N-VX70K,8GB,LG전자 2020 그램15 15ZD90N-VX70K,15.6인치,1920x1080,i7-1065G,정보없음,정보없음,인텔,1.3GHz,내장그래픽,Iris Plus,1,256GB,80Wh,1.12kg,정보없음,"['사무/인강용', '휴대용']"
LG전자,2020 그램15,15Z995-VP50ML,8GB,LG전자 2020 그램15 15Z995-VP50ML,15.6인치,1920x1080,i5-10210U,정보없음,정보없음,인텔,1.6GHz,내장그래픽,UHD Graphics,1,256GB,72Wh,1.099kg,윈도우10,"['사무/인강용', '휴대용']"
LG전자,2020 그램15,15Z995-VR50K,8GB,LG전자 2020 그램15 15Z995-VR50K,15.6인치,1920x1080,i5-10210U,정보없음,정보없음,인텔,1.6GHz,내장그래픽,UHD Graphics,1,256GB,72Wh,1.099kg,윈도우10,"['사무/인강용', '휴대용']"
LG전자,2020 그램17,17Z90N-VA76K,16GB,LG전자 2020 그램17 17Z90N-VA76K,17인치,2560x1600,i7-1065G,정보없음,정보없음,인텔,1.3GHz,내장그래픽,Iris Plus,1,512GB,80Wh,1.35kg,윈도우10,"['사무/인강용', '휴대용']"
LG전자,2020 울트라PC,15UD40N-GX56K,8GB,LG전자 2020 울트라PC 15UD40N-GX56K,15.6인치,1920x1080,4500U,정보없음,정보없음,AMD,2.3GHz,내장그래픽,Radeon Graphics,1,256GB,52Wh,1.8kg,정보없음,['사무/인강용']
LG전자,2020 울트라PC,15UD40N-GX36K,8GB,LG전자 2020 울트라PC 15UD40N-GX36K,15.6인치,1920x1080,4300U,정보없음,정보없음,AMD,2.7GHz,내장그래픽,Radeon Graphics,1,256GB,52Wh,1.8kg,정보없음,['사무/인강용']
LG전자,2020 울트라PC,15UD50N-GX50K,8GB,LG전자 2020 울트라PC 15UD50N-GX50K WIN10,15.6인치,1920x1080,i5-10210U,정보없음,정보없음,인텔,1.6GHz,내장그래픽,UHD Graphics,1,256GB,35Wh,1.75kg,윈도우10(설치),['사무/인강용']
LG전자,2020 울트라PC,15UD40N-GX76K,8GB,LG전자 2020 울트라PC 15UD40N-GX76K,15.6인치,1920x1080,4700U,정보없음,정보없음,AMD,2.0GHz,내장그래픽,Radeon Graphics,1,256GB,52Wh,1.8kg,정보없음,['사무/인강용']
LG전자,2020 울트라PC,15UD40N-GX56K,16GB,LG전자 2020 울트라PC 15UD40N-GX56K 16GB램,15.6인치,1920x1080,4500U,정보없음,정보없음,AMD,2.3GHz,내장그래픽,Radeon Graphics,1,256GB,52Wh,1.8kg,정보없음,['사무/인강용']
LG전자,2020 울트라PC,15UD40N-GX36K,16GB,LG전자 2020 울트라PC 15UD40N-GX36K 16GB램,15.6인치,1920x1080,4300U,정보없음,정보없음,AMD,2.7GHz,내장그래픽,Radeon Graphics,1,256GB,52Wh,1.8kg,정보없음,['사무/인강용']
LG전자,2020 울트라PC,15UD40N-GX56K,16GB,LG전자 2020 울트라PC 15UD40N-GX56K WIN10 16GB램,15.6인치,1920x1080,4500U,정보없음,정보없음,AMD,2.3GHz,내장그래픽,Radeon Graphics,1,256GB,52Wh,1.8kg,윈도우10(설치),['사무/인강용']
LG전자,2020 울트라PC,15UD40N-GX56K,8GB,LG전자 2020 울트라PC 15UD40N-GX56K WIN11,15.6인치,1920x1080,4500U,정보없음,정보없음,AMD,2.3GHz,내장그래픽,Radeon Graphics,1,256GB,52Wh,1.8kg,윈도우11(설치),['사무/인강용']
LG전자,2020 울트라PC,15UD40N-GX56K,8GB,LG전자 2020 울트라PC 15UD40N-GX56K WIN10,15.6인치,1920x1080,4500U,정보없음,정보없음,AMD,2.3GHz,내장그래픽,Radeon Graphics,1,256GB,52Wh,1.8kg,윈도우10(설치),['사무/인강용']
LG전자,2021 그램14,14ZD90P-GX50K,8GB,LG전자 2021 그램14 14ZD90P-GX50K,14인치,1920x1200,i5-1135G,정보없음,정보없음,인텔,2.4GHz,내장그래픽,Iris Xe,1,256GB,72Wh,999g,정보없음,"['사무/인강용', '휴대용']"
LG전자,2021 그램14,14ZD90P-GX5BK,8GB,LG전자 2021 그램14 14ZD90P-GX5BK,14인치,1920x1200,i5-1135G,정보없음,정보없음,인텔,2.4GHz,내장그래픽,Iris Xe,1,256GB,72Wh,999g,정보없음,"['사무/인강용', '휴대용']"
LG전자,2021 그램14,14Z90P-GA76K,8GB,LG전자 2021 그램14 14Z90P-GA76K,14인치,1920x1200,i7-1165G,정보없음,정보없음,인텔,2.8GHz,내장그래픽,Iris Xe,1,256GB,72Wh,999g,윈도우10,"['사무/인강용', '휴대용']"
LG전자,2021 그램14,14Z95N-GR50ML,8GB,LG전자 2021 그램14 14Z95N-GR50ML,14인치,1920x1080,i5-1135G,정보없음,정보없음,인텔,2.4GHz,내장그래픽,Iris Xe,1,256GB,72Wh,999g,윈도우10,"['사무/인강용', '휴대용']"
LG전자,2021 그램14,14ZD90P-GX70K,8GB,LG전자 2021 그램14 14ZD90P-GX70K WIN10,14인치,1920x1200,i7-1165G,정보없음,정보없음,인텔,2.8GHz,내장그래픽,Iris Xe,1,256GB,72Wh,999g,윈도우10(설치),"['사무/인강용', '휴대용']"
LG전자,2021 그램14,14ZD90P-GX70K,8GB,LG전자 2021 그램14 14ZD90P-GX70K,14인치,1920x1200,i7-1165G,정보없음,정보없음,인텔,2.8GHz,내장그래픽,Iris Xe,1,256GB,72Wh,999g,정보없음,"['사무/인강용', '휴대용']"
LG전자,2021 그램15,15ZB95N-GP50ML,8GB,LG전자 2021 그램15 15ZB95N-GP50ML,15.6인치,1920x1080,i5-1135G,정보없음,정보없음,인텔,2.4GHz,내장그래픽,Iris Xe,1,256GB,80Wh,1.12kg,윈도우10,"['사무/인강용', '휴대용']"
LG전자,2021 그램15,15ZD90P-GX56K,16GB,LG전자 2021 그램15 15ZD90P-GX56K,15.6인치,1920x1080,i5-1135G,정보없음,정보없음,인텔,2.4GHz,내장그래픽,Iris Xe,1,256GB,80Wh,1.12kg,정보없음,"['사무/인강용', '휴대용']"
LG전자,2021 그램15,15Z95N-GP55ML,16GB,LG전자 2021 그램15 15Z95N-GP55ML,15.6인치,1920x1080,i5-1135G,정보없음,정보없음,인텔,2.4GHz,내장그래픽,Iris Xe,1,256GB,80Wh,1.12kg,윈도우10,"['사무/인강용', '휴대용']"
LG전자,2021 그램15,15Z95N-GA5SK,16GB,LG전자 2021 그램15 15Z95N-GA5SK,15.6인치,1920x1080,i5-1135G,정보없음,정보없음,인텔,2.4GHz,내장그래픽,Iris Xe,1,256GB,80Wh,1.12kg,윈도우10,"['사무/인강용', '휴대용']"
LG전자,2021 그램15,15Z90P-GR50K,8GB,LG전자 2021 그램15 15Z90P-GR50K,15.6인치,1920x1080,i5-1135G,정보없음,정보없음,인텔,2.4GHz,내장그래픽,Iris Xe,1,256GB,80Wh,1.12kg,윈도우10,"['사무/인강용', '휴대용']"
LG전자,2021 그램15,15Z90P-GA76K,16GB,LG전자 2021 그램15 15Z90P-GA76K,15.6인치,1920x1080,i7-1165G,정보없음,정보없음,인텔,2.8GHz,내장그래픽,Iris Xe,1,512GB,80Wh,1.12kg,윈도우10,"['사무/인강용', '휴대용']"
LG전자,2021 그램15,15Z95N-GA56K,16GB,LG전자 2021 그램15 15Z95N-GA56K,15.6인치,1920x1080,i5-1135G,정보없음,정보없음,인텔,2.4GHz,내장그래픽,Iris Xe,1,256GB,80Wh,1.12kg,윈도우10,"['사무/인강용', '휴대용']"
LG전자,2021 그램15,15Z95N-GRFMK,8GB,LG전자 2021 그램15 15Z95N-GRFMK,15.6인치,1920x1080,i5-1135G,정보없음,정보없음,인텔,2.4GHz,내장그래픽,Iris Xe,1,256GB,80Wh,1.12kg,윈도우10(버전확인필요),"['사무/인강용', '휴대용']"
LG전자,2021 그램15,15Z95N-GP79ML,16GB,LG전자 2021 그램15 15Z95N-GP79ML,15.6인치,1920x1080,i7-1165G,정보없음,정보없음,인텔,2.8GHz,내장그래픽,Iris Xe,1,512GB,80Wh,1.12kg,윈도우10,"['사무/인강용', '휴대용']"
LG전자,2021 그램15,15ZD95N-GX56K,16GB,LG전자 2021 그램15 15ZD95N-GX56K,15.6인치,정보없음,i5-1135G,정보없음,정보없음,인텔,2.4GHz,내장그래픽,Iris Xe,1,256GB,80Wh,1.12kg,정보없음,"['사무/인강용', '휴대용']"
LG전자,2021 그램15,15ZD90P-GX50K,8GB,LG전자 2021 그램15 15ZD90P-GX50K,15.6인치,1920x1080,i5-1135G,정보없음,정보없음,인텔,2.4GHz,내장그래픽,Iris Xe,1,256GB,80Wh,1.12kg,정보없음,"['사무/인강용', '휴대용']"
LG전자,2021 그램15,15Z90P-GA5WK,16GB,LG전자 2021 그램15 15Z90P-GA5WK,15.6인치,1920x1080,i5-1135G,정보없음,정보없음,인텔,2.4GHz,내장그래픽,Iris Xe,1,256GB,80Wh,1.12kg,윈도우10,"['사무/인강용', '휴대용']"
LG전자,2021 그램15,15Z95N-GP50ML,8GB,LG전자 2021 그램15 15Z95N-GP50ML,15.6인치,1920x1080,i5-1135G,정보없음,정보없음,인텔,2.4GHz,내장그래픽,Iris Xe,1,256GB,80Wh,1.12kg,윈도우10,"['사무/인강용', '휴대용']"
LG전자,2021 그램15,15ZD95N-GX56K,16GB,LG전자 2021 그램15 15ZD95N-GX56K WIN10,15.6인치,정보없음,i5-1135G,정보없음,정보없음,인텔,2.4GHz,내장그래픽,Iris Xe,1,256GB,80Wh,1.12kg,윈도우10(설치),"['사무/인강용', '휴대용']"
LG전자,2021 그램15,15ZD90P-GX30K,8GB,LG전자 2021 그램15 15ZD90P-GX30K,15.6인치,1920x1080,i3-1115G,정보없음,정보없음,인텔,3.0GHz,내장그래픽,UHD Graphics,1,256GB,80Wh,1.12kg,정보없음,"['사무/인강용', '휴대용']"
LG전자,2021 그램15,15Z90P-GR56K,8GB,LG전자 2021 그램15 15Z90P-GR56K,15.6인치,1920x1080,i5-1135G,정보없음,정보없음,인텔,2.4GHz,내장그래픽,Iris Xe,1,512GB,80Wh,1.12kg,윈도우10,"['사무/인강용', '휴대용']"
LG전자,2021 그램15,15ZD95N-GX70K,16GB,LG전자 2021 그램15 15ZD95N-GX70K,15.6인치,정보없음,i7-1165G,정보없음,정보없음,인텔,2.8GHz,내장그래픽,Iris Xe,1,256GB,80Wh,1.12kg,정보없음,"['사무/인강용', '휴대용']"
LG전자,2021 그램16,16ZD90P-GX5BK,8GB,LG전자 2021 그램16 16ZD90P-GX5BK,16인치,2560x1600,i5-1135G,정보없음,정보없음,인텔,2.4GHz,내장그래픽,Iris Xe,1,256GB,80Wh,1.19kg,정보없음,"['사무/인강용', '휴대용']"
LG전자,2021 그램16,16ZD90P-GX30K,8GB,LG전자 2021 그램16 16ZD90P-GX30K,16인치,2560x1600,i3-1115G,정보없음,정보없음,인텔,3.0GHz,내장그래픽,UHD Graphics,1,256GB,80Wh,1.19kg,정보없음,"['사무/인강용', '휴대용']"
LG전자,2021 그램16,16ZD90P-GX5TK,16GB,LG전자 2021 그램16 16ZD90P-GX5TK,16인치,2560x1600,i5-1135G,정보없음,정보없음,인텔,2.4GHz,내장그래픽,Iris Xe,1,256GB,80Wh,1.19kg,정보없음,"['사무/인강용', '휴대용']"
LG전자,2021 그램16,16ZD90P-GX56K,16GB,LG전자 2021 그램16 16ZD90P-GX56K,16인치,2560x1600,i5-1135G,정보없음,정보없음,인텔,2.4GHz,내장그래픽,Iris Xe,1,256GB,80Wh,1.19kg,정보없음,"['사무/인강용', '휴대용']"
LG전자,2021 그램16,16ZD90P-GX5SK,16GB,LG전자 2021 그램16 16ZD90P-GX5SK,16인치,2560x1600,i5-1135G,정보없음,정보없음,인텔,2.4GHz,내장그래픽,Iris Xe,1,256GB,80Wh,1.19kg,정보없음,"['사무/인강용', '휴대용']"
LG전자,2021 그램16,16Z90P-GA50K,8GB,LG전자 2021 그램16 16Z90P-GA50K,16인치,2560x1600,i5-1135G,정보없음,정보없음,인텔,2.4GHz,내장그래픽,Iris Xe,1,256GB,80Wh,1.19kg,윈도우10,"['사무/인강용', '휴대용']"
LG전자,2021 그램16,16Z90P-GA5BK,8GB,LG전자 2021 그램16 16Z90P-GA5BK,16인치,2560x1600,i5-1135G,정보없음,정보없음,인텔,2.4GHz,내장그래픽,Iris Xe,1,256GB,80Wh,1.19kg,윈도우10,"['사무/인강용', '휴대용']"
LG전자,2021 그램16,16ZD90P-GX50K,8GB,LG전자 2021 그램16 16ZD90P-GX50K,16인치,2560x1600,i5-1135G,정보없음,정보없음,인텔,2.4GHz,내장그래픽,Iris Xe,1,256GB,80Wh,1.19kg,정보없음,"['사무/인강용', '휴대용']"
LG전자,2021 그램16,16Z90P-GA56K,8GB,LG전자 2021 그램16 16Z90P-GA56K,16인치,2560x1600,i5-1135G,정보없음,정보없음,인텔,2.4GHz,내장그래픽,Iris Xe,1,512GB,80Wh,1.19kg,윈도우10,"['사무/인강용', '휴대용']"
LG전자,2021 그램16,16Z90P-GA5IK,16GB,LG전자 2021 그램16 16Z90P-GA5IK,16인치,2560x1600,i5-1135G,정보없음,정보없음,인텔,2.4GHz,내장그래픽,Iris Xe,1,256GB,80Wh,1.19kg,윈도우10,"['사무/인강용', '휴대용']"
LG전자,2021 그램16,16ZD90P-GX5LK,16GB,LG전자 2021 그램16 16ZD90P-GX5LK,16인치,2560x1600,i5-1135G,정보없음,정보없음,인텔,2.4GHz,내장그래픽,Iris Xe,1,256GB,80Wh,1.19kg,정보없음,"['사무/인강용', '휴대용']"
LG전자,2021 그램16,16ZD90P-GX56K,16GB,LG전자 2021 그램16 16ZD90P-GX56K WIN10,16인치,2560x1600,i5-1135G,정보없음,정보없음,인텔,2.4GHz,내장그래픽,Iris Xe,1,256GB,80Wh,1.19kg,윈도우10(설치),"['사무/인강용', '휴대용']"
LG전자,2021 그램16,16ZD90P-GX50K,8GB,LG전자 2021 그램16 16ZD90P-GX50K WIN10,16인치,2560x1600,i5-1135G,정보없음,정보없음,인텔,2.4GHz,내장그래픽,Iris Xe,1,256GB,80Wh,1.19kg,윈도우10(설치),"['사무/인강용', '휴대용']"
LG전자,2021 그램16,16Z90P-GA76K,16GB,LG전자 2021 그램16 16Z90P-GA76K,16인치,2560x1600,i7-1165G,정보없음,정보없음,인텔,2.8GHz,내장그래픽,Iris Xe,1,512GB,80Wh,1.19kg,윈도우10,"['사무/인강용', '휴대용']"
LG전자,2021 그램16,16Z90P-OA7LK,16GB,LG전자 2021 그램16 16Z90P-OA7LK,16인치,2560x1600,i7-1165G,정보없음,정보없음,인텔,2.8GHz,내장그래픽,Iris Xe,1,512GB,80Wh,1.19kg,윈도우10,"['사무/인강용', '휴대용']"
LG전자,2021 그램16,16Z90P-GA7LK,16GB,LG전자 2021 그램16 16Z90P-GA7LK,16인치,2560x1600,i7-1165G,정보없음,정보없음,인텔,2.8GHz,내장그래픽,Iris Xe,1,512GB,80Wh,1.19kg,윈도우10,"['사무/인강용', '휴대용']"
LG전자,2021 그램16,16ZD90P-GX56K,16GB,LG전자 2021 그램16 16ZD90P-GX56K WIN11,16인치,2560x1600,i5-1135G,정보없음,정보없음,인텔,2.4GHz,내장그래픽,Iris Xe,1,256GB,80Wh,1.19kg,윈도우11(설치),"['사무/인강용', '휴대용']"
LG전자,2021 그램16,16ZD90P-GX70K,8GB,LG전자 2021 그램16 16ZD90P-GX70K WIN11,16인치,2560x1600,i7-1165G,정보없음,정보없음,인텔,2.8GHz,내장그래픽,Iris Xe,1,256GB,80Wh,1.19kg,윈도우11(설치),"['사무/인강용', '휴대용']"
LG전자,2021 그램16,16ZD90P-GX76K,16GB,LG전자 2021 그램16 16ZD90P-GX76K,16인치,2560x1600,i7-1165G,정보없음,정보없음,인텔,2.8GHz,내장그래픽,Iris Xe,1,256GB,80Wh,1.19kg,정보없음,"['사무/인강용', '휴대용']"
LG전자,2021 그램17,17Z95N-GR51ML,8GB,LG전자 2021 그램17 17Z95N-GR51ML,17인치,2560x1600,i5-1135G,정보없음,정보없음,인텔,2.4GHz,내장그래픽,Iris Xe,1,256GB,80Wh,1.35kg,윈도우11홈,"['사무/인강용', '휴대용']"
LG전자,2021 그램17,17ZD90P-GX76K,16GB,LG전자 2021 그램17 17ZD90P-GX76K,17인치,2560x1600,i7-1165G,정보없음,정보없음,인텔,2.8GHz,내장그래픽,Iris Xe,1,256GB,80Wh,1.35kg,정보없음,"['사무/인강용', '휴대용']"
LG전자,2021 그램17,17Z90P-GA76K,16GB,LG전자 2021 그램17 17Z90P-GA76K,17인치,2560x1600,i7-1165G,정보없음,정보없음,인텔,2.8GHz,내장그래픽,Iris Xe,1,512GB,80Wh,1.35kg,윈도우10,"['사무/인강용', '휴대용']"
LG전자,2021 그램17,17ZD90P-GX56K,16GB,LG전자 2021 그램17 17ZD90P-GX56K,17인치,2560x1600,i5-1135G,정보없음,정보없음,인텔,2.4GHz,내장그래픽,Iris Xe,1,256GB,80Wh,1.35kg,정보없음,"['사무/인강용', '휴대용']"
LG전자,2021 그램17,17ZD90P-GX7BK,8GB,LG전자 2021 그램17 17ZD90P-GX7BK WIN10,17인치,2560x1600,i7-1165G,정보없음,정보없음,인텔,2.8GHz,내장그래픽,Iris Xe,1,256GB,80Wh,1.35kg,윈도우10(설치),"['사무/인강용', '휴대용']"
LG전자,2021 그램17,17ZD90P-GX7BK,8GB,LG전자 2021 그램17 17ZD90P-GX7BK,17인치,2560x1600,i7-1165G,정보없음,정보없음,인텔,2.8GHz,내장그래픽,Iris Xe,1,256GB,80Wh,1.35kg,정보없음,"['사무/인강용', '휴대용']"
LG전자,2021 그램17,17ZD90P-GX5SK,16GB,LG전자 2021 그램17 17ZD90P-GX5SK,17인치,2560x1600,i5-1135G,정보없음,정보없음,인텔,2.4GHz,내장그래픽,Iris Xe,1,256GB,80Wh,1.35kg,정보없음,"['사무/인강용', '휴대용']"
LG전자,2021 그램17,17ZD90P-GX5BK,8GB,LG전자 2021 그램17 17ZD90P-GX5BK WIN10,17인치,2560x1600,i5-1135G,정보없음,정보없음,인텔,2.4GHz,내장그래픽,Iris Xe,1,256GB,80Wh,1.35kg,윈도우10(설치),"['사무/인강용', '휴대용']"
LG전자,2021 그램17,17ZD90P-GX50K,8GB,LG전자 2021 그램17 17ZD90P-GX50K,17인치,2560x1600,i5-1135G,정보없음,정보없음,인텔,2.4GHz,내장그래픽,Iris Xe,1,256GB,80Wh,1.35kg,정보없음,"['사무/인강용', '휴대용']"
LG전자,2021 그램17,17Z90P-OA7FK,16GB,LG전자 2021 그램17 17Z90P-OA7FK,17인치,2560x1600,i7-1165G,정보없음,정보없음,인텔,2.8GHz,내장그래픽,Iris Xe,1,512GB,80Wh,1.35kg,윈도우10,"['사무/인강용', '휴대용/Microsoft 365 Personal (1년 구독권) 제공']"
LG전자,2021 그램17,17ZD95N-GX5SK,16GB,LG전자 2021 그램17 17ZD95N-GX5SK,17인치,2560x1600,i5-1135G,정보없음,정보없음,인텔,2.4GHz,내장그래픽,Iris Xe,1,256GB,80Wh,1.35kg,정보없음,"['사무/인강용', '휴대용']"
LG전자,2021 그램17,17ZD90P-GX30K,8GB,LG전자 2021 그램17 17ZD90P-GX30K WIN10,17인치,2560x1600,i3-1115G,정보없음,정보없음,인텔,3.0GHz,내장그래픽,UHD Graphics,1,256GB,80Wh,1.35kg,윈도우10(설치),"['사무/인강용', '휴대용']"
LG전자,2021 그램17,17ZD90P-GX70K,8GB,LG전자 2021 그램17 17ZD90P-GX70K WIN10,17인치,2560x1600,i7-1165G,정보없음,정보없음,인텔,2.8GHz,내장그래픽,Iris Xe,1,256GB,80Wh,1.35kg,윈도우10(설치),"['사무/인강용', '휴대용']"
LG전자,2021 그램17,17ZD90P-GX56K,16GB,LG전자 2021 그램17 17ZD90P-GX56K WIN10,17인치,2560x1600,i5-1135G,정보없음,정보없음,인텔,2.4GHz,내장그래픽,Iris Xe,1,256GB,80Wh,1.35kg,윈도우10(설치),"['사무/인강용', '휴대용']"
LG전자,2021 그램17,17ZD90P-GX76K,16GB,LG전자 2021 그램17 17ZD90P-GX76K WIN10,17인치,2560x1600,i7-1165G,정보없음,정보없음,인텔,2.8GHz,내장그래픽,Iris Xe,1,256GB,80Wh,1.35kg,윈도우10(설치),"['사무/인강용', '휴대용']"
LG전자,2021 그램17,17ZD90P-GX70K,8GB,LG전자 2021 그램17 17ZD90P-GX70K,17인치,2560x1600,i7-1165G,정보없음,정보없음,인텔,2.8GHz,내장그래픽,Iris Xe,1,256GB,80Wh,1.35kg,정보없음,"['사무/인강용', '휴대용']"
LG전자,2021 그램17,17ZD90P-GX7LK,16GB,LG전자 2021 그램17 17ZD90P-GX7LK WIN10,17인치,2560x1600,i7-1165G,정보없음,정보없음,인텔,2.8GHz,내장그래픽,Iris Xe,1,256GB,80Wh,1.35kg,윈도우10(설치),"['사무/인강용', '휴대용']"
LG전자,2021 그램17,17ZD90P-GX50K,8GB,LG전자 2021 그램17 17ZD90P-GX50K WIN10,17인치,2560x1600,i5-1135G,정보없음,정보없음,인텔,2.4GHz,내장그래픽,Iris Xe,1,256GB,80Wh,1.35kg,윈도우10(설치),"['사무/인강용', '휴대용']"
LG전자,2021 그램17,17Z95N-OA76K,16GB,LG전자 2021 그램17 17Z95N-OA76K,17인치,2560x1600,i7-1165G,정보없음,정보없음,인텔,2.8GHz,내장그래픽,Iris Xe,1,512GB,80Wh,1.35kg,윈도우10,"['사무/인강용', '휴대용']"
LG전자,2021 그램17,17ZD95N-GX76K,16GB,LG전자 2021 그램17 17ZD95N-GX76K,17인치,2560x1600,i7-1165G,정보없음,정보없음,인텔,2.8GHz,내장그래픽,Iris Xe,1,256GB,80Wh,1.35kg,정보없음,"['사무/인강용', '휴대용']"
LG전자,2021 그램17,17Z90P-OA76K,16GB,LG전자 2021 그램17 17Z90P-OA76K,17인치,2560x1600,i7-1165G,정보없음,정보없음,인텔,2.8GHz,내장그래픽,Iris Xe,1,512GB,80Wh,1.35kg,윈도우10,"['사무/인강용', '휴대용']"
LG전자,2021 그램17,17ZD90P-GX30K,8GB,LG전자 2021 그램17 17ZD90P-GX30K,17인치,2560x1600,i3-1115G,정보없음,정보없음,인텔,3.0GHz,내장그래픽,UHD Graphics,1,256GB,80Wh,1.35kg,정보없음,"['사무/인강용', '휴대용']"
LG전자,2021 울트라PC,15U50P-GR56K,8GB,LG전자 2021 울트라PC 15U50P-GR56K,15.6인치,1920x1080,i5-1135G,정보없음,정보없음,인텔,2.4GHz,내장그래픽,Iris Xe,1,256GB,51Wh,1.8kg,윈도우10,['사무/인강용']
LG전자,2021 울트라PC,15UD50P-GX50K,8GB,LG전자 2021 울트라PC 15UD50P-GX50K,15.6인치,1920x1080,i5-1135G,정보없음,정보없음,인텔,2.4GHz,내장그래픽,Iris Xe,1,256GB,51Wh,1.8kg,정보없음,['사무/인강용']
LG전자,2021 울트라PC,15UD50P-GX30K,8GB,LG전자 2021 울트라PC 15UD50P-GX30K,15.6인치,1920x1080,i3-1115G,정보없음,정보없음,인텔,3.0GHz,내장그래픽,UHD Graphics,1,128GB,51Wh,1.8kg,정보없음,['사무/인강용']
LG전자,2021 울트라PC,15U50P-GR56K,16GB,LG전자 2021 울트라PC 15U50P-GR56K 16GB램,15.6인치,1920x1080,i5-1135G,정보없음,정보없음,인텔,2.4GHz,내장그래픽,Iris Xe,1,256GB,51Wh,1.8kg,윈도우10,['사무/인강용']
LG전자,2021 울트라PC,15UD50P-GX50K,16GB,LG전자 2021 울트라PC 15UD50P-GX50K 16GB램,15.6인치,1920x1080,i5-1135G,정보없음,정보없음,인텔,2.4GHz,내장그래픽,Iris Xe,1,256GB,51Wh,1.8kg,정보없음,['사무/인강용']
LG전자,2021 울트라PC,15UD50P-GX50K,16GB,LG전자 2021 울트라PC 15UD50P-GX50K WIN11 16GB램,15.6인치,1920x1080,i5-1135G,정보없음,정보없음,인텔,2.4GHz,내장그래픽,Iris Xe,1,256GB,51Wh,1.8kg,윈도우11(설치),['사무/인강용']
LG전자,2021 울트라PC,15U50P-GR36K,8GB,LG전자 2021 울트라PC 15U50P-GR36K,15.6인치,1920x1080,i3-1115G,정보없음,정보없음,인텔,3.0GHz,내장그래픽,UHD Graphics,1,256GB,51Wh,1.8kg,윈도우10,['사무/인강용']
LG전자,2021 울트라PC,13UD70P-GX50K,8GB,LG전자 2021 울트라PC 13UD70P-GX50K,13.3인치,1920x1080,4500U,정보없음,정보없음,AMD,2.3GHz,내장그래픽,Radeon Graphics,1,256GB,51Wh,980g,정보없음,"['사무/인강용', '휴대용']"
LG전자,2021 울트라PC,15U50P-GR56K,32GB,LG전자 2021 울트라PC 15U50P-GR56K 32GB램,15.6인치,1920x1080,i5-1135G,정보없음,정보없음,인텔,2.4GHz,내장그래픽,Iris Xe,1,256GB,51Wh,1.8kg,윈도우10,['사무/인강용']
LG전자,2021 울트라PC,15UD50P-GX30K,16GB,LG전자 2021 울트라PC 15UD50P-GX30K 16GB램,15.6인치,1920x1080,i3-1115G,정보없음,정보없음,인텔,3.0GHz,내장그래픽,UHD Graphics,1,128GB,51Wh,1.8kg,정보없음,['사무/인강용']
LG전자,2021 울트라PC,15UD50P-GX50K,8GB,LG전자 2021 울트라PC 15UD50P-GX50K WIN11,15.6인치,1920x1080,i5-1135G,정보없음,정보없음,인텔,2.4GHz,내장그래픽,Iris Xe,1,256GB,51Wh,1.8kg,윈도우11(설치),['사무/인강용']
LG전자,2021 울트라PC,15U50P-GR36K,16GB,LG전자 2021 울트라PC 15U50P-GR36K 16GB램,15.6인치,1920x1080,i3-1115G,정보없음,정보없음,인텔,3.0GHz,내장그래픽,UHD Graphics,1,256GB,51Wh,1.8kg,윈도우10,['사무/인강용']
LG전자,2021 울트라PC,15U50P-GR5SK,16GB,LG전자 2021 울트라PC 15U50P-GR5SK 16GB램,15.6인치,1920x1080,i5-1135G,정보없음,정보없음,인텔,2.4GHz,내장그래픽,Iris Xe,1,256GB,52Wh,1.8kg,윈도우11홈,['사무/인강용']
LG전자,2021 울트라PC,15UD50P-GX3YK,16GB,LG전자 2021 울트라PC 15UD50P-GX3YK 16GB램,15.6인치,1920x1080,i3-1115G,정보없음,정보없음,인텔,3.0GHz,내장그래픽,UHD Graphics,1,512GB,51Wh,1.8kg,정보없음,['사무/인강용']
LG전자,2021 울트라PC,15UD50P-GX3YK,8GB,LG전자 2021 울트라PC 15UD50P-GX3YK,15.6인치,1920x1080,i3-1115G,정보없음,정보없음,인텔,3.0GHz,내장그래픽,UHD Graphics,1,512GB,51Wh,1.8kg,정보없음,['사무/인강용']
LG전자,2021 울트라PC,13U70P-GR30K,8GB,LG전자 2021 울트라PC 13U70P-GR30K,13.3인치,1920x1080,4300U,정보없음,정보없음,AMD,2.7GHz,내장그래픽,Radeon Graphics,1,256GB,51Wh,980g,윈도우10,"['사무/인강용', '휴대용']"
LG전자,2021 울트라PC,13U70P-GA76K,16GB,LG전자 2021 울트라PC 13U70P-GA76K,13.3인치,1920x1080,4700U,정보없음,정보없음,AMD,2.0GHz,내장그래픽,Radeon Graphics,1,256GB,51Wh,980g,윈도우10,"['사무/인강용', '휴대용']"
LG전자,2021 울트라PC,14U30P-E716K,4GB,LG전자 2021 울트라PC 14U30P-E716K,14인치,1366x768,정보없음,정보없음,정보없음,인텔,1.1GHz,내장그래픽,UHD 600,1,64GB,34Wh,1.45kg,윈도우10,['사무/인강용']
LG전자,2021 울트라PC,14U30P-E316K,4GB,LG전자 2021 울트라PC 14U30P-E316K,14인치,1366x768,정보없음,정보없음,정보없음,인텔,1.1GHz,내장그래픽,UHD 600,1,64GB,34Wh,1.45kg,윈도우10,['사무/인강용']
LG전자,2021 울트라PC,15U50P-GR3MK,4GB,LG전자 2021 울트라PC 15U50P-GR3MK,15.6인치,1920x1080,i3-1115G,정보없음,정보없음,인텔,3.0GHz,내장그래픽,UHD Graphics,1,128GB,51Wh,1.8kg,윈도우10,['사무/인강용']
LG전자,2021 울트라PC,15UD50P-GX3YK,32GB,LG전자 2021 울트라PC 15UD50P-GX3YK 32GB램,15.6인치,1920x1080,i3-1115G,정보없음,정보없음,인텔,3.0GHz,내장그래픽,UHD Graphics,1,512GB,51Wh,1.8kg,정보없음,['사무/인강용']
LG전자,2021 울트라PC,15U50P-KA70K,8GB,LG전자 2021 울트라PC 15U50P-KA70K,15.6인치,1920x1080,i7-1165G,정보없음,정보없음,인텔,2.8GHz,외장그래픽,MX450,1,256GB,51Wh,1.85kg,윈도우10,['그래픽작업용']
LG전자,2021 울트라PC,15U50P-G,4GB,LG전자 2021 울트라PC 15U50P-G.AR31K,15.6인치,1920x1080,i3-1115G,정보없음,정보없음,인텔,3.0GHz,내장그래픽,UHD Graphics,1,256GB,51Wh,1.8kg,윈도우10,['사무/인강용']
LG전자,2021 울트라PC,13U70P-GR56K,8GB,LG전자 2021 울트라PC 13U70P-GR56K,13.3인치,1920x1080,4500U,정보없음,정보없음,AMD,2.3GHz,내장그래픽,Radeon Graphics,1,256GB,51Wh,980g,윈도우10,"['사무/인강용', '휴대용']"
LG전자,2021 울트라PC,15UD50P-GX50K,32GB,LG전자 2021 울트라PC 15UD50P-GX50K WIN11 32GB램,15.6인치,1920x1080,i5-1135G,정보없음,정보없음,인텔,2.4GHz,내장그래픽,Iris Xe,1,256GB,51Wh,1.8kg,윈도우11(설치),['사무/인강용']
LG전자,2021 울트라PC,15U50P-GR5SK,8GB,LG전자 2021 울트라PC 15U50P-GR5SK,15.6인치,1920x1080,i5-1135G,정보없음,정보없음,인텔,2.4GHz,내장그래픽,Iris Xe,1,256GB,52Wh,1.8kg,윈도우11홈,['사무/인강용']
LG전자,2021 울트라PC,15UD50P-GX3WK,16GB,LG전자 2021 울트라PC 15UD50P-GX3WK 16GB램,15.6인치,1920x1080,i3-1115G,정보없음,정보없음,인텔,3.0GHz,내장그래픽,UHD Graphics,1,256GB,51Wh,1.8kg,정보없음,['사무/인강용']
LG전자,2021 울트라PC,15U50P-KR56K,8GB,LG전자 2021 울트라PC 15U50P-KR56K,15.6인치,1920x1080,i5-1135G,정보없음,정보없음,인텔,2.4GHz,외장그래픽,MX450,1,256GB,51Wh,1.85kg,윈도우10,['그래픽작업용']
LG전자,2021 울트라PC,15U50P-GP50ML,8GB,LG전자 2021 울트라PC 15U50P-GP50ML,15.6인치,1920x1080,i5-1135G,정보없음,정보없음,인텔,2.4GHz,내장그래픽,Iris Xe,1,256GB,52Wh,1.8kg,윈도우10,['사무/인강용']
LG전자,2021 울트라PC,15U50P-GR3WK,8GB,LG전자 2021 울트라PC 15U50P-GR3WK,15.6인치,1920x1080,i3-1115G,정보없음,정보없음,인텔,3.0GHz,내장그래픽,UHD Graphics,1,128GB,51Wh,1.8kg,윈도우10,['사무/인강용']
LG전자,2021 울트라PC,15U50P-GR3WK,16GB,LG전자 2021 울트라PC 15U50P-GR3WK 16GB램,15.6인치,1920x1080,i3-1115G,정보없음,정보없음,인텔,3.0GHz,내장그래픽,UHD Graphics,1,128GB,51Wh,1.8kg,윈도우10,['사무/인강용']
LG전자,2021 울트라PC,15UD50P-GX30K,32GB,LG전자 2021 울트라PC 15UD50P-GX30K 32GB램,15.6인치,1920x1080,i3-1115G,정보없음,정보없음,인텔,3.0GHz,내장그래픽,UHD Graphics,1,128GB,51Wh,1.8kg,정보없음,['사무/인강용']
LG전자,2021 울트라PC,15UD50P-GX50K,32GB,LG전자 2021 울트라PC 15UD50P-GX50K 32GB램,15.6인치,1920x1080,i5-1135G,정보없음,정보없음,인텔,2.4GHz,내장그래픽,Iris Xe,1,256GB,51Wh,1.8kg,정보없음,['사무/인강용']
LG전자,2021 울트라PC,15UG50P-GP55KN,32GB,LG전자 2021 울트라PC 15UG50P-GP55KN 32GB램,15.6인치,1920x1080,i5-1135G,정보없음,정보없음,인텔,2.4GHz,내장그래픽,UHD Graphics,1,512GB,51Wh,1.8kg,윈도우10,['그래픽작업용']
LG전자,2021 울트라기어,17U70P-PA7SK,8GB,LG전자 2021 울트라기어 17U70P-PA7SK,17인치,2560x1600,i7-1165G,정보없음,정보없음,인텔,2.8GHz,외장그래픽,GTX1650 Ti,1,256GB,72Wh,1.95kg,윈도우11홈,"['게임용', '그래픽작업용']"
LG전자,2021 울트라기어,17U70P-FA76K,8GB,LG전자 2021 울트라기어 17U70P-FA76K,17인치,2560x1600,i7-1165G,정보없음,정보없음,인텔,2.8GHz,외장그래픽,GTX1650 Ti,1,256GB,80Wh,1.95kg,윈도우10,"['게임용', '그래픽작업용']"
LG전자,2021 울트라기어,15U70P-FA76K,16GB,LG전자 2021 울트라기어 15U70P-FA76K 16GB램,15.6인치,1920x1080,i7-1165G,정보없음,정보없음,인텔,2.8GHz,외장그래픽,GTX1650 Ti,1,256GB,80Wh,1.85kg,윈도우10,"['게임용', '그래픽작업용']"
LG전자,2021 울트라기어,17U70P-FA56K,8GB,LG전자 2021 울트라기어 17U70P-FA56K,17인치,2560x1600,i5-1135G,정보없음,정보없음,인텔,2.4GHz,외장그래픽,GTX1650 Ti,1,256GB,80Wh,1.95kg,윈도우10,"['게임용', '그래픽작업용']"
LG전자,2022 그램14,14ZD95P-GX56K,16GB,LG전자 2022 그램14 14ZD95P-GX56K,14인치,1920x1200,i5-1155G,정보없음,정보없음,인텔,2.5GHz,내장그래픽,Iris Xe,1,256GB,72Wh,999g,정보없음,"['사무/인강용', '휴대용']"
LG전자,2022 그램14,14ZD95P-GX50K,8GB,LG전자 2022 그램14 14ZD95P-GX50K,14인치,1920x1200,i5-1155G,정보없음,정보없음,인텔,2.5GHz,내장그래픽,Iris Xe,1,256GB,72Wh,999g,정보없음,"['사무/인강용', '휴대용']"
LG전자,2022 그램14,14ZD95P-GX50K,8GB,LG전자 2022 그램14 14ZD95P-GX50K WIN11,14인치,1920x1200,i5-1155G,정보없음,정보없음,인텔,2.5GHz,내장그래픽,Iris Xe,1,256GB,72Wh,999g,윈도우11(설치),"['사무/인강용', '휴대용']"
LG전자,2022 그램14(12세대),14ZD90Q-GX56K,16GB,LG전자 2022 그램14(12세대) 14ZD90Q-GX56K,14인치,1920x1200,i5-1240P,정보없음,정보없음,인텔,1.7GHz,내장그래픽,Iris Xe,1,256GB,72Wh,999g,정보없음,"['사무/인강용', '휴대용']"
LG전자,2022 그램14(12세대),14ZD90Q-GX56K,16GB,LG전자 2022 그램14(12세대) 14ZD90Q-GX56K WIN11,14인치,1920x1200,i5-1240P,정보없음,정보없음,인텔,1.7GHz,내장그래픽,Iris Xe,1,256GB,72Wh,999g,윈도우11(설치),"['사무/인강용', '휴대용']"
LG전자,2022 그램14(12세대),14ZD90Q-GX50K,8GB,LG전자 2022 그램14(12세대) 14ZD90Q-GX50K,14인치,1920x1200,i5-1240P,정보없음,정보없음,인텔,1.7GHz,내장그래픽,Iris Xe,1,256GB,72Wh,999g,정보없음,"['사무/인강용', '휴대용']"
LG전자,2022 그램14(12세대),14Z90Q-GA56K,16GB,LG전자 2022 그램14(12세대) 14Z90Q-GA56K,14인치,1920x1200,i5-1240P,정보없음,정보없음,인텔,1.7GHz,내장그래픽,Iris Xe,1,256GB,72Wh,999g,윈도우11홈,"['사무/인강용', '휴대용']"
LG전자,2022 그램14(12세대),14ZD90Q-GX50K,8GB,LG전자 2022 그램14(12세대) 14ZD90Q-GX50K WIN11,14인치,1920x1200,i5-1240P,정보없음,정보없음,인텔,1.7GHz,내장그래픽,Iris Xe,1,256GB,72Wh,999g,윈도우11(설치),"['사무/인강용', '휴대용']"
LG전자,2022 그램14(12세대),14Z90Q-GA5LK,16GB,LG전자 2022 그램14(12세대) 14Z90Q-GA5LK,14인치,1920x1200,i5-1240P,정보없음,정보없음,인텔,1.7GHz,내장그래픽,Iris Xe,1,256GB,72Wh,999g,윈도우11홈,"['사무/인강용', '휴대용']"
LG전자,2022 그램14(12세대),14ZD90Q-GX56K,16GB,LG전자 2022 그램14(12세대) 14ZD90Q-GX56K WIN10,14인치,1920x1200,i5-1240P,정보없음,정보없음,인텔,1.7GHz,내장그래픽,Iris Xe,1,256GB,72Wh,999g,윈도우10(설치),"['사무/인강용', '휴대용']"
LG전자,2022 그램14(12세대),14ZD90Q-GX50K,8GB,LG전자 2022 그램14(12세대) 14ZD90Q-GX50K WIN10,14인치,1920x1200,i5-1240P,정보없음,정보없음,인텔,1.7GHz,내장그래픽,Iris Xe,1,256GB,72Wh,999g,윈도우10(설치),"['사무/인강용', '휴대용']"
LG전자,2022 그램14(12세대),14ZD90Q-GX30K,8GB,LG전자 2022 그램14(12세대) 14ZD90Q-GX30K,14인치,1920x1200,i3-1220P,정보없음,정보없음,인텔,1.5GHz,내장그래픽,UHD Graphics,1,256GB,72Wh,999g,정보없음,"['사무/인강용', '휴대용']"
LG전자,2022 그램14(12세대),14Z90Q-GR50K,8GB,LG전자 2022 그램14(12세대) 14Z90Q-GR50K,14인치,1920x1200,i5-1240P,정보없음,정보없음,인텔,1.7GHz,내장그래픽,Iris Xe,1,256GB,72Wh,999g,윈도우11홈,"['사무/인강용', '휴대용']"
LG전자,2022 그램14(12세대),14ZD90Q-GX30K,8GB,LG전자 2022 그램14(12세대) 14ZD90Q-GX30K WIN11,14인치,1920x1200,i3-1220P,정보없음,정보없음,인텔,1.5GHz,내장그래픽,UHD Graphics,1,256GB,72Wh,999g,윈도우11(설치),"['사무/인강용', '휴대용']"
LG전자,2022 그램15,15ZD95P-GX56K,16GB,LG전자 2022 그램15 15ZD95P-GX56K,15.6인치,1920x1080,i5-1155G,정보없음,정보없음,인텔,2.5GHz,내장그래픽,Iris Xe,1,256GB,80Wh,1.12kg,정보없음,"['사무/인강용', '휴대용']"
LG전자,2022 그램15,15Z95P-GR50K,8GB,LG전자 2022 그램15 15Z95P-GR50K,15.6인치,1920x1080,i5-1155G,정보없음,정보없음,인텔,2.5GHz,내장그래픽,Iris Xe,1,256GB,80Wh,1.12kg,윈도우11홈,"['사무/인강용', '휴대용']"
LG전자,2022 그램15,15ZD95P-GX50K,8GB,LG전자 2022 그램15 15ZD95P-GX50K,15.6인치,1920x1080,i5-1155G,정보없음,정보없음,인텔,2.5GHz,내장그래픽,Iris Xe,1,256GB,80Wh,1.12kg,정보없음,"['사무/인강용', '휴대용']"
LG전자,2022 그램15,15ZD95P-GX5LK,16GB,LG전자 2022 그램15 15ZD95P-GX5LK,15.6인치,1920x1080,i5-1155G,정보없음,정보없음,인텔,2.5GHz,내장그래픽,Iris Xe,1,256GB,80Wh,1.12kg,정보없음,"['사무/인강용', '휴대용']"
LG전자,2022 그램15,15ZD95P-GX5BK,8GB,LG전자 2022 그램15 15ZD95P-GX5BK,15.6인치,1920x1080,i5-1155G,정보없음,정보없음,인텔,2.5GHz,내장그래픽,Iris Xe,1,256GB,80Wh,1.12kg,정보없음,"['사무/인강용', '휴대용']"
LG전자,2022 그램15,15Z95P-GA76K,16GB,LG전자 2022 그램15 15Z95P-GA76K,15.6인치,1920x1080,i7-1195G,정보없음,정보없음,인텔,2.9GHz,내장그래픽,Iris Xe,1,512GB,80Wh,1.12kg,윈도우11홈,"['사무/인강용', '휴대용']"
LG전자,2022 그램15,15ZD95P-GX56K,16GB,LG전자 2022 그램15 15ZD95P-GX56K WIN10,15.6인치,1920x1080,i5-1155G,정보없음,정보없음,인텔,2.5GHz,내장그래픽,Iris Xe,1,256GB,80Wh,1.12kg,윈도우10(설치),"['사무/인강용', '휴대용']"
LG전자,2022 그램15(12세대),15ZD95Q-GX56K,정보없음,LG전자 2022 그램15(12세대) 15ZD95Q-GX56K,15.6인치,1920x1080,i5-1235U,350nit,정보없음,인텔,1.3GHz,내장그래픽,Iris Xe,1,정보없음,정보없음,1.14kg,정보없음,[]
LG전자,2022 그램15(12세대),15ZD95Q-GX56K,16GB,LG전자 2022 그램15(12세대) 15ZD95Q-GX56K WIN11,15.6인치,1920x1080,i5-1235U,350nit,정보없음,인텔,1.3GHz,내장그래픽,Iris Xe,1,256GB,80Wh,1.14kg,윈도우11(설치),"['사무/인강용', '휴대용']"
LG전자,2022 그램15(12세대),15ZD90Q-GX76K,16GB,LG전자 2022 그램15(12세대) 15ZD90Q-GX76K,15.6인치,1920x1080,i7-1260P,350nit,정보없음,인텔,2.1GHz,내장그래픽,Iris Xe,1,256GB,80Wh,1.14kg,정보없음,"['사무/인강용', '휴대용']"
LG전자,2022 그램15(12세대),15Z90Q-GA76K,16GB,LG전자 2022 그램15(12세대) 15Z90Q-GA76K,15.6인치,1920x1080,i7-1260P,350nit,정보없음,인텔,2.1GHz,내장그래픽,Iris Xe,1,512GB,80Wh,1.14kg,윈도우11홈,"['사무/인강용', '휴대용']"
LG전자,2022 그램15(12세대),15ZD90Q-GX56K,16GB,LG전자 2022 그램15(12세대) 15ZD90Q-GX56K,15.6인치,1920x1080,i5-1240P,350nit,정보없음,인텔,1.7GHz,내장그래픽,Iris Xe,1,256GB,80Wh,1.14kg,정보없음,"['사무/인강용', '휴대용']"
LG전자,2022 그램15(12세대),15ZD90Q-GX76K,16GB,LG전자 2022 그램15(12세대) 15ZD90Q-GX76K WIN11,15.6인치,1920x1080,i7-1260P,350nit,정보없음,인텔,2.1GHz,내장그래픽,Iris Xe,1,256GB,80Wh,1.14kg,윈도우11(설치),"['사무/인강용', '휴대용']"
LG전자,2022 그램15(12세대),15ZD90Q-GX30K,8GB,LG전자 2022 그램15(12세대) 15ZD90Q-GX30K,15.6인치,1920x1080,i3-1220P,350nit,정보없음,인텔,1.5GHz,내장그래픽,UHD Graphics,1,256GB,80Wh,1.14kg,정보없음,"['사무/인강용', '휴대용']"
LG전자,2022 그램15(12세대),15Z90Q-GA56K,16GB,LG전자 2022 그램15(12세대) 15Z90Q-GA56K,15.6인치,1920x1080,i5-1240P,350nit,정보없음,인텔,1.7GHz,내장그래픽,Iris Xe,1,512GB,80Wh,1.14kg,윈도우11홈,"['사무/인강용', '휴대용']"
LG전자,2022 그램15(12세대),15Z90Q-GAFWK,16GB,LG전자 2022 그램15(12세대) 15Z90Q-GAFWK,15.6인치,1920x1080,i5-1240P,350nit,정보없음,인텔,1.7GHz,내장그래픽,Iris Xe,1,256GB,80Wh,1.14kg,윈도우11홈,"['사무/인강용', '휴대용']"
LG전자,2022 그램15(12세대),15ZD95Q-GX76K,16GB,LG전자 2022 그램15(12세대) 15ZD95Q-GX76K,15.6인치,1920x1080,i7-1255U,350nit,정보없음,인텔,1.7GHz,내장그래픽,Iris Xe,1,256GB,80Wh,1.14kg,정보없음,"['사무/인강용', '휴대용']"
LG전자,2022 그램15(12세대),15ZD90Q-GX56K,16GB,LG전자 2022 그램15(12세대) 15ZD90Q-GX56K WIN11,15.6인치,1920x1080,i5-1240P,350nit,정보없음,인텔,1.7GHz,내장그래픽,Iris Xe,1,256GB,80Wh,1.14kg,윈도우11(설치),"['사무/인강용', '휴대용']"
LG전자,2022 그램15(12세대),15Z90Q-G,16GB,LG전자 2022 그램15(12세대) 15Z90Q-G.AA5NK,15.6인치,1920x1080,i5-1240P,350nit,정보없음,인텔,1.7GHz,내장그래픽,Iris Xe,1,256GB,80Wh,1.14kg,윈도우11홈,"['사무/인강용', '휴대용']"
LG전자,2022 그램15(12세대),15ZD95Q-GX56K,16GB,LG전자 2022 그램15(12세대) 15ZD95Q-GX56K WIN10,15.6인치,1920x1080,i5-1235U,350nit,정보없음,인텔,1.3GHz,내장그래픽,Iris Xe,1,256GB,80Wh,1.14kg,윈도우10(설치),"['사무/인강용', '휴대용']"
LG전자,2022 그램15(12세대),15Z90Q-GA5LK,16GB,LG전자 2022 그램15(12세대) 15Z90Q-GA5LK,15.6인치,1920x1080,i5-1240P,350nit,정보없음,인텔,1.7GHz,내장그래픽,Iris Xe,1,256GB,80Wh,1.14kg,윈도우11홈,"['사무/인강용', '휴대용']"
LG전자,2022 그램15(12세대),15ZD90Q-GX76K,16GB,LG전자 2022 그램15(12세대) 15ZD90Q-GX76K WIN10,15.6인치,1920x1080,i7-1260P,350nit,정보없음,인텔,2.1GHz,내장그래픽,Iris Xe,1,256GB,80Wh,1.14kg,윈도우10(설치),"['사무/인강용', '휴대용']"
LG전자,2022 그램15(12세대),15ZD95Q-GX76K,16GB,LG전자 2022 그램15(12세대) 15ZD95Q-GX76K WIN11,15.6인치,1920x1080,i7-1255U,350nit,정보없음,인텔,1.7GHz,내장그래픽,Iris Xe,1,256GB,80Wh,1.14kg,윈도우11(설치),"['사무/인강용', '휴대용']"
LG전자,2022 그램15(12세대),15ZB90Q-GP76ML,16GB,LG전자 2022 그램15(12세대) 15ZB90Q-GP76ML,15.6인치,1920x1080,i7-1260P,350nit,정보없음,인텔,2.1GHz,내장그래픽,Iris Xe,1,256GB,80Wh,1.14kg,윈도우11프로,"['사무/인강용', '휴대용']"
LG전자,2022 그램15(12세대),15ZB90Q-GP7GL,32GB,LG전자 2022 그램15(12세대) 15ZB90Q-GP7GL,15.6인치,1920x1080,i7-1260P,정보없음,정보없음,인텔,2.1GHz,내장그래픽,Iris Xe,1,256GB,80Wh,1.14kg,윈도우11프로,"['사무/인강용', '휴대용']"
LG전자,2022 그램15(12세대),15ZD90Q-GX30K,8GB,LG전자 2022 그램15(12세대) 15ZD90Q-GX30K WIN11,15.6인치,1920x1080,i3-1220P,350nit,정보없음,인텔,1.5GHz,내장그래픽,UHD Graphics,1,256GB,80Wh,1.14kg,윈도우11(설치),"['사무/인강용', '휴대용']"
LG전자,2022 그램15(12세대),15ZD90Q-GX56K,16GB,LG전자 2022 그램15(12세대) 15ZD90Q-GX56K WIN10,15.6인치,1920x1080,i5-1240P,350nit,정보없음,인텔,1.7GHz,내장그래픽,Iris Xe,1,256GB,80Wh,1.14kg,윈도우10(설치),"['사무/인강용', '휴대용']"
LG전자,2022 그램16,16Z95P-GA76K,16GB,LG전자 2022 그램16 16Z95P-GA76K,16인치,2560x1600,i7-1195G,정보없음,정보없음,인텔,2.9GHz,내장그래픽,Iris Xe,1,512GB,80Wh,1.19kg,윈도우11홈,"['사무/인강용', '휴대용']"
LG전자,2022 그램16,16ZD95P-GX56K,16GB,LG전자 2022 그램16 16ZD95P-GX56K,16인치,2560x1600,i5-1155G,정보없음,정보없음,인텔,2.5GHz,내장그래픽,Iris Xe,1,256GB,80Wh,1.19kg,정보없음,"['사무/인강용', '휴대용']"
LG전자,2022 그램16,16ZD95P-GX56K,16GB,LG전자 2022 그램16 16ZD95P-GX56K WIN11,16인치,2560x1600,i5-1155G,정보없음,정보없음,인텔,2.5GHz,내장그래픽,Iris Xe,1,256GB,80Wh,1.19kg,윈도우11(설치),"['사무/인강용', '휴대용']"
LG전자,2022 그램16,16ZD95P-GX56K,16GB,LG전자 2022 그램16 16ZD95P-GX56K WIN10,16인치,2560x1600,i5-1155G,정보없음,정보없음,인텔,2.5GHz,내장그래픽,Iris Xe,1,256GB,80Wh,1.19kg,윈도우10(설치),"['사무/인강용', '휴대용']"
LG전자,2022 그램16,16Z95P-GA56K,16GB,LG전자 2022 그램16 16Z95P-GA56K,16인치,2560x1600,i5-1155G,정보없음,정보없음,인텔,2.5GHz,내장그래픽,Iris Xe,1,512GB,80Wh,1.19kg,윈도우11홈,"['사무/인강용', '휴대용']"
LG전자,2022 그램16,16ZD95P-GX5LK,16GB,LG전자 2022 그램16 16ZD95P-GX5LK,16인치,2560x1600,i5-1155G,정보없음,정보없음,인텔,2.5GHz,내장그래픽,Iris Xe,1,256GB,80Wh,1.19kg,정보없음,"['사무/인강용', '휴대용']"
LG전자,2022 그램16,16ZD95P-GX50K,8GB,LG전자 2022 그램16 16ZD95P-GX50K,16인치,2560x1600,i5-1155G,정보없음,정보없음,인텔,2.5GHz,내장그래픽,Iris Xe,1,256GB,80Wh,1.19kg,정보없음,"['사무/인강용', '휴대용']"
LG전자,2022 그램16,16Z95P-GR50K,8GB,LG전자 2022 그램16 16Z95P-GR50K,16인치,2560x1600,i5-1155G,정보없음,정보없음,인텔,2.5GHz,내장그래픽,Iris Xe,1,256GB,80Wh,1.19kg,윈도우11홈,"['사무/인강용', '휴대용']"
LG전자,2022 그램16,16Z95P-GA7WK,16GB,LG전자 2022 그램16 16Z95P-GA7WK,16인치,2560x1600,i7-1195G,정보없음,정보없음,인텔,2.9GHz,내장그래픽,Iris Xe,1,256GB,80Wh,1.19kg,윈도우11홈,"['사무/인강용', '휴대용']"
LG전자,2022 그램16,16Z95P-GA5LK,16GB,LG전자 2022 그램16 16Z95P-GA5LK,16인치,2560x1600,i5-1155G,정보없음,정보없음,인텔,2.5GHz,내장그래픽,Iris Xe,1,256GB,80Wh,1.19kg,윈도우11홈,"['사무/인강용', '휴대용']"
LG전자,2022 그램16,16ZD95P-GX5BK,8GB,LG전자 2022 그램16 16ZD95P-GX5BK,16인치,2560x1600,i5-1155G,정보없음,정보없음,인텔,2.5GHz,내장그래픽,Iris Xe,1,256GB,80Wh,1.19kg,정보없음,"['사무/인강용', '휴대용']"
LG전자,2022 그램16,16ZD95P-GX76K,16GB,LG전자 2022 그램16 16ZD95P-GX76K,16인치,2560x1600,i7-1195G,정보없음,정보없음,인텔,2.9GHz,내장그래픽,Iris Xe,1,256GB,80Wh,1.19kg,정보없음,"['사무/인강용', '휴대용']"
LG전자,2022 그램16,16Z95P-GA70K,8GB,LG전자 2022 그램16 16Z95P-GA70K,16인치,2560x1600,i7-1195G,정보없음,정보없음,인텔,2.9GHz,내장그래픽,Iris Xe,1,256GB,80Wh,1.19kg,윈도우11홈,"['사무/인강용', '휴대용']"
LG전자,2022 그램16,16Z95P-GR5JK,8GB,LG전자 2022 그램16 16Z95P-GR5JK,16인치,2560x1600,i5-1155G,정보없음,정보없음,인텔,2.5GHz,내장그래픽,Iris Xe,1,256GB,80Wh,1.19kg,윈도우11홈,"['사무/인강용', '휴대용']"
LG전자,2022 그램16,16Z95P-GA5WK,16GB,LG전자 2022 그램16 16Z95P-GA5WK,16인치,2560x1600,i5-1155G,정보없음,정보없음,인텔,2.5GHz,내장그래픽,Iris Xe,1,256GB,80Wh,1.19kg,윈도우11홈,"['사무/인강용', '휴대용']"
LG전자,2022 그램16,16Z95P-GR5BK,8GB,LG전자 2022 그램16 16Z95P-GR5BK,16인치,2560x1600,i5-1155G,정보없음,정보없음,인텔,2.5GHz,내장그래픽,Iris Xe,1,256GB,80Wh,1.19kg,윈도우11홈,"['사무/인강용', '휴대용']"
LG전자,2022 그램16,16Z95P-GP7NL,32GB,LG전자 2022 그램16 16Z95P-GP7NL,16인치,2560x1600,i7-1195G,정보없음,정보없음,인텔,2.9GHz,내장그래픽,Iris Xe,1,512GB,80Wh,1.19kg,윈도우10,"['사무/인강용', '휴대용']"
LG전자,2022 그램16(12세대),16ZD95Q-GX56K,정보없음,LG전자 2022 그램16(12세대) 16ZD95Q-GX56K,16인치,2560x1600,i5-1235U,350nit,정보없음,인텔,1.3GHz,내장그래픽,Iris Xe,1,정보없음,정보없음,1.199kg,정보없음,[]
LG전자,2022 그램16(12세대),16Z90Q-GAFWK,16GB,LG전자 2022 그램16(12세대) 16Z90Q-GAFWK,16인치,2560x1600,i5-1240P,350nit,정보없음,인텔,1.7GHz,내장그래픽,Iris Xe,1,256GB,80Wh,1.19kg,윈도우11홈,"['사무/인강용', '휴대용']"
LG전자,2022 그램16(12세대),16ZD90Q-EX56K,16GB,LG전자 2022 그램16(12세대) 16ZD90Q-EX56K,16인치,2560x1600,i5-1240P,350nit,정보없음,인텔,1.7GHz,외장그래픽,RTX2050,1,256GB,90Wh,1.285kg,정보없음,"['그래픽작업용', '휴대용']"
LG전자,2022 그램16(12세대),16ZD95Q-GX56K,16GB,LG전자 2022 그램16(12세대) 16ZD95Q-GX56K WIN11,16인치,2560x1600,i5-1235U,350nit,정보없음,인텔,1.3GHz,내장그래픽,Iris Xe,1,256GB,80Wh,1.199kg,윈도우11(설치),"['사무/인강용', '휴대용']"
LG전자,2022 그램16(12세대),16Z90Q-GA5WK,16GB,LG전자 2022 그램16(12세대) 16Z90Q-GA5WK,16인치,2560x1600,i5-1240P,350nit,정보없음,인텔,1.7GHz,내장그래픽,Iris Xe,1,256GB,80Wh,1.199kg,윈도우11홈,"['사무/인강용', '휴대용']"
LG전자,2022 그램16(12세대),16ZD90Q-GX56K,16GB,LG전자 2022 그램16(12세대) 16ZD90Q-GX56K,16인치,2560x1600,i5-1240P,350nit,정보없음,인텔,1.7GHz,내장그래픽,Iris Xe,1,256GB,80Wh,1.199kg,정보없음,"['사무/인강용', '휴대용']"
LG전자,2022 그램16(12세대),16ZD90Q-GX36K,16GB,LG전자 2022 그램16(12세대) 16ZD90Q-GX36K,16인치,2560x1600,i3-1220P,350nit,정보없음,인텔,1.5GHz,내장그래픽,UHD Graphics,1,256GB,80Wh,1.199kg,정보없음,"['사무/인강용', '휴대용']"
LG전자,2022 그램16(12세대),16Z90Q-GA76K,16GB,LG전자 2022 그램16(12세대) 16Z90Q-GA76K,16인치,2560x1600,i7-1260P,350nit,정보없음,인텔,2.1GHz,내장그래픽,Iris Xe,1,512GB,80Wh,1.199kg,윈도우11홈,"['사무/인강용', '휴대용']"
LG전자,2022 그램16(12세대),16Z90Q-GA56K,16GB,LG전자 2022 그램16(12세대) 16Z90Q-GA56K,16인치,2560x1600,i5-1240P,350nit,정보없음,인텔,1.7GHz,내장그래픽,Iris Xe,1,512GB,80Wh,1.199kg,윈도우11홈,"['사무/인강용', '휴대용']"
LG전자,2022 그램16(12세대),16ZD90Q-GX50K,8GB,LG전자 2022 그램16(12세대) 16ZD90Q-GX50K,16인치,2560x1600,i5-1240P,350nit,정보없음,인텔,1.7GHz,내장그래픽,Iris Xe,1,256GB,80Wh,1.199kg,정보없음,"['사무/인강용', '휴대용']"
LG전자,2022 그램16(12세대),16ZD90Q-GX56K,16GB,LG전자 2022 그램16(12세대) 16ZD90Q-GX56K WIN11,16인치,2560x1600,i5-1240P,350nit,정보없음,인텔,1.7GHz,내장그래픽,Iris Xe,1,256GB,80Wh,1.199kg,윈도우11(설치),"['사무/인강용', '휴대용']"
LG전자,2022 그램16(12세대),16ZD90Q-GX76K,16GB,LG전자 2022 그램16(12세대) 16ZD90Q-GX76K,16인치,2560x1600,i7-1260P,350nit,정보없음,인텔,2.1GHz,내장그래픽,Iris Xe,1,256GB,80Wh,1.199kg,정보없음,"['사무/인강용', '휴대용']"
LG전자,2022 그램16(12세대),16ZD90Q-SX76K,16GB,LG전자 2022 그램16(12세대) 16ZD90Q-SX76K,16인치,2560x1600,i7-1260P,정보없음,정보없음,인텔,2.1GHz,외장그래픽,MX570,1,256GB,90Wh,1.285kg,정보없음,"['그래픽작업용', '휴대용']"
LG전자,2022 그램16(12세대),16ZD90Q-GX5LK,16GB,LG전자 2022 그램16(12세대) 16ZD90Q-GX5LK,16인치,2560x1600,i5-1240P,350nit,정보없음,인텔,1.7GHz,내장그래픽,Iris Xe,1,256GB,80Wh,1.199kg,정보없음,"['사무/인강용', '휴대용']"
LG전자,2022 그램16(12세대),16ZD95Q-GX56K,16GB,LG전자 2022 그램16(12세대) 16ZD95Q-GX56K WIN10,16인치,2560x1600,i5-1235U,350nit,정보없음,인텔,1.3GHz,내장그래픽,Iris Xe,1,256GB,80Wh,1.199kg,윈도우10(설치),"['사무/인강용', '휴대용']"
LG전자,2022 그램16(12세대),16Z90Q-GR50K,8GB,LG전자 2022 그램16(12세대) 16Z90Q-GR50K,16인치,2560x1600,i5-1240P,350nit,정보없음,인텔,1.7GHz,내장그래픽,Iris Xe,1,256GB,80Wh,1.199kg,윈도우11홈,"['사무/인강용', '휴대용']"
LG전자,2022 그램16(12세대),16ZD90Q-GX76K,16GB,LG전자 2022 그램16(12세대) 16ZD90Q-GX76K WIN11,16인치,2560x1600,i7-1260P,350nit,정보없음,인텔,2.1GHz,내장그래픽,Iris Xe,1,256GB,80Wh,1.199kg,윈도우11(설치),"['사무/인강용', '휴대용']"
LG전자,2022 그램16(12세대),16ZD90Q-GX30K,8GB,LG전자 2022 그램16(12세대) 16ZD90Q-GX30K,16인치,2560x1600,i3-1220P,350nit,정보없음,인텔,1.5GHz,내장그래픽,UHD Graphics,1,256GB,80Wh,1.199kg,정보없음,"['사무/인강용', '휴대용']"
LG전자,2022 그램16(12세대),16ZD90Q-EX76K,16GB,LG전자 2022 그램16(12세대) 16ZD90Q-EX76K,16인치,2560x1600,i7-1260P,350nit,정보없음,인텔,2.1GHz,외장그래픽,RTX2050,1,256GB,90Wh,1.285kg,정보없음,"['그래픽작업용', '휴대용']"
LG전자,2022 그램16(12세대),16ZD90Q-GX50K,8GB,LG전자 2022 그램16(12세대) 16ZD90Q-GX50K WIN11,16인치,2560x1600,i5-1240P,350nit,정보없음,인텔,1.7GHz,내장그래픽,Iris Xe,1,256GB,80Wh,1.199kg,윈도우11(설치),"['사무/인강용', '휴대용']"
LG전자,2022 그램16(12세대),16ZD90Q-GX56K,16GB,LG전자 2022 그램16(12세대) 16ZD90Q-GX56K WIN10,16인치,2560x1600,i5-1240P,350nit,정보없음,인텔,1.7GHz,내장그래픽,Iris Xe,1,256GB,80Wh,1.199kg,윈도우10(설치),"['사무/인강용', '휴대용']"
LG전자,2022 그램16(12세대),16Z90Q-GP56ML,16GB,LG전자 2022 그램16(12세대) 16Z90Q-GP56ML,16인치,2560x1600,i5-1240P,350nit,정보없음,인텔,1.7GHz,내장그래픽,Iris Xe,1,256GB,80Wh,1.199kg,윈도우11프로,"['사무/인강용', '휴대용']"
LG전자,2022 그램16(12세대),16Z90Q-GR5JK,8GB,LG전자 2022 그램16(12세대) 16Z90Q-GR5JK,16인치,2560x1600,i5-1240P,350nit,정보없음,인텔,1.7GHz,내장그래픽,Iris Xe,1,256GB,80Wh,1.199kg,윈도우11홈,"['사무/인강용', '휴대용']"
LG전자,2022 그램16(12세대),16ZD90Q-GX36K,16GB,LG전자 2022 그램16(12세대) 16ZD90Q-GX36K WIN11,16인치,2560x1600,i3-1220P,350nit,정보없음,인텔,1.5GHz,내장그래픽,UHD Graphics,1,256GB,80Wh,1.199kg,윈도우11(설치),"['사무/인강용', '휴대용']"
LG전자,2022 그램16(12세대),16Z90Q-GA7WK,16GB,LG전자 2022 그램16(12세대) 16Z90Q-GA7WK,16인치,2560x1600,i7-1260P,350nit,정보없음,인텔,2.1GHz,내장그래픽,Iris Xe,1,256GB,80Wh,1.199kg,윈도우11홈,"['사무/인강용', '휴대용']"
LG전자,2022 그램16(12세대),16Z90Q-GR5BK,8GB,LG전자 2022 그램16(12세대) 16Z90Q-GR5BK,16인치,2560x1600,i5-1240P,350nit,정보없음,인텔,1.7GHz,내장그래픽,Iris Xe,1,256GB,80Wh,1.199kg,윈도우11홈,"['사무/인강용', '휴대용']"
LG전자,2022 그램16(12세대),16ZD90Q-EX56K,16GB,LG전자 2022 그램16(12세대) 16ZD90Q-EX56K WIN11,16인치,2560x1600,i5-1240P,350nit,정보없음,인텔,1.7GHz,외장그래픽,RTX2050,1,256GB,90Wh,1.285kg,윈도우11(설치),"['그래픽작업용', '휴대용']"
LG전자,2022 그램16(12세대),16Z90Q-EA5WK,16GB,LG전자 2022 그램16(12세대) 16Z90Q-EA5WK,16인치,2560x1600,i5-1240P,350nit,정보없음,인텔,1.7GHz,외장그래픽,RTX2050,1,256GB,90Wh,1.285kg,윈도우11홈,"['그래픽작업용', '휴대용']"
LG전자,2022 그램16(12세대),16ZD90Q-GX30K,8GB,LG전자 2022 그램16(12세대) 16ZD90Q-GX30K WIN11,16인치,2560x1600,i3-1220P,350nit,정보없음,인텔,1.5GHz,내장그래픽,UHD Graphics,1,256GB,80Wh,1.199kg,윈도우11(설치),"['사무/인강용', '휴대용']"
LG전자,2022 그램16(12세대),16Z90Q-GA5LK,16GB,LG전자 2022 그램16(12세대) 16Z90Q-GA5LK,16인치,2560x1600,i5-1240P,350nit,정보없음,인텔,1.7GHz,내장그래픽,Iris Xe,1,256GB,80Wh,1.199kg,윈도우11홈,"['사무/인강용', '휴대용']"
LG전자,2022 그램16(12세대),16Z90Q-EA7WK,16GB,LG전자 2022 그램16(12세대) 16Z90Q-EA7WK,16인치,2560x1600,i7-1260P,350nit,정보없음,인텔,2.1GHz,외장그래픽,RTX2050,1,256GB,90Wh,1.285kg,윈도우11홈,"['그래픽작업용', '휴대용']"
LG전자,2022 그램16(12세대),16Z90Q-GA5HK,16GB,LG전자 2022 그램16(12세대) 16Z90Q-GA5HK,16인치,2560x1600,i5-1240P,350nit,정보없음,인텔,1.7GHz,내장그래픽,Iris Xe,1,512GB,80Wh,1.199kg,윈도우11홈,"['사무/인강용', '휴대용']"
LG전자,2022 그램16(12세대),16ZD90Q-GX76K,16GB,LG전자 2022 그램16(12세대) 16ZD90Q-GX76K WIN10,16인치,2560x1600,i7-1260P,350nit,정보없음,인텔,2.1GHz,내장그래픽,Iris Xe,1,256GB,80Wh,1.199kg,윈도우10(설치),"['사무/인강용', '휴대용']"
LG전자,2022 그램16(12세대),16ZD90Q-SX56K,16GB,LG전자 2022 그램16(12세대) 16ZD90Q-SX56K,16인치,2560x1600,i5-1240P,정보없음,정보없음,인텔,1.7GHz,외장그래픽,MX570,1,256GB,90Wh,1.285kg,정보없음,"['그래픽작업용', '휴대용']"
LG전자,2022 그램16(12세대),16ZD90Q-GX30K,8GB,LG전자 2022 그램16(12세대) 16ZD90Q-GX30K WIN10,16인치,2560x1600,i3-1220P,350nit,정보없음,인텔,1.5GHz,내장그래픽,UHD Graphics,1,256GB,80Wh,1.199kg,윈도우10(설치),"['사무/인강용', '휴대용']"
LG전자,2022 그램16(12세대),16ZD90Q-GX5LK,16GB,LG전자 2022 그램16(12세대) 16ZD90Q-GX5LK WIN11,16인치,2560x1600,i5-1240P,350nit,정보없음,인텔,1.7GHz,내장그래픽,Iris Xe,1,256GB,80Wh,1.199kg,윈도우11(설치),"['사무/인강용', '휴대용']"
LG전자,2022 그램16(12세대),16ZD90Q-GX50K,8GB,LG전자 2022 그램16(12세대) 16ZD90Q-GX50K WIN10,16인치,2560x1600,i5-1240P,350nit,정보없음,인텔,1.7GHz,내장그래픽,Iris Xe,1,256GB,80Wh,1.199kg,윈도우10(설치),"['사무/인강용', '휴대용']"
LG전자,2022 그램16(12세대),16ZD90Q-EX76K,16GB,LG전자 2022 그램16(12세대) 16ZD90Q-EX76K WIN11,16인치,2560x1600,i7-1260P,350nit,정보없음,인텔,2.1GHz,외장그래픽,RTX2050,1,256GB,90Wh,1.285kg,윈도우11(설치),"['그래픽작업용', '휴대용']"
LG전자,2022 그램16(12세대),16ZD90Q-GX36K,16GB,LG전자 2022 그램16(12세대) 16ZD90Q-GX36K WIN10,16인치,2560x1600,i3-1220P,350nit,정보없음,인텔,1.5GHz,내장그래픽,UHD Graphics,1,256GB,80Wh,1.199kg,윈도우10(설치),"['사무/인강용', '휴대용']"
LG전자,2022 그램16(12세대),16ZD90Q-GX5LK,16GB,LG전자 2022 그램16(12세대) 16ZD90Q-GX5LK WIN10,16인치,2560x1600,i5-1240P,350nit,정보없음,인텔,1.7GHz,내장그래픽,Iris Xe,1,256GB,80Wh,1.199kg,윈도우10(설치),"['사무/인강용', '휴대용']"
LG전자,2022 그램16(12세대),16Z90Q-EASWK,16GB,LG전자 2022 그램16(12세대) 16Z90Q-EASWK,16인치,2560x1600,i7-1260P,350nit,정보없음,인텔,2.1GHz,외장그래픽,RTX2050,1,256GB,90Wh,1.285kg,윈도우11홈,"['그래픽작업용', '휴대용']"
LG전자,2022 그램17,17ZB90Q-GS5KL,16GB,LG전자 2022 그램17 17ZB90Q-GS5KL,17인치,2560x1600,i5-1240P,정보없음,정보없음,인텔,1.7GHz,내장그래픽,Iris Xe,1,256GB,80Wh,1.35kg,윈도우10,"['사무/인강용', '휴대용']"
LG전자,2022 그램17,17Z95P-GA76K,16GB,LG전자 2022 그램17 17Z95P-GA76K,17인치,2560x1600,i7-1195G,정보없음,정보없음,인텔,2.9GHz,내장그래픽,Iris Xe,1,512GB,80Wh,1.35kg,윈도우11홈,"['사무/인강용', '휴대용']"
LG전자,2022 그램17,17Z95P-GR5KK,8GB,LG전자 2022 그램17 17Z95P-GR5KK,17인치,2560x1600,i5-1155G,정보없음,정보없음,인텔,2.5GHz,내장그래픽,Iris Xe,1,256GB,80Wh,1.35kg,윈도우11홈,"['사무/인강용', '휴대용']"
LG전자,2022 그램17,17Z95P-GR5BK,8GB,LG전자 2022 그램17 17Z95P-GR5BK,17인치,2560x1600,i5-1155G,정보없음,정보없음,인텔,2.5GHz,내장그래픽,Iris Xe,1,256GB,80Wh,1.35kg,윈도우11홈,"['사무/인강용', '휴대용']"
LG전자,2022 그램17,17ZD95P-GX76K,16GB,LG전자 2022 그램17 17ZD95P-GX76K,17인치,2560x1600,i7-1195G,정보없음,정보없음,인텔,2.9GHz,내장그래픽,Iris Xe,1,256GB,80Wh,1.35kg,정보없음,"['사무/인강용', '휴대용']"
LG전자,2022 그램17,17ZD95P-GX56K,16GB,LG전자 2022 그램17 17ZD95P-GX56K,17인치,2560x1600,i5-1155G,정보없음,정보없음,인텔,2.5GHz,내장그래픽,Iris Xe,1,256GB,80Wh,1.35kg,정보없음,"['사무/인강용', '휴대용']"
LG전자,2022 그램17,17ZD95P-GX76K,16GB,LG전자 2022 그램17 17ZD95P-GX76K WIN10,17인치,2560x1600,i7-1195G,정보없음,정보없음,인텔,2.9GHz,내장그래픽,Iris Xe,1,256GB,80Wh,1.35kg,윈도우10(설치),"['사무/인강용', '휴대용']"
LG전자,2022 그램17,17Z95P-GA5LK,16GB,LG전자 2022 그램17 17Z95P-GA5LK,17인치,2560x1600,i5-1155G,정보없음,정보없음,인텔,2.5GHz,내장그래픽,Iris Xe,1,256GB,80Wh,1.35kg,윈도우11홈,"['사무/인강용', '휴대용']"
LG전자,2022 그램17,17ZD95P-GX56K,16GB,LG전자 2022 그램17 17ZD95P-GX56K WIN10,17인치,2560x1600,i5-1155G,정보없음,정보없음,인텔,2.5GHz,내장그래픽,Iris Xe,1,256GB,80Wh,1.35kg,윈도우10(설치),"['사무/인강용', '휴대용']"
LG전자,2022 그램17,17Z95P-GA56K,16GB,LG전자 2022 그램17 17Z95P-GA56K,17인치,2560x1600,i5-1155G,정보없음,정보없음,인텔,2.5GHz,내장그래픽,Iris Xe,1,512GB,80Wh,1.35kg,윈도우11홈,"['사무/인강용', '휴대용']"
LG전자,2022 그램17,17Z90Q-GS7KL,16GB,LG전자 2022 그램17 17Z90Q-GS7KL,17인치,2560x1600,i7-1260P,정보없음,정보없음,인텔,2.1GHz,내장그래픽,Iris Xe,1,512GB,80Wh,1.35kg,윈도우10,"['사무/인강용', '휴대용']"
LG전자,2022 그램17,17ZD95P-GX5LK,16GB,LG전자 2022 그램17 17ZD95P-GX5LK,17인치,2560x1600,i5-1155G,정보없음,정보없음,인텔,2.5GHz,내장그래픽,Iris Xe,1,256GB,80Wh,1.35kg,정보없음,"['사무/인강용', '휴대용']"
LG전자,2022 그램17,17ZD95P-GX76K,16GB,LG전자 2022 그램17 17ZD95P-GX76K WIN11,17인치,2560x1600,i7-1195G,정보없음,정보없음,인텔,2.9GHz,내장그래픽,Iris Xe,1,256GB,80Wh,1.35kg,윈도우11(설치),"['사무/인강용', '휴대용']"
LG전자,2022 그램17,17ZD95P-GX50K,8GB,LG전자 2022 그램17 17ZD95P-GX50K,17인치,2560x1600,i5-1155G,정보없음,정보없음,인텔,2.5GHz,내장그래픽,Iris Xe,1,256GB,80Wh,1.35kg,정보없음,"['사무/인강용', '휴대용']"
LG전자,2022 그램17,17ZD95P-GX7BK,16GB,LG전자 2022 그램17 17ZD95P-GX7BK,17인치,2560x1600,i7-1195G,정보없음,정보없음,인텔,2.9GHz,내장그래픽,Iris Xe,1,256GB,80Wh,1.35kg,정보없음,"['사무/인강용', '휴대용']"
LG전자,2022 그램17,17Z95P-GR5JK,8GB,LG전자 2022 그램17 17Z95P-GR5JK,17인치,2560x1600,i5-1155G,정보없음,정보없음,인텔,2.5GHz,내장그래픽,Iris Xe,1,256GB,80Wh,1.35kg,윈도우11홈,"['사무/인강용', '휴대용']"
LG전자,2022 그램17,17Z95P-GD79K,32GB,LG전자 2022 그램17 17Z95P-GD79K,17인치,2560x1600,i7-1195G,정보없음,정보없음,인텔,2.9GHz,내장그래픽,Iris Xe,1,256GB,80Wh,1.35kg,윈도우11홈,"['사무/인강용', '휴대용']"
LG전자,2022 그램17,17Z95P-GR50K,8GB,LG전자 2022 그램17 17Z95P-GR50K,17인치,2560x1600,i5-1155G,정보없음,정보없음,인텔,2.5GHz,내장그래픽,Iris Xe,1,256GB,80Wh,1.35kg,윈도우11홈,"['사무/인강용', '휴대용']"
LG전자,2022 그램17,17ZD95P-GX7BK,16GB,LG전자 2022 그램17 17ZD95P-GX7BK WIN10,17인치,2560x1600,i7-1195G,정보없음,정보없음,인텔,2.9GHz,내장그래픽,Iris Xe,1,256GB,80Wh,1.35kg,윈도우10(설치),"['사무/인강용', '휴대용']"
LG전자,2022 그램17,17Z95P-GA7LK,16GB,LG전자 2022 그램17 17Z95P-GA7LK,17인치,2560x1600,i7-1195G,정보없음,정보없음,인텔,2.9GHz,내장그래픽,Iris Xe,1,512GB,80Wh,1.35kg,윈도우11홈,"['사무/인강용', '휴대용']"
LG전자,2022 그램17,17Z95P-GA7BK,8GB,LG전자 2022 그램17 17Z95P-GA7BK,17인치,2560x1600,i7-1195G,정보없음,정보없음,인텔,2.9GHz,내장그래픽,Iris Xe,1,256GB,80Wh,1.35kg,윈도우11홈,"['사무/인강용', '휴대용']"
LG전자,2022 그램17,17Z95P-GA70K,8GB,LG전자 2022 그램17 17Z95P-GA70K,17인치,2560x1600,i7-1195G,정보없음,정보없음,인텔,2.9GHz,내장그래픽,Iris Xe,1,256GB,80Wh,1.35kg,윈도우11홈,"['사무/인강용', '휴대용']"
LG전자,2022 그램17,17ZD95P-GX7BK,16GB,LG전자 2022 그램17 17ZD95P-GX7BK WIN11,17인치,2560x1600,i7-1195G,정보없음,정보없음,인텔,2.9GHz,내장그래픽,Iris Xe,1,256GB,80Wh,1.35kg,윈도우11(설치),"['사무/인강용', '휴대용']"
LG전자,2022 그램17,17Z95P-GA5WK,16GB,LG전자 2022 그램17 17Z95P-GA5WK,17인치,2560x1600,i5-1155G,정보없음,정보없음,인텔,2.5GHz,내장그래픽,Iris Xe,1,256GB,80Wh,1.35kg,윈도우11홈,"['사무/인강용', '휴대용']"
LG전자,2022 그램17(12세대),17ZD90Q-EX76K,16GB,LG전자 2022 그램17(12세대) 17ZD90Q-EX76K,17인치,2560x1600,i7-1260P,350nit,정보없음,인텔,2.1GHz,외장그래픽,RTX2050,1,256GB,90Wh,1.435kg,정보없음,"['그래픽작업용', '휴대용']"
LG전자,2022 그램17(12세대),17Z90Q-EA76K,16GB,LG전자 2022 그램17(12세대) 17Z90Q-EA76K,17인치,2560x1600,i7-1260P,350nit,정보없음,인텔,2.1GHz,외장그래픽,RTX2050,1,512GB,90Wh,1.45kg,윈도우11홈,"['그래픽작업용', '휴대용']"
LG전자,2022 그램17(12세대),17Z90Q-GA76K,16GB,LG전자 2022 그램17(12세대) 17Z90Q-GA76K,17인치,2560x1600,i7-1260P,350nit,정보없음,인텔,2.1GHz,내장그래픽,Iris Xe,1,512GB,80Wh,1.35kg,윈도우11홈,"['사무/인강용', '휴대용']"
LG전자,2022 그램17(12세대),17ZD90Q-GX56K,16GB,LG전자 2022 그램17(12세대) 17ZD90Q-GX56K,17인치,2560x1600,i5-1240P,350nit,정보없음,인텔,1.7GHz,내장그래픽,Iris Xe,1,256GB,80Wh,1.35kg,정보없음,"['사무/인강용', '휴대용']"
LG전자,2022 그램17(12세대),17Z90Q-GA56K,16GB,LG전자 2022 그램17(12세대) 17Z90Q-GA56K,17인치,2560x1600,i5-1240P,350nit,정보없음,인텔,1.7GHz,내장그래픽,Iris Xe,1,512GB,80Wh,1.35kg,윈도우11홈,"['사무/인강용', '휴대용']"
LG전자,2022 그램17(12세대),17ZD90Q-EX56K,16GB,LG전자 2022 그램17(12세대) 17ZD90Q-EX56K,17인치,2560x1600,i5-1240P,350nit,정보없음,인텔,1.7GHz,외장그래픽,RTX2050,1,256GB,90Wh,1.435kg,정보없음,"['그래픽작업용', '휴대용']"
LG전자,2022 그램17(12세대),17ZD90Q-GX76K,16GB,LG전자 2022 그램17(12세대) 17ZD90Q-GX76K,17인치,2560x1600,i7-1260P,350nit,정보없음,인텔,2.1GHz,내장그래픽,Iris Xe,1,256GB,80Wh,1.35kg,정보없음,"['사무/인강용', '휴대용']"
LG전자,2022 그램17(12세대),17ZD90Q-GX76K,16GB,LG전자 2022 그램17(12세대) 17ZD90Q-GX76K WIN11,17인치,2560x1600,i7-1260P,350nit,정보없음,인텔,2.1GHz,내장그래픽,Iris Xe,1,256GB,80Wh,1.35kg,윈도우11(설치),"['사무/인강용', '휴대용']"
LG전자,2022 그램17(12세대),17ZD90Q-EX76K,16GB,LG전자 2022 그램17(12세대) 17ZD90Q-EX76K WIN11,17인치,2560x1600,i7-1260P,350nit,정보없음,인텔,2.1GHz,외장그래픽,RTX2050,1,256GB,90Wh,1.435kg,윈도우11(설치),"['그래픽작업용', '휴대용']"
LG전자,2022 그램17(12세대),17ZD90Q-GX5LK,16GB,LG전자 2022 그램17(12세대) 17ZD90Q-GX5LK,17인치,2560x1600,i5-1240P,350nit,정보없음,인텔,1.7GHz,내장그래픽,Iris Xe,1,256GB,80Wh,1.35kg,정보없음,"['사무/인강용', '휴대용']"
LG전자,2022 그램17(12세대),17Z90Q-GA5LK,16GB,LG전자 2022 그램17(12세대) 17Z90Q-GA5LK,17인치,2560x1600,i5-1240P,350nit,정보없음,인텔,1.7GHz,내장그래픽,Iris Xe,1,256GB,80Wh,1.35kg,윈도우11홈,"['사무/인강용', '휴대용']"
LG전자,2022 그램17(12세대),17ZD90Q-GX56K,16GB,LG전자 2022 그램17(12세대) 17ZD90Q-GX56K WIN11,17인치,2560x1600,i5-1240P,350nit,정보없음,인텔,1.7GHz,내장그래픽,Iris Xe,1,256GB,80Wh,1.35kg,윈도우11(설치),"['사무/인강용', '휴대용']"
LG전자,2022 그램17(12세대),17Z90Q-GA5WK,16GB,LG전자 2022 그램17(12세대) 17Z90Q-GA5WK,17인치,2560x1600,i5-1240P,350nit,정보없음,인텔,1.7GHz,내장그래픽,Iris Xe,1,256GB,80Wh,1.35kg,윈도우11홈,"['사무/인강용', '휴대용']"
LG전자,2022 그램17(12세대),17Z90Q-GR50K,8GB,LG전자 2022 그램17(12세대) 17Z90Q-GR50K,17인치,2560x1600,i5-1240P,350nit,정보없음,인텔,1.7GHz,내장그래픽,Iris Xe,1,256GB,80Wh,1.35kg,윈도우11홈,"['사무/인강용', '휴대용']"
LG전자,2022 그램17(12세대),17Z90Q-GA7WK,16GB,LG전자 2022 그램17(12세대) 17Z90Q-GA7WK,17인치,2560x1600,i7-1260P,350nit,정보없음,인텔,2.1GHz,내장그래픽,Iris Xe,1,256GB,80Wh,1.35kg,윈도우11홈,"['사무/인강용', '휴대용']"
LG전자,2022 그램17(12세대),17ZD90Q-EX76K,16GB,LG전자 2022 그램17(12세대) 17ZD90Q-EX76K WIN10,17인치,2560x1600,i7-1260P,350nit,정보없음,인텔,2.1GHz,외장그래픽,RTX2050,1,256GB,90Wh,1.435kg,윈도우10(설치),"['그래픽작업용', '휴대용']"
LG전자,2022 그램17(12세대),17ZD90Q-GX76K,16GB,LG전자 2022 그램17(12세대) 17ZD90Q-GX76K WIN10,17인치,2560x1600,i7-1260P,350nit,정보없음,인텔,2.1GHz,내장그래픽,Iris Xe,1,256GB,80Wh,1.35kg,윈도우10(설치),"['사무/인강용', '휴대용']"
LG전자,2022 그램17(12세대),17ZD90Q-GX7BK,16GB,LG전자 2022 그램17(12세대) 17ZD90Q-GX7BK,17인치,2560x1600,i7-1260P,350nit,정보없음,인텔,2.1GHz,내장그래픽,Iris Xe,1,256GB,80Wh,1.35kg,정보없음,"['사무/인강용', '휴대용']"
LG전자,2022 그램17(12세대),17Z90Q-EA7WK,16GB,LG전자 2022 그램17(12세대) 17Z90Q-EA7WK,17인치,2560x1600,i7-1260P,350nit,정보없음,인텔,2.1GHz,외장그래픽,RTX2050,1,256GB,90Wh,1.45kg,윈도우11홈,"['그래픽작업용', '휴대용']"
LG전자,2022 그램17(12세대),17Z90Q-GR5JK,8GB,LG전자 2022 그램17(12세대) 17Z90Q-GR5JK,17인치,2560x1600,i5-1240P,350nit,정보없음,인텔,1.7GHz,내장그래픽,Iris Xe,1,256GB,80Wh,1.35kg,윈도우11홈,"['사무/인강용', '휴대용']"
LG전자,2022 그램17(12세대),17ZD90Q-GX7BK,16GB,LG전자 2022 그램17(12세대) 17ZD90Q-GX7BK WIN11,17인치,2560x1600,i7-1260P,350nit,정보없음,인텔,2.1GHz,내장그래픽,Iris Xe,1,256GB,80Wh,1.35kg,윈도우11(설치),"['사무/인강용', '휴대용']"
LG전자,2022 그램17(12세대),17ZD90Q-GX5LK,16GB,LG전자 2022 그램17(12세대) 17ZD90Q-GX5LK WIN11,17인치,2560x1600,i5-1240P,350nit,정보없음,인텔,1.7GHz,내장그래픽,Iris Xe,1,256GB,80Wh,1.35kg,윈도우11(설치),"['사무/인강용', '휴대용']"
LG전자,2022 그램17(12세대),17ZD90Q-EX56K,16GB,LG전자 2022 그램17(12세대) 17ZD90Q-EX56K WIN11,17인치,2560x1600,i5-1240P,350nit,정보없음,인텔,1.7GHz,외장그래픽,RTX2050,1,256GB,90Wh,1.435kg,윈도우11(설치),"['그래픽작업용', '휴대용']"
LG전자,2022 그램17(12세대),17Z90Q-GD79K,32GB,LG전자 2022 그램17(12세대) 17Z90Q-GD79K,17인치,2560x1600,i7-1260P,350nit,정보없음,인텔,2.1GHz,내장그래픽,Iris Xe,1,256GB,80Wh,1.35kg,윈도우11홈,"['사무/인강용', '휴대용']"
LG전자,2022 그램17(12세대),17Z90Q-GR5BK,8GB,LG전자 2022 그램17(12세대) 17Z90Q-GR5BK,17인치,2560x1600,i5-1240P,350nit,정보없음,인텔,1.7GHz,내장그래픽,Iris Xe,1,256GB,80Wh,1.35kg,윈도우11홈,"['사무/인강용', '휴대용']"
LG전자,2022 그램17(12세대),17Z90Q-EA5WK,16GB,LG전자 2022 그램17(12세대) 17Z90Q-EA5WK,17인치,2560x1600,i5-1240P,350nit,정보없음,인텔,1.7GHz,외장그래픽,RTX2050,1,256GB,80Wh,1.435kg,윈도우11홈,"['그래픽작업용', '휴대용']"
LG전자,2022 그램17(12세대),17Z90Q-EASWK,16GB,LG전자 2022 그램17(12세대) 17Z90Q-EASWK,17인치,2560x1600,i7-1260P,350nit,정보없음,인텔,2.1GHz,외장그래픽,RTX2050,1,256GB,90Wh,1.435kg,윈도우11홈,"['그래픽작업용', '휴대용']"
LG전자,2022 그램17(12세대),17Z90Q-G,16GB,LG전자 2022 그램17(12세대) 17Z90Q-G.AA5NK,17인치,2560x1600,i5-1240P,350nit,정보없음,인텔,1.7GHz,내장그래픽,Iris Xe,1,512GB,80Wh,1.35kg,윈도우11홈,"['사무/인강용', '휴대용']"
LG전자,2022 그램17(12세대),17Z90Q-GAFWK,16GB,LG전자 2022 그램17(12세대) 17Z90Q-GAFWK,17인치,2560x1600,i5-1240P,350nit,정보없음,인텔,1.7GHz,내장그래픽,Iris Xe,1,256GB,80Wh,1.35kg,윈도우11홈,"['사무/인강용', '휴대용']"
LG전자,2022 그램17(12세대),17ZD90Q-GX7BK,16GB,LG전자 2022 그램17(12세대) 17ZD90Q-GX7BK WIN10,17인치,2560x1600,i7-1260P,350nit,정보없음,인텔,2.1GHz,내장그래픽,Iris Xe,1,256GB,80Wh,1.35kg,윈도우10(설치),"['사무/인강용', '휴대용']"
LG전자,2022 그램17(12세대),17ZB90Q-GSLGL,8GB,LG전자 2022 그램17(12세대) 17ZB90Q-GSLGL,17인치,2560x1600,i5-1240P,정보없음,정보없음,인텔,1.7GHz,내장그래픽,Iris Xe,1,256GB,80Wh,1.35kg,윈도우11프로,"['사무/인강용', '휴대용']"
LG전자,2022 그램17(12세대),17ZG90Q-GP75KN,8GB,LG전자 2022 그램17(12세대) 17ZG90Q-GP75KN,17인치,2560x1600,i7-1260P,정보없음,정보없음,인텔,2.1GHz,내장그래픽,Iris Xe,1,512GB,80Wh,1.35kg,윈도우11프로,"['사무/인강용', '휴대용']"
LG전자,2022 그램360,16T90Q-GA7BK,16GB,LG전자 2022 그램360 16T90Q-GA7BK,16인치,2560x1600,i7-1260P,정보없음,정보없음,인텔,2.1GHz,내장그래픽,Iris Xe,1,256GB,80Wh,1.48kg,윈도우11홈,['사무/인강용']
LG전자,2022 그램360,16T90Q-GA56K,16GB,LG전자 2022 그램360 16T90Q-GA56K,16인치,2560x1600,i5-1240P,정보없음,정보없음,인텔,1.7GHz,내장그래픽,Iris Xe,1,256GB,80Wh,1.48kg,윈도우11홈,['사무/인강용']
LG전자,2022 그램360,16T90Q-GA79K,16GB,LG전자 2022 그램360 16T90Q-GA79K,16인치,2560x1600,i7-1260P,정보없음,정보없음,인텔,2.1GHz,내장그래픽,Iris Xe,1,512GB,80Wh,1.48kg,윈도우11홈,['사무/인강용']
LG전자,2022 그램360,14T90Q-GA56K,16GB,LG전자 2022 그램360 14T90Q-GA56K,14인치,1920x1200,i5-1240P,정보없음,정보없음,인텔,1.7GHz,내장그래픽,Iris Xe,1,256GB,72Wh,1.23kg,윈도우11홈,"['사무/인강용', '휴대용']"
LG전자,2022 그램360,16T90Q-GR5BK,8GB,LG전자 2022 그램360 16T90Q-GR5BK,16인치,2560x1600,i5-1240P,정보없음,정보없음,인텔,1.7GHz,내장그래픽,Iris Xe,1,256GB,80Wh,1.48kg,윈도우11홈,['사무/인강용']
LG전자,2022 그램360,14T90Q-GA79K,16GB,LG전자 2022 그램360 14T90Q-GA79K,14인치,1920x1200,i7-1260P,정보없음,정보없음,인텔,2.1GHz,내장그래픽,Iris Xe,1,512GB,72Wh,1.23kg,윈도우11홈,"['사무/인강용', '휴대용']"
LG전자,2022 그램360,16T90Q-GAFBK,16GB,LG전자 2022 그램360 16T90Q-GAFBK,16인치,2560x1600,i5-1240P,정보없음,정보없음,인텔,1.7GHz,내장그래픽,Iris Xe,1,256GB,80Wh,1.48kg,윈도우11홈,['사무/인강용']
LG전자,2022 그램360,16T90Q-GA70K,16GB,LG전자 2022 그램360 16T90Q-GA70K,16인치,2560x1600,i7-1260P,정보없음,정보없음,인텔,2.1GHz,내장그래픽,Iris Xe,1,256GB,80Wh,1.48kg,윈도우11홈,['사무/인강용']
LG전자,2022 그램360,16TD90Q-GX70K,16GB,LG전자 2022 그램360 16TD90Q-GX70K,16인치,2560x1600,i7-1260P,정보없음,정보없음,인텔,2.1GHz,내장그래픽,Iris Xe,1,256GB,80Wh,1.48kg,정보없음,['사무/인강용']
LG전자,2022 그램360,16TD90Q-GX56K,16GB,LG전자 2022 그램360 16TD90Q-GX56K,16인치,2560x1600,i5-1240P,정보없음,정보없음,인텔,1.7GHz,내장그래픽,Iris Xe,1,256GB,80Wh,1.48kg,정보없음,['사무/인강용']
LG전자,2022 그램360,14TD90Q-GX5PK,16GB,LG전자 2022 그램360 14TD90Q-GX5PK,14인치,1920x1200,i5-1240P,정보없음,정보없음,인텔,1.7GHz,내장그래픽,Iris Xe,1,256GB,72Wh,1.23kg,정보없음,"['사무/인강용', '휴대용']"
LG전자,2022 울트라PC,15UD50Q-GX50K,8GB,LG전자 2022 울트라PC 15UD50Q-GX50K,15.6인치,1920x1080,i5-1240P,정보없음,정보없음,인텔,1.7GHz,내장그래픽,UHD Graphics,1,256GB,49Wh,1.8kg,정보없음,['사무/인강용']
LG전자,2022 울트라PC,15UD40Q-GX50K,8GB,LG전자 2022 울트라PC 15UD40Q-GX50K,15.6인치,1920x1080,5500U,정보없음,정보없음,AMD,2.1GHz,내장그래픽,Radeon Graphics,1,256GB,49Wh,1.75kg,정보없음,['사무/인강용']
LG전자,2022 울트라PC,15UD40Q-GX30K,8GB,LG전자 2022 울트라PC 15UD40Q-GX30K,15.6인치,1920x1080,5300U,정보없음,정보없음,AMD,2.6GHz,내장그래픽,Radeon Graphics,1,256GB,49Wh,1.75kg,정보없음,['사무/인강용']
LG전자,2022 울트라PC,15UD40Q-GX30K,8GB,LG전자 2022 울트라PC 15UD40Q-GX30K WIN11,15.6인치,1920x1080,5300U,정보없음,정보없음,AMD,2.6GHz,내장그래픽,Radeon Graphics,1,256GB,49Wh,1.75kg,윈도우11(설치),['사무/인강용']
LG전자,2022 울트라PC,15UD50Q-GX50K,8GB,LG전자 2022 울트라PC 15UD50Q-GX50K WIN11,15.6인치,1920x1080,i5-1240P,정보없음,정보없음,인텔,1.7GHz,내장그래픽,UHD Graphics,1,256GB,49Wh,1.8kg,윈도우11(설치),['사무/인강용']
LG전자,2022 울트라PC,15UD50Q-GX50K,32GB,LG전자 2022 울트라PC 15UD50Q-GX50K 32GB램,15.6인치,1920x1080,i5-1240P,정보없음,정보없음,인텔,1.7GHz,내장그래픽,UHD Graphics,1,256GB,49Wh,1.8kg,정보없음,['사무/인강용']
LG전자,2022 울트라PC,15U50Q-GR50K,8GB,LG전자 2022 울트라PC 15U50Q-GR50K,15.6인치,1920x1080,i5-1240P,정보없음,정보없음,인텔,1.7GHz,내장그래픽,UHD Graphics,1,512GB,49Wh,1.8kg,윈도우11홈,['사무/인강용']
LG전자,2022 울트라PC,15UD40Q-GX5DK,8GB,LG전자 2022 울트라PC 15UD40Q-GX5DK,15.6인치,1920x1080,5500U,정보없음,정보없음,AMD,2.1GHz,내장그래픽,Radeon Graphics,1,256GB,49Wh,1.75kg,정보없음,['사무/인강용']
LG전자,2022 울트라PC,15UD50Q-GX50K,32GB,LG전자 2022 울트라PC 15UD50Q-GX50K WIN11 32GB램,15.6인치,1920x1080,i5-1240P,정보없음,정보없음,인텔,1.7GHz,내장그래픽,UHD Graphics,1,256GB,49Wh,1.8kg,윈도우11(설치),['사무/인강용']
LG전자,2022 울트라PC,15UD40Q-GX50K,16GB,LG전자 2022 울트라PC 15UD40Q-GX50K WIN11 16GB램,15.6인치,1920x1080,5500U,정보없음,정보없음,AMD,2.1GHz,내장그래픽,Radeon Graphics,1,256GB,49Wh,1.75kg,윈도우11(설치),['사무/인강용']
LG전자,2022 울트라PC,15UD40Q-GX50K,8GB,LG전자 2022 울트라PC 15UD40Q-GX50K WIN11,15.6인치,1920x1080,5500U,정보없음,정보없음,AMD,2.1GHz,내장그래픽,Radeon Graphics,1,256GB,49Wh,1.75kg,윈도우11(설치),['사무/인강용']
LG전자,2022 울트라PC,15UD40Q-GX5DK,16GB,LG전자 2022 울트라PC 15UD40Q-GX5DK WIN11 16GB램,15.6인치,1920x1080,5500U,정보없음,정보없음,AMD,2.1GHz,내장그래픽,Radeon Graphics,1,256GB,49Wh,1.75kg,윈도우11(설치),['사무/인강용']
LG전자,2022 울트라PC,15UD50Q-GX30K,8GB,LG전자 2022 울트라PC 15UD50Q-GX30K,15.6인치,1920x1080,i3-1220P,정보없음,정보없음,인텔,1.5GHz,내장그래픽,UHD Graphics,1,128GB,49Wh,1.8kg,정보없음,['사무/인강용']
LG전자,2022 울트라PC,15U40Q-GR56K,8GB,LG전자 2022 울트라PC 15U40Q-GR56K,15.6인치,1920x1080,5500U,정보없음,정보없음,AMD,2.1GHz,내장그래픽,Radeon Graphics,1,256GB,49Wh,1.75kg,윈도우10,['사무/인강용']
LG전자,2022 울트라PC,15UD40Q-GX5DK,16GB,LG전자 2022 울트라PC 15UD40Q-GX5DK 16GB램,15.6인치,1920x1080,5500U,정보없음,정보없음,AMD,2.1GHz,내장그래픽,Radeon Graphics,1,256GB,49Wh,1.75kg,정보없음,['사무/인강용']
LG전자,2022 울트라PC,15U40Q-GR36K,8GB,LG전자 2022 울트라PC 15U40Q-GR36K,15.6인치,1920x1080,5300U,정보없음,정보없음,AMD,2.6GHz,내장그래픽,Radeon Graphics,1,128GB,49Wh,1.75kg,윈도우11홈,['사무/인강용']
LG전자,2022 울트라PC,15UD40Q-GX5DK,8GB,LG전자 2022 울트라PC 15UD40Q-GX5DK WIN11,15.6인치,1920x1080,5500U,정보없음,정보없음,AMD,2.1GHz,내장그래픽,Radeon Graphics,1,256GB,49Wh,1.75kg,윈도우11(설치),['사무/인강용']
LG전자,2022 울트라PC,15U50Q-GA56K,16GB,LG전자 2022 울트라PC 15U50Q-GA56K,15.6인치,1920x1080,i5-1240P,정보없음,정보없음,인텔,1.7GHz,내장그래픽,UHD Graphics,1,256GB,49Wh,1.8kg,윈도우11홈,['사무/인강용']
LG전자,2022 울트라PC,15U50Q-GR30K,8GB,LG전자 2022 울트라PC 15U50Q-GR30K,15.6인치,1920x1080,i3-1220P,정보없음,정보없음,인텔,1.5GHz,내장그래픽,UHD Graphics,1,256GB,49Wh,1.8kg,윈도우11홈,['사무/인강용']
LG전자,2022 울트라PC,15U40Q-GR36K,16GB,LG전자 2022 울트라PC 15U40Q-GR36K 16GB램,15.6인치,1920x1080,5300U,정보없음,정보없음,AMD,2.6GHz,내장그래픽,Radeon Graphics,1,128GB,49Wh,1.75kg,윈도우11홈,['사무/인강용']
LG전자,2022 울트라PC,15U50Q-GR50K,16GB,LG전자 2022 울트라PC 15U50Q-GR50K 16GB램,15.6인치,1920x1080,i5-1240P,정보없음,정보없음,인텔,1.7GHz,내장그래픽,UHD Graphics,1,256GB,49Wh,1.8kg,윈도우11홈,['사무/인강용']
LG전자,2022 울트라PC,15U50Q-GR50K,32GB,LG전자 2022 울트라PC 15U50Q-GR50K 32GB램,15.6인치,1920x1080,i5-1240P,정보없음,정보없음,인텔,1.7GHz,내장그래픽,UHD Graphics,1,256GB,49Wh,1.8kg,윈도우11홈,['사무/인강용']
LG전자,2022 울트라PC,15UD50Q-GX30K,8GB,LG전자 2022 울트라PC 15UD50Q-GX30K WIN11,15.6인치,1920x1080,i3-1220P,정보없음,정보없음,인텔,1.5GHz,내장그래픽,UHD Graphics,1,128GB,49Wh,1.8kg,윈도우11(설치),['사무/인강용']
LG전자,2022 울트라PC,15UD50Q-GX30K,16GB,LG전자 2022 울트라PC 15UD50Q-GX30K 16GB램,15.6인치,1920x1080,i3-1220P,정보없음,정보없음,인텔,1.5GHz,내장그래픽,UHD Graphics,1,128GB,49Wh,1.8kg,정보없음,['사무/인강용']
LG전자,2022 울트라PC,15U40Q-GR50K,8GB,LG전자 2022 울트라PC 15U40Q-GR50K,15.6인치,1920x1080,5500U,정보없음,정보없음,AMD,2.1GHz,내장그래픽,Radeon Graphics,1,512GB,49Wh,1.75kg,윈도우11홈,['사무/인강용']
LG전자,2022 울트라PC,15UD40Q-GX5DK,32GB,LG전자 2022 울트라PC 15UD40Q-GX5DK WIN11 32GB램,15.6인치,1920x1080,5500U,정보없음,정보없음,AMD,2.1GHz,내장그래픽,Radeon Graphics,1,256GB,49Wh,1.75kg,윈도우11(설치),['사무/인강용']
LG전자,2022 울트라PC,15UD50Q-GX30K,16GB,LG전자 2022 울트라PC 15UD50Q-GX30K WIN11 16GB램,15.6인치,1920x1080,i3-1220P,정보없음,정보없음,인텔,1.5GHz,내장그래픽,UHD Graphics,1,128GB,49Wh,1.8kg,윈도우11(설치),['사무/인강용']
LG전자,2022 울트라PC,15UD50Q-GX3DK,16GB,LG전자 2022 울트라PC 15UD50Q-GX3DK WIN11 16GB램,15.6인치,1920x1080,i3-1220P,정보없음,정보없음,인텔,1.5GHz,내장그래픽,UHD Graphics,1,256GB,49Wh,1.8kg,윈도우11(설치),['사무/인강용']
LG전자,2022 울트라PC,15UD50Q-GX3DK,8GB,LG전자 2022 울트라PC 15UD50Q-GX3DK WIN11,15.6인치,1920x1080,i3-1220P,정보없음,정보없음,인텔,1.5GHz,내장그래픽,UHD Graphics,1,256GB,49Wh,1.8kg,윈도우11(설치),['사무/인강용']
LG전자,2022 울트라PC,15U40Q-GR5SK,16GB,LG전자 2022 울트라PC 15U40Q-GR5SK 16GB램,15.6인치,1920x1080,5500U,정보없음,정보없음,AMD,2.1GHz,내장그래픽,Radeon Graphics,1,256GB,49Wh,1.75kg,윈도우11홈,['사무/인강용']
LG전자,2022 울트라PC,15UD50Q-GX50K,16GB,LG전자 2022 울트라PC 15UD50Q-GX50K WIN10 16GB램,15.6인치,1920x1080,i5-1240P,정보없음,정보없음,인텔,1.7GHz,내장그래픽,UHD Graphics,1,256GB,49Wh,1.8kg,윈도우10(설치),['사무/인강용']
LG전자,2022 울트라PC,15UD40Q-GX5DK,32GB,LG전자 2022 울트라PC 15UD40Q-GX5DK 32GB램,15.6인치,1920x1080,5500U,정보없음,정보없음,AMD,2.1GHz,내장그래픽,Radeon Graphics,1,256GB,49Wh,1.75kg,정보없음,['사무/인강용']
LG전자,2022 울트라PC,15U50Q-GR30K,16GB,LG전자 2022 울트라PC 15U50Q-GR30K 16GB램,15.6인치,1920x1080,i3-1220P,정보없음,정보없음,인텔,1.5GHz,내장그래픽,UHD Graphics,1,256GB,49Wh,1.8kg,윈도우11홈,['사무/인강용']
LG전자,2022 울트라PC,15U40Q-GR5SK,8GB,LG전자 2022 울트라PC 15U40Q-GR5SK,15.6인치,1920x1080,5500U,정보없음,정보없음,AMD,2.1GHz,내장그래픽,Radeon Graphics,1,256GB,49Wh,1.75kg,윈도우11홈,['사무/인강용']
LG전자,2022 울트라PC,15U40Q-GR56K,16GB,LG전자 2022 울트라PC 15U40Q-GR56K 16GB램,15.6인치,1920x1080,5500U,정보없음,정보없음,AMD,2.1GHz,내장그래픽,Radeon Graphics,1,256GB,49Wh,1.75kg,윈도우10,['사무/인강용']
LG전자,2022 울트라PC,15UD50Q-GX30K,32GB,LG전자 2022 울트라PC 15UD50Q-GX30K 32GB램,15.6인치,1920x1080,i3-1220P,정보없음,정보없음,인텔,1.5GHz,내장그래픽,UHD Graphics,1,128GB,49Wh,1.8kg,정보없음,['사무/인강용']
LG전자,2022 울트라PC,15U40Q-GR50K,32GB,LG전자 2022 울트라PC 15U40Q-GR50K 32GB램,15.6인치,1920x1080,5500U,정보없음,정보없음,AMD,2.1GHz,내장그래픽,Radeon Graphics,1,512GB,49Wh,1.75kg,윈도우11홈,['사무/인강용']
LG전자,2022 울트라PC,15U40Q-GR50K,16GB,LG전자 2022 울트라PC 15U40Q-GR50K 16GB램,15.6인치,1920x1080,5500U,정보없음,정보없음,AMD,2.1GHz,내장그래픽,Radeon Graphics,1,512GB,49Wh,1.75kg,윈도우11홈,['사무/인강용']
LG전자,2022 울트라PC,15U40Q-GA7CK,16GB,LG전자 2022 울트라PC 15U40Q-GA7CK,15.6인치,1920x1080,5700U,정보없음,정보없음,AMD,1.8GHz,내장그래픽,Radeon Graphics,1,256GB,49Wh,1.75kg,윈도우11홈,['사무/인강용']
LG전자,2022 울트라PC,15UD50Q-GX30K,32GB,LG전자 2022 울트라PC 15UD50Q-GX30K WIN11 32GB램,15.6인치,1920x1080,i3-1220P,정보없음,정보없음,인텔,1.5GHz,내장그래픽,UHD Graphics,1,128GB,49Wh,1.8kg,윈도우11(설치),['사무/인강용']
LG전자,2022 울트라PC,15U40Q-GRTWK,16GB,LG전자 2022 울트라PC 15U40Q-GRTWK 16GB램,15.6인치,1920x1080,5300U,정보없음,정보없음,AMD,2.6GHz,내장그래픽,Radeon Graphics,1,256GB,49Wh,1.75kg,윈도우11홈,['사무/인강용']
LG전자,2022 울트라PC,15U40Q-GRTWK,8GB,LG전자 2022 울트라PC 15U40Q-GRTWK,15.6인치,1920x1080,5300U,정보없음,정보없음,AMD,2.6GHz,내장그래픽,Radeon Graphics,1,256GB,49Wh,1.75kg,윈도우11홈,['사무/인강용']
LG전자,2022 울트라PC,15UD40Q-GX30K,8GB,LG전자 2022 울트라PC 15UD40Q-GX30K WIN10,15.6인치,1920x1080,5300U,정보없음,정보없음,AMD,2.6GHz,내장그래픽,Radeon Graphics,1,256GB,49Wh,1.75kg,윈도우10(설치),['사무/인강용']
LG전자,2022 울트라PC,15UD40Q-GX30K,32GB,LG전자 2022 울트라PC 15UD40Q-GX30K 32GB램,15.6인치,1920x1080,5300U,정보없음,정보없음,AMD,2.6GHz,내장그래픽,Radeon Graphics,1,256GB,49Wh,1.75kg,정보없음,['사무/인강용']
LG전자,2022 울트라PC,15UD50Q-GX50K,32GB,LG전자 2022 울트라PC 15UD50Q-GX50K WIN10 32GB램,15.6인치,1920x1080,i5-1240P,정보없음,정보없음,인텔,1.7GHz,내장그래픽,UHD Graphics,1,256GB,49Wh,1.8kg,윈도우10(설치),['사무/인강용']
LG전자,2022 울트라PC,15UD40Q-GX50K,8GB,LG전자 2022 울트라PC 15UD40Q-GX50K WIN10,15.6인치,1920x1080,5500U,정보없음,정보없음,AMD,2.1GHz,내장그래픽,Radeon Graphics,1,256GB,49Wh,1.75kg,윈도우10(설치),['사무/인강용']
LG전자,2022 울트라PC,15U40Q-GR30K,8GB,LG전자 2022 울트라PC 15U40Q-GR30K,15.6인치,1920x1080,5300U,정보없음,정보없음,AMD,2.6GHz,내장그래픽,Radeon Graphics,1,256GB,49Wh,1.75kg,윈도우10,['사무/인강용']
LG전자,2022 울트라PC,15U40Q-GR30K,16GB,LG전자 2022 울트라PC 15U40Q-GR30K 16GB램,15.6인치,1920x1080,5300U,정보없음,정보없음,AMD,2.6GHz,내장그래픽,Radeon Graphics,1,256GB,49Wh,1.75kg,윈도우10,['사무/인강용']
LG전자,2022 울트라PC,15UD50Q-GX3DK,16GB,LG전자 2022 울트라PC 15UD50Q-GX3DK 16GB램,15.6인치,1920x1080,i3-1220P,정보없음,정보없음,인텔,1.5GHz,내장그래픽,UHD Graphics,1,256GB,49Wh,1.8kg,정보없음,['사무/인강용']
LG전자,2022 울트라PC,15UD40Q-GX30K,32GB,LG전자 2022 울트라PC 15UD40Q-GX30K WIN11 32GB램,15.6인치,1920x1080,5300U,정보없음,정보없음,AMD,2.6GHz,내장그래픽,Radeon Graphics,1,256GB,49Wh,1.75kg,윈도우11(설치),['사무/인강용']
LG전자,2022 울트라PC,15U50Q-GR30K,32GB,LG전자 2022 울트라PC 15U50Q-GR30K 32GB램,15.6인치,1920x1080,i3-1220P,정보없음,정보없음,인텔,1.5GHz,내장그래픽,UHD Graphics,1,256GB,49Wh,1.8kg,윈도우11홈,['사무/인강용']
LG전자,2022 울트라PC,15UD50Q-GX50K,8GB,LG전자 2022 울트라PC 15UD50Q-GX50K WIN10,15.6인치,1920x1080,i5-1240P,정보없음,정보없음,인텔,1.7GHz,내장그래픽,UHD Graphics,1,256GB,49Wh,1.8kg,윈도우10(설치),['사무/인강용']
LG전자,2022 울트라PC,15UD40Q-GX30K,16GB,LG전자 2022 울트라PC 15UD40Q-GX30K WIN10 16GB램,15.6인치,1920x1080,5300U,정보없음,정보없음,AMD,2.6GHz,내장그래픽,Radeon Graphics,1,256GB,49Wh,1.75kg,윈도우10(설치),['사무/인강용']
LG전자,2022 울트라PC,15U40Q-GR36K,32GB,LG전자 2022 울트라PC 15U40Q-GR36K 32GB램,15.6인치,1920x1080,5300U,정보없음,정보없음,AMD,2.6GHz,내장그래픽,Radeon Graphics,1,128GB,49Wh,1.75kg,윈도우11홈,['사무/인강용']
LG전자,2022 울트라PC,15UD40Q-GX5DK,16GB,LG전자 2022 울트라PC 15UD40Q-GX5DK WIN10 16GB램,15.6인치,1920x1080,5500U,정보없음,정보없음,AMD,2.1GHz,내장그래픽,Radeon Graphics,1,256GB,49Wh,1.75kg,윈도우10(설치),['사무/인강용']
LG전자,2022 울트라PC,15UD50Q-GX3DK,8GB,LG전자 2022 울트라PC 15UD50Q-GX3DK,15.6인치,1920x1080,i3-1220P,정보없음,정보없음,인텔,1.5GHz,내장그래픽,UHD Graphics,1,256GB,49Wh,1.8kg,정보없음,['사무/인강용']
LG전자,2022 울트라PC,15U50Q-GR36K,8GB,LG전자 2022 울트라PC 15U50Q-GR36K,15.6인치,1920x1080,i3-1220P,정보없음,정보없음,인텔,1.5GHz,내장그래픽,UHD Graphics,1,256GB,49Wh,1.8kg,윈도우11홈,['사무/인강용']
LG전자,2022 울트라PC,15U40Q-GR3SK,8GB,LG전자 2022 울트라PC 15U40Q-GR3SK,15.6인치,1920x1080,5300U,정보없음,정보없음,AMD,2.6GHz,내장그래픽,Radeon Graphics,1,256GB,49Wh,1.75kg,윈도우11홈,['사무/인강용']
LG전자,2022 울트라PC,15U40Q-GR56K,32GB,LG전자 2022 울트라PC 15U40Q-GR56K 32GB램,15.6인치,1920x1080,5500U,정보없음,정보없음,AMD,2.1GHz,내장그래픽,Radeon Graphics,1,256GB,49Wh,1.75kg,윈도우10,['사무/인강용']
LG전자,2022 울트라PC,13U70Q-GR5SK,8GB,LG전자 2022 울트라PC 13U70Q-GR5SK,13.3인치,1920x1080,5500U,정보없음,정보없음,AMD,2.1GHz,내장그래픽,Radeon Graphics,1,256GB,51Wh,980g,윈도우11홈,"['사무/인강용', '휴대용']"
LG전자,2022 울트라PC,15U50Q-GA56K,32GB,LG전자 2022 울트라PC 15U50Q-GA56K 32GB램,15.6인치,1920x1080,i5-1240P,정보없음,정보없음,인텔,1.7GHz,내장그래픽,UHD Graphics,1,256GB,49Wh,1.8kg,윈도우11홈,['사무/인강용']
LG전자,2022 울트라PC,15UD40Q-GX5DK,8GB,LG전자 2022 울트라PC 15UD40Q-GX5DK WIN10,15.6인치,1920x1080,5500U,정보없음,정보없음,AMD,2.1GHz,내장그래픽,Radeon Graphics,1,256GB,49Wh,1.75kg,윈도우10(설치),['사무/인강용']
LG전자,2022 울트라PC,15UD50Q-GX50K,64GB,LG전자 2022 울트라PC 15UD50Q-GX50K WIN10 64GB램,15.6인치,1920x1080,i5-1240P,정보없음,정보없음,인텔,1.7GHz,내장그래픽,UHD Graphics,1,256GB,49Wh,1.8kg,윈도우10(설치),['사무/인강용']
LG전자,2022 울트라PC,15UD40Q-GX50K,32GB,LG전자 2022 울트라PC 15UD40Q-GX50K 32GB램,15.6인치,1920x1080,5500U,정보없음,정보없음,AMD,2.1GHz,내장그래픽,Radeon Graphics,1,256GB,49Wh,1.75kg,정보없음,['사무/인강용']
LG전자,2022 울트라PC,15U40Q-GR30K,32GB,LG전자 2022 울트라PC 15U40Q-GR30K 32GB램,15.6인치,1920x1080,5300U,정보없음,정보없음,AMD,2.6GHz,내장그래픽,Radeon Graphics,1,256GB,49Wh,1.75kg,윈도우10,['사무/인강용']
LG전자,2022 울트라PC,15UD40Q-GX50K,32GB,LG전자 2022 울트라PC 15UD40Q-GX50K WIN11 32GB램,15.6인치,1920x1080,5500U,정보없음,정보없음,AMD,2.1GHz,내장그래픽,Radeon Graphics,1,256GB,49Wh,1.75kg,윈도우11(설치),['사무/인강용']
LG전자,2022 울트라PC,15U40Q-GR3DK,8GB,LG전자 2022 울트라PC 15U40Q-GR3DK,15.6인치,1920x1080,5300U,정보없음,정보없음,AMD,2.6GHz,내장그래픽,Radeon Graphics,1,256GB,49Wh,1.75kg,윈도우11홈,['사무/인강용']
LG전자,2022 울트라PC,15U50Q-GR36K,16GB,LG전자 2022 울트라PC 15U50Q-GR36K 16GB램,15.6인치,1920x1080,i3-1220P,정보없음,정보없음,인텔,1.5GHz,내장그래픽,UHD Graphics,1,256GB,49Wh,1.8kg,윈도우11홈,['사무/인강용']
LG전자,2022 울트라PC,15UD40Q-GX50K,16GB,LG전자 2022 울트라PC 15UD40Q-GX50K WIN10 16GB램,15.6인치,1920x1080,5500U,정보없음,정보없음,AMD,2.1GHz,내장그래픽,Radeon Graphics,1,256GB,49Wh,1.75kg,윈도우10(설치),['사무/인강용']
LG전자,2022 울트라PC,17U70Q-GRLGL,8GB,LG전자 2022 울트라PC 17U70Q-GRLGL,17인치,2560x1600,i5-1240P,350nit,정보없음,인텔,1.7GHz,내장그래픽,UHD Graphics,1,256GB,80Wh,1.85kg,윈도우11프로,['사무/인강용']
LG전자,2022 울트라PC,13U70Q-GR36K,8GB,LG전자 2022 울트라PC 13U70Q-GR36K,13.3인치,1920x1080,5300U,정보없음,정보없음,AMD,2.6GHz,내장그래픽,Radeon Graphics,1,128GB,51Wh,980g,윈도우11홈,"['사무/인강용', '휴대용']"
LG전자,2022 울트라PC,15UD40Q-GX30K,16GB,LG전자 2022 울트라PC 15UD40Q-GX30K 16GB램,15.6인치,1920x1080,5300U,정보없음,정보없음,AMD,2.6GHz,내장그래픽,Radeon Graphics,1,256GB,49Wh,1.75kg,정보없음,['사무/인강용']
LG전자,2022 울트라PC,15UD40Q-GX30K,16GB,LG전자 2022 울트라PC 15UD40Q-GX30K WIN11 16GB램,15.6인치,1920x1080,5300U,정보없음,정보없음,AMD,2.6GHz,내장그래픽,Radeon Graphics,1,256GB,49Wh,1.75kg,윈도우11(설치),['사무/인강용']
LG전자,2022 울트라PC,15UD50Q-GX50K,16GB,LG전자 2022 울트라PC 15UD50Q-GX50K 16GB램,15.6인치,1920x1080,i5-1240P,정보없음,정보없음,인텔,1.7GHz,내장그래픽,UHD Graphics,1,256GB,49Wh,1.8kg,정보없음,['사무/인강용']
LG전자,2022 울트라PC,15UD40Q-GX50K,16GB,LG전자 2022 울트라PC 15UD40Q-GX50K 16GB램,15.6인치,1920x1080,5500U,정보없음,정보없음,AMD,2.1GHz,내장그래픽,Radeon Graphics,1,256GB,49Wh,1.75kg,정보없음,['사무/인강용']
LG전자,2022 울트라PC,15UD50Q-GX50K,16GB,LG전자 2022 울트라PC 15UD50Q-GX50K WIN11 16GB램,15.6인치,1920x1080,i5-1240P,정보없음,정보없음,인텔,1.7GHz,내장그래픽,UHD Graphics,1,256GB,49Wh,1.8kg,윈도우11(설치),['사무/인강용']
LG전자,2022 울트라PC,15UG50Q-GR50KN,32GB,LG전자 2022 울트라PC 15UG50Q-GR50KN 32GB램,15.6인치,1920x1080,i5-1240P,정보없음,정보없음,인텔,1.7GHz,내장그래픽,Iris Xe,1,256GB,49Wh,1.8kg,윈도우11홈,['사무/인강용']
LG전자,2022 울트라기어,17U70Q-PA70K,64GB,LG전자 2022 울트라기어 17U70Q-PA70K 64GB램,17인치,2560x1600,i7-1260P,350nit,정보없음,인텔,2.1GHz,외장그래픽,RTX3050 Ti,1,256GB,80Wh,1.95kg,윈도우11홈,['게임용']
LG전자,2022 울트라기어,17G90Q-XD79K,16GB,LG전자 2022 울트라기어 17G90Q-XD79K,17.3인치,1920x1080,i7-11800H,정보없음,300Hz,인텔,2.3GHz,외장그래픽,RTX3080,1,512GB,93Wh,2.64kg,윈도우11홈,"['게임용', '그래픽작업용']"
LG전자,2022 울트라기어,17U70Q-PA70K,32GB,LG전자 2022 울트라기어 17U70Q-PA70K 32GB램,17인치,2560x1600,i7-1260P,350nit,정보없음,인텔,2.1GHz,외장그래픽,RTX3050 Ti,1,256GB,80Wh,1.95kg,윈도우11홈,['게임용']
LG전자,2022 울트라기어,17UD70Q-PX70K,64GB,LG전자 2022 울트라기어 17UD70Q-PX70K WIN11 64GB램,17인치,2560x1600,i7-1260P,350nit,정보없음,인텔,2.1GHz,외장그래픽,RTX3050 Ti,1,256GB,80Wh,1.95kg,윈도우11(설치),"['게임용', '그래픽작업용']"
LG전자,2023 그램14,14ZD90RU-GX56K,16GB,LG전자 2023 그램14 14ZD90RU-GX56K WIN11,14인치,1920x1200,i5-1334U,350nit,정보없음,인텔,1.3GHz,내장그래픽,UHD Graphics,1,256GB,72Wh,999g,윈도우11(설치),"['사무/인강용', '휴대용']"
LG전자,2023 그램14,14ZD90RU-GX56K,16GB,LG전자 2023 그램14 14ZD90RU-GX56K,14인치,1920x1200,i5-1334U,350nit,정보없음,인텔,1.3GHz,내장그래픽,UHD Graphics,1,256GB,72Wh,999g,정보없음,"['사무/인강용', '휴대용']"
LG전자,2023 그램14,14Z90RU-GA3CK,16GB,LG전자 2023 그램14 14Z90RU-GA3CK,14인치,1920x1200,i3-1315U,350nit,정보없음,인텔,1.2GHz,내장그래픽,UHD Graphics,1,256GB,72Wh,999g,윈도우11홈,"['사무/인강용', '휴대용']"
LG전자,2023 그램14,14ZD90R-GX56K,16GB,LG전자 2023 그램14 14ZD90R-GX56K,14인치,1920x1200,i5-1340P,350nit,정보없음,인텔,1.9GHz,내장그래픽,Iris Xe,1,256GB,72Wh,999g,정보없음,"['사무/인강용', '휴대용']"
LG전자,2023 그램14,14Z90R-GA56K,16GB,LG전자 2023 그램14 14Z90R-GA56K,14인치,1920x1200,i5-1340P,350nit,정보없음,인텔,1.9GHz,내장그래픽,Iris Xe,1,512GB,72Wh,999g,윈도우11홈,"['사무/인강용', '휴대용']"
LG전자,2023 그램14,14ZD90R-GX56K,16GB,LG전자 2023 그램14 14ZD90R-GX56K WIN11,14인치,1920x1200,i5-1340P,350nit,정보없음,인텔,1.9GHz,내장그래픽,Iris Xe,1,256GB,72Wh,999g,윈도우11(설치),"['사무/인강용', '휴대용']"
LG전자,2023 그램14,14Z90R-GA50K,16GB,LG전자 2023 그램14 14Z90R-GA50K,14인치,1920x1200,i5-1340P,350nit,정보없음,인텔,1.9GHz,내장그래픽,Iris Xe,1,256GB,72Wh,999g,윈도우11홈,"['사무/인강용', '휴대용']"
LG전자,2023 그램14,14ZD90R-GX50K,8GB,LG전자 2023 그램14 14ZD90R-GX50K,14인치,1920x1200,i5-1340P,350nit,정보없음,인텔,1.9GHz,내장그래픽,Iris Xe,1,256GB,72Wh,999g,정보없음,"['사무/인강용', '휴대용']"
LG전자,2023 그램14,14ZD90R-GX50K,8GB,LG전자 2023 그램14 14ZD90R-GX50K WIN11,14인치,1920x1200,i5-1340P,350nit,정보없음,인텔,1.9GHz,내장그래픽,Iris Xe,1,256GB,72Wh,999g,윈도우11(설치),"['사무/인강용', '휴대용']"
LG전자,2023 그램14,14ZD90R-GX56K,16GB,LG전자 2023 그램14 14ZD90R-GX56K WIN10,14인치,1920x1200,i5-1340P,350nit,정보없음,인텔,1.9GHz,내장그래픽,Iris Xe,1,256GB,72Wh,999g,윈도우10(설치),"['사무/인강용', '휴대용']"
LG전자,2023 그램14,14Z90R-GR50K,8GB,LG전자 2023 그램14 14Z90R-GR50K,14인치,1920x1200,i5-1340P,350nit,정보없음,인텔,1.9GHz,내장그래픽,Iris Xe,1,256GB,72Wh,999g,윈도우11홈,"['사무/인강용', '휴대용']"
LG전자,2023 그램14,14ZD90R-GX5BK,8GB,LG전자 2023 그램14 14ZD90R-GX5BK,14인치,1920x1200,i5-1340P,350nit,정보없음,인텔,1.9GHz,내장그래픽,Iris Xe,1,256GB,72Wh,999g,정보없음,"['사무/인강용', '휴대용']"
LG전자,2023 그램14,14Z90R-GR5BK,8GB,LG전자 2023 그램14 14Z90R-GR5BK,14인치,1920x1200,i5-1340P,350nit,정보없음,인텔,1.9GHz,내장그래픽,Iris Xe,1,256GB,72Wh,999g,윈도우11홈,"['사무/인강용', '휴대용']"
LG전자,2023 그램14,14ZD90R-GX50K,8GB,LG전자 2023 그램14 14ZD90R-GX50K WIN10,14인치,1920x1200,i5-1340P,350nit,정보없음,인텔,1.9GHz,내장그래픽,Iris Xe,1,256GB,72Wh,999g,윈도우10(설치),"['사무/인강용', '휴대용']"
LG전자,2023 그램14,14ZD90R-GX5BK,8GB,LG전자 2023 그램14 14ZD90R-GX5BK WIN11,14인치,1920x1200,i5-1340P,350nit,정보없음,인텔,1.9GHz,내장그래픽,Iris Xe,1,256GB,72Wh,999g,윈도우11(설치),"['사무/인강용', '휴대용']"
LG전자,2023 그램14,14ZD90R-GX5BK,8GB,LG전자 2023 그램14 14ZD90R-GX5BK WIN10,14인치,1920x1200,i5-1340P,350nit,정보없음,인텔,1.9GHz,내장그래픽,Iris Xe,1,256GB,72Wh,999g,윈도우10(설치),"['사무/인강용', '휴대용']"
LG전자,2023 그램14,14Z90R-GP76ML,16GB,LG전자 2023 그램14 14Z90R-GP76ML,14인치,1920x1200,i7-1360P,350nit,정보없음,인텔,2.2GHz,내장그래픽,Iris Xe,1,256GB,72Wh,999g,윈도우11프로,"['사무/인강용', '휴대용']"
LG전자,2023 그램14,14Z90R-GP7KL,16GB,LG전자 2023 그램14 14Z90R-GP7KL,14인치,1920x1200,i7-1360P,350nit,정보없음,인텔,2.2GHz,내장그래픽,Iris Xe,1,512GB,72Wh,999g,윈도우11프로,"['사무/인강용', '휴대용']"
LG전자,2023 그램14,14Z90R-GP5KL,16GB,LG전자 2023 그램14 14Z90R-GP5KL,14인치,1920x1200,i5-1340P,350nit,정보없음,인텔,1.9GHz,내장그래픽,Iris Xe,1,512GB,72Wh,999g,윈도우11프로,"['사무/인강용', '휴대용']"
LG전자,2023 그램15,15ZD90RU-GX56K,16GB,LG전자 2023 그램15 15ZD90RU-GX56K WIN11,15.6인치,1920x1080,i5-1335U,350nit,정보없음,인텔,1.3GHz,내장그래픽,Iris Xe,1,256GB,80Wh,1.14kg,윈도우11(설치),"['사무/인강용', '휴대용']"
LG전자,2023 그램15,15ZD90RU-GX56K,16GB,LG전자 2023 그램15 15ZD90RU-GX56K WIN10,15.6인치,1920x1080,i5-1335U,350nit,정보없음,인텔,1.3GHz,내장그래픽,Iris Xe,1,256GB,80Wh,1.14kg,윈도우10(설치),"['사무/인강용', '휴대용']"
LG전자,2023 그램15,15ZD90RU-GX56K,16GB,LG전자 2023 그램15 15ZD90RU-GX56K,15.6인치,1920x1080,i5-1335U,350nit,정보없음,인텔,1.3GHz,내장그래픽,Iris Xe,1,256GB,80Wh,1.14kg,정보없음,[]
LG전자,2023 그램15,15Z90R-GA56K,16GB,LG전자 2023 그램15 15Z90R-GA56K,15.6인치,1920x1080,i5-1340P,350nit,정보없음,인텔,1.9GHz,내장그래픽,Iris Xe,1,256GB,80Wh,1.14kg,윈도우11홈,"['사무/인강용', '휴대용']"
LG전자,2023 그램15,15ZD90R-GX56K,16GB,LG전자 2023 그램15 15ZD90R-GX56K,15.6인치,1920x1080,i5-1340P,350nit,정보없음,인텔,1.9GHz,내장그래픽,Iris Xe,1,256GB,80Wh,1.14kg,정보없음,"['사무/인강용', '휴대용']"
LG전자,2023 그램15,15Z90RU-GAOWK,16GB,LG전자 2023 그램15 15Z90RU-GAOWK,15.6인치,1920x1080,i5-1335U,350nit,정보없음,인텔,1.3GHz,내장그래픽,Iris Xe,1,256GB,80Wh,1.14kg,윈도우11홈,"['사무/인강용', '휴대용']"
LG전자,2023 그램15,15ZD90R-GX56K,16GB,LG전자 2023 그램15 15ZD90R-GX56K WIN11,15.6인치,1920x1080,i5-1340P,350nit,정보없음,인텔,1.9GHz,내장그래픽,Iris Xe,1,256GB,80Wh,1.14kg,윈도우11(설치),"['사무/인강용', '휴대용']"
LG전자,2023 그램15,15ZD90R-GX76K,16GB,LG전자 2023 그램15 15ZD90R-GX76K,15.6인치,1920x1080,i7-1360P,350nit,정보없음,인텔,2.2GHz,내장그래픽,Iris Xe,1,256GB,80Wh,1.14kg,정보없음,"['사무/인강용', '휴대용']"
LG전자,2023 그램15,15Z90RT-GAOWK,16GB,LG전자 2023 그램15 15Z90RT-GAOWK,15.6인치,1920x1080,i5-1340P,400nit,정보없음,인텔,1.9GHz,내장그래픽,Iris Xe,1,256GB,60Wh,990g,윈도우11홈,"['사무/인강용', '휴대용']"
LG전자,2023 그램15,15ZD90RT-GX5BK,16GB,LG전자 2023 그램15 15ZD90RT-GX5BK,15.6인치,1920x1080,i5-1340P,400nit,정보없음,인텔,1.9GHz,내장그래픽,Iris Xe,1,256GB,60Wh,990g,정보없음,"['사무/인강용', '휴대용']"
LG전자,2023 그램15,15Z90RT-GAOBK,16GB,LG전자 2023 그램15 15Z90RT-GAOBK,15.6인치,1920x1080,i5-1340P,400nit,정보없음,인텔,1.9GHz,내장그래픽,Iris Xe,1,256GB,60Wh,990g,윈도우11홈,"['사무/인강용', '휴대용']"
LG전자,2023 그램15,15ZG90R-GA75KN,8GB,LG전자 2023 그램15 15ZG90R-GA75KN,15.6인치,1920x1080,i7-1360P,350nit,정보없음,인텔,2.2GHz,내장그래픽,Iris Xe,1,512GB,80Wh,1.14kg,윈도우11홈,"['사무/인강용', '휴대용']"
LG전자,2023 그램15,15Z90R-GA76K,16GB,LG전자 2023 그램15 15Z90R-GA76K,15.6인치,1920x1080,i7-1360P,350nit,정보없음,인텔,2.2GHz,내장그래픽,Iris Xe,1,512GB,80Wh,1.14kg,윈도우11홈,"['사무/인강용', '휴대용']"
LG전자,2023 그램15,15Z90RT-GA56K,16GB,LG전자 2023 그램15 15Z90RT-GA56K,15.6인치,1920x1080,i5-1340P,400nit,정보없음,인텔,1.9GHz,내장그래픽,Iris Xe,1,256GB,60Wh,990g,윈도우11홈,"['사무/인강용', '휴대용']"
LG전자,2023 그램15,15ZD90RT-GX5BK,16GB,LG전자 2023 그램15 15ZD90RT-GX5BK WIN11,15.6인치,1920x1080,i5-1340P,400nit,정보없음,인텔,1.9GHz,내장그래픽,Iris Xe,1,256GB,60Wh,990g,윈도우11(설치),"['사무/인강용', '휴대용']"
LG전자,2023 그램15,15Z90RT-GA5BK,16GB,LG전자 2023 그램15 15Z90RT-GA5BK,15.6인치,1920x1080,i5-1340P,400nit,정보없음,인텔,1.9GHz,내장그래픽,Iris Xe,1,256GB,60Wh,990g,윈도우11홈,"['사무/인강용', '휴대용']"
LG전자,2023 그램15,15ZD90R-GX76K,16GB,LG전자 2023 그램15 15ZD90R-GX76K WIN11,15.6인치,1920x1080,i7-1360P,350nit,정보없음,인텔,2.2GHz,내장그래픽,Iris Xe,1,256GB,80Wh,1.14kg,윈도우11(설치),"['사무/인강용', '휴대용']"
LG전자,2023 그램15,15ZD90RT-GX56K,16GB,LG전자 2023 그램15 15ZD90RT-GX56K,15.6인치,1920x1080,i5-1340P,400nit,정보없음,인텔,1.9GHz,내장그래픽,Iris Xe,1,256GB,60Wh,990g,정보없음,"['사무/인강용', '휴대용']"
LG전자,2023 그램15,15Z90R-G,16GB,LG전자 2023 그램15 15Z90R-G.AA5NK,15.6인치,1920x1080,i5-1340P,350nit,정보없음,인텔,1.9GHz,내장그래픽,Iris Xe,1,256GB,80Wh,1.14kg,윈도우11홈,"['사무/인강용', '휴대용']"
LG전자,2023 그램15,15ZD90R-GX56K,16GB,LG전자 2023 그램15 15ZD90R-GX56K WIN10,15.6인치,1920x1080,i5-1340P,350nit,정보없음,인텔,1.9GHz,내장그래픽,Iris Xe,1,256GB,80Wh,1.14kg,윈도우10(설치),"['사무/인강용', '휴대용']"
LG전자,2023 그램15,15ZD90RT-GX56K,16GB,LG전자 2023 그램15 15ZD90RT-GX56K WIN11,15.6인치,1920x1080,i5-1340P,400nit,정보없음,인텔,1.9GHz,내장그래픽,Iris Xe,1,256GB,60Wh,990g,윈도우11(설치),"['사무/인강용', '휴대용']"
LG전자,2023 그램15,15Z90R-G,16GB,LG전자 2023 그램15 15Z90R-G.AA5UK,15.6인치,1920x1080,i5-1340P,350nit,정보없음,인텔,1.9GHz,내장그래픽,Iris Xe,1,512GB,80Wh,1.14kg,윈도우11홈,"['사무/인강용', '휴대용']"
LG전자,2023 그램15,15Z90RT-GAFBK,16GB,LG전자 2023 그램15 15Z90RT-GAFBK,15.6인치,1920x1080,i5-1340P,400nit,정보없음,인텔,1.9GHz,내장그래픽,Iris Xe,1,256GB,60Wh,990g,윈도우11홈,"['사무/인강용', '휴대용']"
LG전자,2023 그램15,15ZD90RT-GX56K,16GB,LG전자 2023 그램15 15ZD90RT-GX56K WIN10,15.6인치,1920x1080,i5-1340P,400nit,정보없음,인텔,1.9GHz,내장그래픽,Iris Xe,1,256GB,60Wh,990g,윈도우10(설치),"['사무/인강용', '휴대용']"
LG전자,2023 그램15,15Z90R-GAFWK,16GB,LG전자 2023 그램15 15Z90R-GAFWK,15.6인치,1920x1080,i5-1340P,350nit,정보없음,인텔,1.9GHz,내장그래픽,Iris Xe,1,256GB,80Wh,1.14kg,윈도우11홈,"['사무/인강용', '휴대용']"
LG전자,2023 그램15,15Z90RT-GA50K,16GB,LG전자 2023 그램15 15Z90RT-GA50K,15.6인치,1920x1080,i5-1340P,400nit,정보없음,인텔,1.9GHz,내장그래픽,Iris Xe,1,512GB,60Wh,990g,윈도우11홈,"['사무/인강용', '휴대용']"
LG전자,2023 그램15,15Z90RT-GA5HK,16GB,LG전자 2023 그램15 15Z90RT-GA5HK,15.6인치,1920x1080,i5-1340P,400nit,정보없음,인텔,1.9GHz,내장그래픽,Iris Xe,1,512GB,60Wh,990g,윈도우11홈,"['사무/인강용', '휴대용']"
LG전자,2023 그램15,15ZD90RT-GX5BK,16GB,LG전자 2023 그램15 15ZD90RT-GX5BK WIN10,15.6인치,1920x1080,i5-1340P,400nit,정보없음,인텔,1.9GHz,내장그래픽,Iris Xe,1,256GB,60Wh,990g,윈도우10(설치),"['사무/인강용', '휴대용']"
LG전자,2023 그램15,15Z90RT-GA5MK,16GB,LG전자 2023 그램15 15Z90RT-GA5MK,15.6인치,1920x1080,i5-1340P,400nit,정보없음,인텔,1.9GHz,내장그래픽,Iris Xe,1,512GB,60Wh,990g,윈도우11홈,"['사무/인강용', '휴대용']"
LG전자,2023 그램15,15Z90R-GP56ML,16GB,LG전자 2023 그램15 15Z90R-GP56ML,15.6인치,1920x1080,i5-1340P,350nit,정보없음,인텔,1.9GHz,내장그래픽,Iris Xe,1,256GB,72Wh,1.14kg,윈도우11프로,"['사무/인강용', '휴대용']"
LG전자,2023 그램15,15ZB90R-GP56ML,16GB,LG전자 2023 그램15 15ZB90R-GP56ML,15.6인치,1920x1080,i5-1340P,350nit,정보없음,인텔,1.9GHz,내장그래픽,Iris Xe,1,256GB,80Wh,1.14kg,윈도우11프로,"['사무/인강용', '휴대용']"
LG전자,2023 그램15,15Z90R-GP5CL,32GB,LG전자 2023 그램15 15Z90R-GP5CL,15.6인치,1920x1080,i5-1340P,350nit,정보없음,인텔,1.9GHz,내장그래픽,Iris Xe,1,512GB,80Wh,1.14kg,윈도우11프로,"['사무/인강용', '휴대용']"
LG전자,2023 그램15,15Z90RT-GA5CK,16GB,LG전자 2023 그램15 15Z90RT-GA5CK,15.6인치,1920x1080,i5-1340P,400nit,정보없음,인텔,1.9GHz,내장그래픽,Iris Xe,1,1TB,60Wh,990g,윈도우11홈,"['사무/인강용', '휴대용']"
LG전자,2023 그램15,15ZD90R-GX76K,16GB,LG전자 2023 그램15 15ZD90R-GX76K WIN10,15.6인치,1920x1080,i7-1360P,350nit,정보없음,인텔,2.2GHz,내장그래픽,Iris Xe,1,256GB,80Wh,1.14kg,윈도우10(설치),"['사무/인강용', '휴대용']"
LG전자,2023 그램15,15Z90R-GA7CK,16GB,LG전자 2023 그램15 15Z90R-GA7CK,15.6인치,1920x1080,i7-1360P,350nit,정보없음,인텔,2.2GHz,내장그래픽,Iris Xe,1,512GB,80Wh,1.14kg,윈도우11홈,"['사무/인강용', '휴대용']"
LG전자,2023 그램15,15ZB90R-GP50ML,8GB,LG전자 2023 그램15 15ZB90R-GP50ML,15.6인치,1920x1080,i5-1340P,350nit,정보없음,인텔,1.9GHz,내장그래픽,Iris Xe,1,256GB,80Wh,1.14kg,윈도우11프로,"['사무/인강용', '휴대용']"
LG전자,2023 그램15,15Z90R-GA59K,32GB,LG전자 2023 그램15 15Z90R-GA59K,15.6인치,1920x1080,i5-1340P,350nit,정보없음,인텔,1.9GHz,내장그래픽,Iris Xe,1,256GB,80Wh,1.14kg,윈도우11홈,"['사무/인강용', '휴대용']"
LG전자,2023 그램15,15Z90R-GP59ML,32GB,LG전자 2023 그램15 15Z90R-GP59ML,15.6인치,1920x1080,i5-1340P,350nit,정보없음,인텔,1.9GHz,내장그래픽,Iris Xe,1,512GB,80Wh,1.14kg,윈도우11프로,"['사무/인강용', '휴대용']"
LG전자,2023 그램15,15Z90RT-GA5WK,16GB,LG전자 2023 그램15 15Z90RT-GA5WK,15.6인치,1920x1080,i5-1340P,400nit,정보없음,인텔,1.9GHz,내장그래픽,Iris Xe,1,512GB,60Wh,990g,윈도우11홈,"['사무/인강용', '휴대용']"
LG전자,2023 그램15,15ZB90R-GP7HL,32GB,LG전자 2023 그램15 15ZB90R-GP7HL,15.6인치,1920x1080,i7-1360P,정보없음,정보없음,인텔,2.2GHz,내장그래픽,Iris Xe,1,512GB,80Wh,1.14kg,윈도우11프로,"['사무/인강용', '휴대용']"
LG전자,2023 그램15,15Z90R-GP7KL,16GB,LG전자 2023 그램15 15Z90R-GP7KL,15.6인치,1920x1080,i7-1360P,정보없음,정보없음,인텔,2.2GHz,내장그래픽,Iris Xe,1,512GB,80Wh,1.14kg,윈도우11프로,"['사무/인강용', '휴대용']"
LG전자,2023 그램15,15Z90R-GS5ML,16GB,LG전자 2023 그램15 15Z90R-GS5ML,15.6인치,1920x1080,i5-1340P,350nit,정보없음,인텔,1.9GHz,내장그래픽,Iris Xe,1,512GB,80Wh,1.14kg,윈도우10,"['사무/인강용', '휴대용']"
LG전자,2023 그램15,15ZB90R-GS5BL,16GB,LG전자 2023 그램15 15ZB90R-GS5BL,15.6인치,1920x1080,i5-1340P,350nit,정보없음,인텔,1.9GHz,내장그래픽,Iris Xe,1,512GB,80Wh,1.14kg,윈도우11프로,"['사무/인강용', '휴대용']"
LG전자,2023 그램16,16Z90R-GP56ML,16GB,LG전자 2023 그램16 16Z90R-GP56ML,16인치,2560x1600,i5-1340P,350nit,정보없음,인텔,1.9GHz,내장그래픽,Iris Xe,1,256GB,80Wh,1.199kg,윈도우11프로,"['사무/인강용', '휴대용']"
LG전자,2023 그램16,16ZD90RU-GX56K,16GB,LG전자 2023 그램16 16ZD90RU-GX56K,16인치,2560x1600,i5-1335U,350nit,정보없음,인텔,1.3GHz,내장그래픽,Iris Xe,1,256GB,80Wh,1.199kg,정보없음,"['사무/인강용', '휴대용']"
LG전자,2023 그램16,16ZD90RU-GX56K,16GB,LG전자 2023 그램16 16ZD90RU-GX56K WIN11,16인치,2560x1600,i5-1335U,350nit,정보없음,인텔,1.3GHz,내장그래픽,Iris Xe,1,256GB,80Wh,1.199kg,윈도우11(설치),"['사무/인강용', '휴대용']"
LG전자,2023 그램16,16Z90R-GA5VK,16GB,LG전자 2023 그램16 16Z90R-GA5VK,16인치,2560x1600,i5-1340P,400nit,144Hz,인텔,1.9GHz,내장그래픽,Iris Xe,1,256GB,80Wh,1.199kg,윈도우11홈,"['사무/인강용', '휴대용']"
LG전자,2023 그램16,16ZD90RU-GX54K,16GB,LG전자 2023 그램16 16ZD90RU-GX54K,16인치,2560x1600,i5-1334U,350nit,정보없음,인텔,1.3GHz,내장그래픽,Iris Xe,1,256GB,80Wh,1.199kg,정보없음,"['사무/인강용', '휴대용']"
LG전자,2023 그램16,16Z90R-GA5JK,16GB,LG전자 2023 그램16 16Z90R-GA5JK,16인치,2560x1600,i5-1340P,350nit,정보없음,인텔,1.9GHz,내장그래픽,Iris Xe,1,256GB,80Wh,1.199kg,윈도우11홈,"['사무/인강용', '휴대용']"
LG전자,2023 그램16,16ZD90R-GX56K,16GB,LG전자 2023 그램16 16ZD90R-GX56K,16인치,2560x1600,i5-1340P,350nit,정보없음,인텔,1.9GHz,내장그래픽,Iris Xe,1,256GB,80Wh,1.199kg,정보없음,"['사무/인강용', '휴대용']"
LG전자,2023 그램16,16Z90R-GA50K,16GB,LG전자 2023 그램16 16Z90R-GA50K,16인치,2560x1600,i5-1340P,350nit,정보없음,인텔,1.9GHz,내장그래픽,Iris Xe,1,256GB,80Wh,1.199kg,윈도우11홈,"['사무/인강용', '휴대용']"
LG전자,2023 그램16,16ZD90RU-GX54K,16GB,LG전자 2023 그램16 16ZD90RU-GX54K WIN11,16인치,2560x1600,i5-1334U,350nit,정보없음,인텔,1.3GHz,내장그래픽,Iris Xe,1,256GB,80Wh,1.199kg,윈도우11(설치),"['사무/인강용', '휴대용']"
LG전자,2023 그램16,16Z90RU-GAOWK,16GB,LG전자 2023 그램16 16Z90RU-GAOWK,16인치,2560x1600,i5-1335U,350nit,정보없음,인텔,1.3GHz,내장그래픽,Iris Xe,1,256GB,80Wh,1.199kg,윈도우11홈,"['사무/인강용', '휴대용']"
LG전자,2023 그램16,16Z90R-GA56K,16GB,LG전자 2023 그램16 16Z90R-GA56K,16인치,2560x1600,i5-1340P,350nit,정보없음,인텔,1.9GHz,내장그래픽,Iris Xe,1,512GB,80Wh,1.199kg,윈도우11홈,"['사무/인강용', '휴대용']"
LG전자,2023 그램16,16Z90R-GA76K,16GB,LG전자 2023 그램16 16Z90R-GA76K,16인치,2560x1600,i7-1360P,350nit,정보없음,인텔,2.2GHz,내장그래픽,Iris Xe,1,256GB,80Wh,1.199kg,윈도우11홈,"['사무/인강용', '휴대용']"
LG전자,2023 그램16,16ZD90R-GX76K,16GB,LG전자 2023 그램16 16ZD90R-GX76K,16인치,2560x1600,i7-1360P,350nit,정보없음,인텔,2.2GHz,내장그래픽,Iris Xe,1,256GB,80Wh,1.199kg,정보없음,"['사무/인강용', '휴대용']"
LG전자,2023 그램16,16ZD90R-GX56K,16GB,LG전자 2023 그램16 16ZD90R-GX56K WIN11,16인치,2560x1600,i5-1340P,350nit,정보없음,인텔,1.9GHz,내장그래픽,Iris Xe,1,256GB,80Wh,1.199kg,윈도우11(설치),"['사무/인강용', '휴대용']"
LG전자,2023 그램16,16Z90R-GA5SK,16GB,LG전자 2023 그램16 16Z90R-GA5SK,16인치,2560x1600,i5-1340P,350nit,정보없음,인텔,1.9GHz,내장그래픽,Iris Xe,1,512GB,80Wh,1.199kg,윈도우11홈,"['사무/인강용', '휴대용']"
LG전자,2023 그램16,16Z90R-EA76K,16GB,LG전자 2023 그램16 16Z90R-EA76K,16인치,2560x1600,i7-1360P,350nit,정보없음,인텔,2.2GHz,외장그래픽,RTX3050,1,256GB,90Wh,1.299kg,윈도우11홈,"['그래픽작업용', '휴대용']"
LG전자,2023 그램16,16ZD90R-EX59K,32GB,LG전자 2023 그램16 16ZD90R-EX59K,16인치,2560x1600,i5-1340P,350nit,정보없음,인텔,1.9GHz,외장그래픽,RTX3050,1,256GB,90Wh,1.299kg,정보없음,"['그래픽작업용', '휴대용']"
LG전자,2023 그램16,16ZD90R-EX56K,16GB,LG전자 2023 그램16 16ZD90R-EX56K,16인치,2560x1600,i5-1340P,350nit,정보없음,인텔,1.9GHz,외장그래픽,RTX3050,1,256GB,90Wh,1.299kg,정보없음,"['그래픽작업용', '휴대용']"
LG전자,2023 그램16,16Z90R-GAFWK,16GB,LG전자 2023 그램16 16Z90R-GAFWK,16인치,2560x1600,i5-1340P,350nit,정보없음,인텔,1.9GHz,내장그래픽,Iris Xe,1,256GB,80Wh,1.199kg,윈도우11홈,"['사무/인강용', '휴대용']"
LG전자,2023 그램16,16ZD90R-EX7VK,32GB,LG전자 2023 그램16 16ZD90R-EX7VK,16인치,2560x1600,i7-1360P,400nit,144Hz,인텔,2.2GHz,외장그래픽,RTX3050,1,512GB,90Wh,1.299kg,정보없음,"['그래픽작업용', '휴대용']"
LG전자,2023 그램16,16Z90R-EA7CK,16GB,LG전자 2023 그램16 16Z90R-EA7CK,16인치,2560x1600,i7-1360P,350nit,정보없음,인텔,2.2GHz,외장그래픽,RTX3050,1,512GB,90Wh,1.299kg,윈도우11홈,"['그래픽작업용', '휴대용']"
LG전자,2023 그램16,16Z90R-EA5CK,16GB,LG전자 2023 그램16 16Z90R-EA5CK,16인치,2560x1600,i5-1340P,350nit,정보없음,인텔,1.9GHz,외장그래픽,RTX3050,1,512GB,90Wh,1.299kg,윈도우11홈,"['그래픽작업용', '휴대용']"
LG전자,2023 그램16,16ZD90R-GX76K,16GB,LG전자 2023 그램16 16ZD90R-GX76K WIN11,16인치,2560x1600,i7-1360P,350nit,정보없음,인텔,2.2GHz,내장그래픽,Iris Xe,1,256GB,80Wh,1.199kg,윈도우11(설치),"['사무/인강용', '휴대용']"
LG전자,2023 그램16,16ZD90R-EX7VK,32GB,LG전자 2023 그램16 16ZD90R-EX7VK WIN11,16인치,2560x1600,i7-1360P,400nit,144Hz,인텔,2.2GHz,외장그래픽,RTX3050,1,512GB,90Wh,1.299kg,윈도우11(설치),"['그래픽작업용', '휴대용']"
LG전자,2023 그램16,16ZD90R-EX76K,16GB,LG전자 2023 그램16 16ZD90R-EX76K,16인치,2560x1600,i7-1360P,350nit,정보없음,인텔,2.2GHz,외장그래픽,RTX3050,1,256GB,90Wh,1.299kg,정보없음,"['그래픽작업용', '휴대용']"
LG전자,2023 그램16,16ZD90R-EX59K,32GB,LG전자 2023 그램16 16ZD90R-EX59K WIN11,16인치,2560x1600,i5-1340P,350nit,정보없음,인텔,1.9GHz,외장그래픽,RTX3050,1,256GB,90Wh,1.299kg,윈도우11(설치),"['그래픽작업용', '휴대용']"
LG전자,2023 그램16,16ZD90R-EX79K,32GB,LG전자 2023 그램16 16ZD90R-EX79K WIN11,16인치,2560x1600,i7-1360P,350nit,정보없음,인텔,2.2GHz,외장그래픽,RTX3050,1,256GB,90Wh,1.299kg,윈도우11(설치),"['그래픽작업용', '휴대용']"
LG전자,2023 그램16,16ZD90R-GX56K,16GB,LG전자 2023 그램16 16ZD90R-GX56K WIN10,16인치,2560x1600,i5-1340P,350nit,정보없음,인텔,1.9GHz,내장그래픽,Iris Xe,1,256GB,80Wh,1.199kg,윈도우10(설치),"['사무/인강용', '휴대용']"
LG전자,2023 그램16,16ZD90R-EX79K,32GB,LG전자 2023 그램16 16ZD90R-EX79K,16인치,2560x1600,i7-1360P,350nit,정보없음,인텔,2.2GHz,외장그래픽,RTX3050,1,256GB,90Wh,1.299kg,정보없음,"['그래픽작업용', '휴대용']"
LG전자,2023 그램16,16ZD90RU-GX56K,16GB,LG전자 2023 그램16 16ZD90RU-GX56K WIN10,16인치,2560x1600,i5-1335U,350nit,정보없음,인텔,1.3GHz,내장그래픽,Iris Xe,1,256GB,80Wh,1.199kg,윈도우10(설치),"['사무/인강용', '휴대용']"
LG전자,2023 그램16,16Z90R-GA5CK,16GB,LG전자 2023 그램16 16Z90R-GA5CK,16인치,2560x1600,i5-1340P,350nit,정보없음,인텔,1.9GHz,내장그래픽,Iris Xe,1,250GB,80Wh,1.199kg,윈도우11홈,"['사무/인강용', '휴대용']"
LG전자,2023 그램16,16Z90R-GA70K,16GB,LG전자 2023 그램16 16Z90R-GA70K,16인치,2560x1600,i7-1360P,350nit,정보없음,인텔,2.2GHz,내장그래픽,Iris Xe,1,512GB,80Wh,1.199kg,윈도우11홈,"['사무/인강용', '휴대용']"
LG전자,2023 그램16,16Z90R-GA5BK,16GB,LG전자 2023 그램16 16Z90R-GA5BK,16인치,2560x1600,i5-1340P,350nit,정보없음,인텔,1.9GHz,내장그래픽,Iris Xe,1,256GB,80Wh,1.199kg,윈도우11홈,"['사무/인강용', '휴대용']"
LG전자,2023 그램16,16ZD90R-EX59K,32GB,LG전자 2023 그램16 16ZD90R-EX59K WIN10,16인치,2560x1600,i5-1340P,350nit,정보없음,인텔,1.9GHz,외장그래픽,RTX3050,1,256GB,90Wh,1.299kg,윈도우10(설치),"['그래픽작업용', '휴대용']"
LG전자,2023 그램16,16ZD90R-EX7VK,32GB,LG전자 2023 그램16 16ZD90R-EX7VK WIN10,16인치,2560x1600,i7-1360P,400nit,144Hz,인텔,2.2GHz,외장그래픽,RTX3050,1,512GB,90Wh,1.299kg,윈도우10(설치),"['그래픽작업용', '휴대용']"
LG전자,2023 그램16,16ZD90R-GX76K,16GB,LG전자 2023 그램16 16ZD90R-GX76K WIN10,16인치,2560x1600,i7-1360P,350nit,정보없음,인텔,2.2GHz,내장그래픽,Iris Xe,1,256GB,80Wh,1.199kg,윈도우10(설치),"['사무/인강용', '휴대용']"
LG전자,2023 그램16,16Z90R-GA7CK,16GB,LG전자 2023 그램16 16Z90R-GA7CK,16인치,2560x1600,i7-1360P,350nit,정보없음,인텔,2.2GHz,내장그래픽,Iris Xe,1,250GB,80Wh,1.199kg,윈도우11홈,"['사무/인강용', '휴대용']"
LG전자,2023 그램16,16ZD90R-EX56K,16GB,LG전자 2023 그램16 16ZD90R-EX56K WIN11,16인치,2560x1600,i5-1340P,350nit,정보없음,인텔,1.9GHz,외장그래픽,RTX3050,1,256GB,90Wh,1.299kg,윈도우11(설치),"['그래픽작업용', '휴대용']"
LG전자,2023 그램16,16Z90R-GA5HK,16GB,LG전자 2023 그램16 16Z90R-GA5HK,16인치,2560x1600,i5-1340P,350nit,정보없음,인텔,1.9GHz,내장그래픽,Iris Xe,1,512GB,80Wh,1.199kg,윈도우11홈,"['사무/인강용', '휴대용']"
LG전자,2023 그램16,16ZD90R-EX76K,16GB,LG전자 2023 그램16 16ZD90R-EX76K WIN11,16인치,2560x1600,i7-1360P,350nit,정보없음,인텔,2.2GHz,외장그래픽,RTX3050,1,256GB,90Wh,1.299kg,윈도우11(설치),"['그래픽작업용', '휴대용']"
LG전자,2023 그램16,16Z90R-EA50K,16GB,LG전자 2023 그램16 16Z90R-EA50K,16인치,2560x1600,i5-1340P,350nit,정보없음,인텔,1.9GHz,외장그래픽,RTX3050,1,256GB,90Wh,1.299kg,윈도우11홈,"['그래픽작업용', '휴대용']"
LG전자,2023 그램16,16Z90R-GA7HK,16GB,LG전자 2023 그램16 16Z90R-GA7HK,16인치,2560x1600,i7-1360P,350nit,정보없음,인텔,2.2GHz,내장그래픽,Iris Xe,1,512GB,80Wh,1.199kg,윈도우11홈,"['사무/인강용', '휴대용']"
LG전자,2023 그램16,16Z90R-EA5HK,16GB,LG전자 2023 그램16 16Z90R-EA5HK,16인치,2560x1600,i5-1340P,350nit,정보없음,인텔,1.9GHz,외장그래픽,RTX3050,1,512GB,90Wh,1.299kg,윈도우11홈,"['그래픽작업용', '휴대용']"
LG전자,2023 그램16,16Z90R-GP76ML,16GB,LG전자 2023 그램16 16Z90R-GP76ML,16인치,2560x1600,i7-1360P,350nit,정보없음,인텔,2.2GHz,내장그래픽,Iris Xe,1,256GB,80Wh,1.199kg,윈도우11프로,"['사무/인강용', '휴대용']"
LG전자,2023 그램16,16ZD90R-EX79K,32GB,LG전자 2023 그램16 16ZD90R-EX79K WIN10,16인치,2560x1600,i7-1360P,350nit,정보없음,인텔,2.2GHz,외장그래픽,RTX3050,1,256GB,90Wh,1.299kg,윈도우10(설치),"['그래픽작업용', '휴대용']"
LG전자,2023 그램16,16ZD90R-EX56K,16GB,LG전자 2023 그램16 16ZD90R-EX56K WIN10,16인치,2560x1600,i5-1340P,350nit,정보없음,인텔,1.9GHz,외장그래픽,RTX3050,1,256GB,90Wh,1.299kg,윈도우10(설치),"['그래픽작업용', '휴대용']"
LG전자,2023 그램16,16Z90R-EA70K,16GB,LG전자 2023 그램16 16Z90R-EA70K,16인치,2560x1600,i7-1360P,400nit,144Hz,인텔,2.2GHz,외장그래픽,RTX3050,1,512GB,90Wh,1.299kg,윈도우11홈,"['그래픽작업용', '휴대용']"
LG전자,2023 그램16,16Z90R-GA5DK,16GB,LG전자 2023 그램16 16Z90R-GA5DK,16인치,2560x1600,i5-1340P,350nit,정보없음,인텔,1.9GHz,내장그래픽,Iris Xe,1,256GB,80Wh,1.199kg,윈도우11홈,"['사무/인강용', '휴대용']"
LG전자,2023 그램16,16Z90R-EP7CL,16GB,LG전자 2023 그램16 16Z90R-EP7CL,16인치,2560x1600,i7-1360P,정보없음,정보없음,인텔,2.2GHz,외장그래픽,RTX3050,1,256GB,90Wh,1.29kg,윈도우11프로,"['그래픽작업용', '휴대용']"
LG전자,2023 그램16,16Z90R-EA7HK,16GB,LG전자 2023 그램16 16Z90R-EA7HK,16인치,2560x1600,i7-1360P,400nit,144Hz,인텔,2.2GHz,외장그래픽,RTX3050,1,512GB,90Wh,1.299kg,윈도우11홈,"['그래픽작업용', '휴대용']"
LG전자,2023 그램16,16Z90R-GP5ML,16GB,LG전자 2023 그램16 16Z90R-GP5ML,16인치,2560x1600,i5-1340P,350nit,정보없음,인텔,1.9GHz,내장그래픽,Iris Xe,1,512GB,80Wh,1.199kg,윈도우11프로,"['사무/인강용', '휴대용']"
LG전자,2023 그램16,16Z90R-GP7KL,16GB,LG전자 2023 그램16 16Z90R-GP7KL,16인치,2560x1600,i7-1360P,350nit,정보없음,인텔,2.2GHz,내장그래픽,Iris Xe,1,512GB,80Wh,1.199kg,윈도우11프로,"['사무/인강용', '휴대용']"
LG전자,2023 그램16,16ZD90R-EX76K,16GB,LG전자 2023 그램16 16ZD90R-EX76K WIN10,16인치,2560x1600,i7-1360P,350nit,정보없음,인텔,2.2GHz,외장그래픽,RTX3050,1,256GB,90Wh,1.299kg,윈도우10(설치),"['그래픽작업용', '휴대용']"
LG전자,2023 그램16,16Z90R-EP7KL,32GB,LG전자 2023 그램16 16Z90R-EP7KL,16인치,2560x1600,i7-1360P,350nit,정보없음,인텔,2.2GHz,외장그래픽,RTX3050,1,256GB,90Wh,1.299kg,윈도우11프로,['그래픽작업용']
LG전자,2023 그램16,16Z90R-EP76ML,16GB,LG전자 2023 그램16 16Z90R-EP76ML,16인치,2560x1600,i7-1360P,350nit,정보없음,인텔,2.2GHz,외장그래픽,RTX3050,1,256GB,90Wh,1.299kg,윈도우11프로,['그래픽작업용']
LG전자,2023 그램16,16Z90R-GD79K,32GB,LG전자 2023 그램16 16Z90R-GD79K,16인치,2560x1600,i7-1360P,350nit,정보없음,인텔,2.2GHz,내장그래픽,Iris Xe,1,512GB,80Wh,1.199kg,윈도우11홈,"['사무/인강용', '휴대용']"
LG전자,2023 그램16,16Z90R-G,16GB,LG전자 2023 그램16 16Z90R-G.AA5UK,16인치,2560x1600,i5-1340P,350nit,정보없음,인텔,1.9GHz,내장그래픽,Iris Xe,1,512GB,80Wh,1.199kg,윈도우11홈,"['사무/인강용', '휴대용']"
LG전자,2023 그램17,17Z90R-GA5VK,16GB,LG전자 2023 그램17 17Z90R-GA5VK,17인치,2560x1600,i5-1340P,400nit,144Hz,인텔,1.9GHz,내장그래픽,Iris Xe,1,256GB,80Wh,1.35kg,윈도우11홈,"['사무/인강용', '휴대용']"
LG전자,2023 그램17,17ZD90RU-GX56K,정보없음,LG전자 2023 그램17 17ZD90RU-GX56K,17인치,2560x1600,i5-1335U,350nit,정보없음,인텔,1.3GHz,내장그래픽,Iris Xe,1,정보없음,정보없음,1.35kg,정보없음,[]
LG전자,2023 그램17,17ZD90RU-GX54K,16GB,LG전자 2023 그램17 17ZD90RU-GX54K,17인치,2560x1600,i5-1334U,350nit,정보없음,인텔,1.3GHz,내장그래픽,Iris Xe,1,256GB,80Wh,1.35kg,정보없음,"['사무/인강용', '휴대용']"
LG전자,2023 그램17,17ZD90RU-GX54K,16GB,LG전자 2023 그램17 17ZD90RU-GX54K WIN11,17인치,2560x1600,i5-1334U,350nit,정보없음,인텔,1.3GHz,내장그래픽,Iris Xe,1,256GB,80Wh,1.35kg,윈도우11(설치),"['사무/인강용', '휴대용']"
LG전자,2023 그램17,17ZD90RU-GX56K,16GB,LG전자 2023 그램17 17ZD90RU-GX56K WIN11,17인치,2560x1600,i5-1335U,350nit,정보없음,인텔,1.3GHz,내장그래픽,Iris Xe,1,256GB,80Wh,1.35kg,윈도우11(설치),"['사무/인강용', '휴대용']"
LG전자,2023 그램17,17ZD90R-GX76K,16GB,LG전자 2023 그램17 17ZD90R-GX76K,17인치,2560x1600,i7-1360P,350nit,정보없음,인텔,2.2GHz,내장그래픽,Iris Xe,1,256GB,80Wh,1.35kg,정보없음,"['사무/인강용', '휴대용']"
LG전자,2023 그램17,17Z90R-GA56K,정보없음,LG전자 2023 그램17 17Z90R-GA56K,17인치,2560x1600,i5-1340P,350nit,정보없음,인텔,1.9GHz,내장그래픽,Iris Xe,1,정보없음,정보없음,1.35kg,윈도우11,[]
LG전자,2023 그램17,17Z90R-GA50K,16GB,LG전자 2023 그램17 17Z90R-GA50K,17인치,2560x1600,i5-1340P,350nit,정보없음,인텔,1.9GHz,내장그래픽,Iris Xe,1,256GB,80Wh,1.35kg,윈도우11홈,"['사무/인강용', '휴대용']"
LG전자,2023 그램17,17Z90R-GA5SK,16GB,LG전자 2023 그램17 17Z90R-GA5SK,17인치,2560x1600,i5-1340P,350nit,정보없음,인텔,1.9GHz,내장그래픽,Iris Xe,1,512GB,80Wh,1.35kg,윈도우11홈,"['사무/인강용', '휴대용']"
LG전자,2023 그램17,17Z90R-GA5HK,16GB,LG전자 2023 그램17 17Z90R-GA5HK,17인치,2560x1600,i5-1340P,350nit,정보없음,인텔,1.9GHz,내장그래픽,Iris Xe,1,512GB,80Wh,1.35kg,윈도우11홈,"['사무/인강용', '휴대용']"
LG전자,2023 그램17,17ZD90R-EX7VK,32GB,LG전자 2023 그램17 17ZD90R-EX7VK WIN11,17인치,2560x1600,i7-1360P,400nit,144Hz,인텔,2.2GHz,외장그래픽,RTX3050,1,512GB,90Wh,1.45kg,윈도우11(설치),"['그래픽작업용', '휴대용']"
LG전자,2023 그램17,17Z90R-EA76K,16GB,LG전자 2023 그램17 17Z90R-EA76K,17인치,2560x1600,i7-1360P,350nit,정보없음,인텔,2.2GHz,외장그래픽,RTX3050,1,256GB,90Wh,1.45kg,윈도우11홈,"['그래픽작업용', '휴대용']"
LG전자,2023 그램17,17ZD90R-GX76K,16GB,LG전자 2023 그램17 17ZD90R-GX76K WIN11,17인치,2560x1600,i7-1360P,350nit,정보없음,인텔,2.2GHz,내장그래픽,Iris Xe,1,256GB,80Wh,1.35kg,윈도우11(설치),"['사무/인강용', '휴대용']"
LG전자,2023 그램17,17Z90R-GA76K,16GB,LG전자 2023 그램17 17Z90R-GA76K,17인치,2560x1600,i7-1360P,350nit,정보없음,인텔,2.2GHz,내장그래픽,Iris Xe,1,256GB,80Wh,1.35kg,윈도우11홈,"['사무/인강용', '휴대용']"
LG전자,2023 그램17,17ZD90R-EX56K,16GB,LG전자 2023 그램17 17ZD90R-EX56K,17인치,2560x1600,i5-1340P,350nit,정보없음,인텔,1.9GHz,외장그래픽,RTX3050,1,256GB,90Wh,1.45kg,정보없음,"['그래픽작업용', '휴대용']"
LG전자,2023 그램17,17ZD90R-EX7VK,32GB,LG전자 2023 그램17 17ZD90R-EX7VK,17인치,2560x1600,i7-1360P,400nit,144Hz,인텔,2.2GHz,외장그래픽,RTX3050,1,512GB,90Wh,1.45kg,정보없음,"['그래픽작업용', '휴대용']"
LG전자,2023 그램17,17Z90RU-GAOWK,16GB,LG전자 2023 그램17 17Z90RU-GAOWK,17인치,2560x1600,i5-1335U,350nit,정보없음,인텔,1.3GHz,내장그래픽,Iris Xe,1,256GB,80Wh,1.35kg,윈도우11홈,"['사무/인강용', '휴대용']"
LG전자,2023 그램17,17Z90R-EA7CK,16GB,LG전자 2023 그램17 17Z90R-EA7CK,17인치,2560x1600,i7-1360P,350nit,정보없음,인텔,2.2GHz,외장그래픽,RTX3050,1,512GB,90Wh,1.45kg,윈도우11홈,"['그래픽작업용', '휴대용']"
LG전자,2023 그램17,17ZD90R-GX56K,16GB,LG전자 2023 그램17 17ZD90R-GX56K,17인치,2560x1600,i5-1340P,350nit,정보없음,인텔,1.9GHz,내장그래픽,Iris Xe,1,256GB,80Wh,1.35kg,정보없음,"['사무/인강용', '휴대용']"
LG전자,2023 그램17,17Z90R-ED7VK,32GB,LG전자 2023 그램17 17Z90R-ED7VK,17인치,2560x1600,i7-1360P,400nit,144Hz,인텔,2.2GHz,외장그래픽,RTX3050,1,512GB,90Wh,1.45kg,윈도우11홈,"['그래픽작업용', '휴대용']"
LG전자,2023 그램17,17ZD90R-GX56K,16GB,LG전자 2023 그램17 17ZD90R-GX56K WIN11,17인치,2560x1600,i5-1340P,350nit,정보없음,인텔,1.9GHz,내장그래픽,Iris Xe,1,256GB,80Wh,1.35kg,윈도우11(설치),"['사무/인강용', '휴대용']"
LG전자,2023 그램17,17Z90R-GA5BK,16GB,LG전자 2023 그램17 17Z90R-GA5BK,17인치,2560x1600,i5-1340P,350nit,정보없음,인텔,1.9GHz,내장그래픽,Iris Xe,1,256GB,80Wh,1.35kg,윈도우11홈,"['사무/인강용', '휴대용']"
LG전자,2023 그램17,17ZD90R-EX79K,32GB,LG전자 2023 그램17 17ZD90R-EX79K,17인치,2560x1600,i7-1360P,350nit,정보없음,인텔,2.2GHz,외장그래픽,RTX3050,1,256GB,90Wh,1.45kg,정보없음,"['그래픽작업용', '휴대용']"
LG전자,2023 그램17,17Z90R-GA70K,16GB,LG전자 2023 그램17 17Z90R-GA70K,17인치,2560x1600,i7-1360P,350nit,정보없음,인텔,2.2GHz,내장그래픽,Iris Xe,1,512GB,80Wh,1.35kg,윈도우11홈,"['사무/인강용', '휴대용']"
LG전자,2023 그램17,17Z90R-EA5CK,16GB,LG전자 2023 그램17 17Z90R-EA5CK,17인치,2560x1600,i5-1340P,350nit,정보없음,인텔,1.9GHz,외장그래픽,RTX3050,1,512GB,90Wh,1.45kg,윈도우11홈,"['그래픽작업용', '휴대용']"
LG전자,2023 그램17,17Z90R-GA7HK,16GB,LG전자 2023 그램17 17Z90R-GA7HK,17인치,2560x1600,i7-1360P,350nit,정보없음,인텔,2.2GHz,내장그래픽,Iris Xe,1,512GB,80Wh,1.35kg,윈도우11홈,"['사무/인강용', '휴대용']"
LG전자,2023 그램17,17ZD90R-GX76K,16GB,LG전자 2023 그램17 17ZD90R-GX76K WIN10,17인치,2560x1600,i7-1360P,350nit,정보없음,인텔,2.2GHz,내장그래픽,Iris Xe,1,256GB,80Wh,1.35kg,윈도우10(설치),"['사무/인강용', '휴대용']"
LG전자,2023 그램17,17Z90R-GP76ML,16GB,LG전자 2023 그램17 17Z90R-GP76ML,17인치,2560x1600,i7-1360P,정보없음,정보없음,인텔,2.2GHz,내장그래픽,Iris Xe,1,256GB,80Wh,1.35kg,윈도우11프로,"['사무/인강용', '휴대용']"
LG전자,2023 그램17,17Z90R-GA5CK,16GB,LG전자 2023 그램17 17Z90R-GA5CK,17인치,2560x1600,i5-1340P,350nit,정보없음,인텔,1.9GHz,내장그래픽,Iris Xe,1,1TB,80Wh,1.35kg,윈도우11홈,"['사무/인강용', '휴대용']"
LG전자,2023 그램17,17ZD90R-EX76K,16GB,LG전자 2023 그램17 17ZD90R-EX76K,17인치,2560x1600,i7-1360P,350nit,정보없음,인텔,2.2GHz,외장그래픽,RTX3050,1,256GB,90Wh,1.45kg,정보없음,"['그래픽작업용', '휴대용']"
LG전자,2023 그램17,17ZD90R-GX56K,16GB,LG전자 2023 그램17 17ZD90R-GX56K WIN10,17인치,2560x1600,i5-1340P,350nit,정보없음,인텔,1.9GHz,내장그래픽,Iris Xe,1,256GB,80Wh,1.35kg,윈도우10(설치),"['사무/인강용', '휴대용']"
LG전자,2023 그램17,17ZD90R-EX7VK,32GB,LG전자 2023 그램17 17ZD90R-EX7VK WIN10,17인치,2560x1600,i7-1360P,400nit,144Hz,인텔,2.2GHz,외장그래픽,RTX3050,1,512GB,90Wh,1.45kg,윈도우10(설치),"['그래픽작업용', '휴대용']"
LG전자,2023 그램17,17ZD90RU-GX56K,16GB,LG전자 2023 그램17 17ZD90RU-GX56K WIN10,17인치,2560x1600,i5-1335U,350nit,정보없음,인텔,1.3GHz,내장그래픽,Iris Xe,1,256GB,80Wh,1.35kg,윈도우10(설치),"['사무/인강용', '휴대용']"
LG전자,2023 그램17,17ZD90R-EX79K,32GB,LG전자 2023 그램17 17ZD90R-EX79K WIN11,17인치,2560x1600,i7-1360P,350nit,정보없음,인텔,2.2GHz,외장그래픽,RTX3050,1,256GB,90Wh,1.45kg,윈도우11(설치),"['그래픽작업용', '휴대용']"
LG전자,2023 그램17,17Z90R-EA50K,16GB,LG전자 2023 그램17 17Z90R-EA50K,17인치,2560x1600,i5-1340P,350nit,정보없음,인텔,1.9GHz,외장그래픽,RTX3050,1,256GB,90Wh,1.45kg,윈도우11홈,"['그래픽작업용', '휴대용']"
LG전자,2023 그램17,17Z90R-GA7CK,16GB,LG전자 2023 그램17 17Z90R-GA7CK,17인치,2560x1600,i7-1360P,350nit,정보없음,인텔,2.2GHz,내장그래픽,Iris Xe,1,512GB,80Wh,1.35kg,윈도우11홈,"['사무/인강용', '휴대용']"
LG전자,2023 그램17,17ZD90R-EX56K,16GB,LG전자 2023 그램17 17ZD90R-EX56K WIN11,17인치,2560x1600,i5-1340P,350nit,정보없음,인텔,1.9GHz,외장그래픽,RTX3050,1,256GB,90Wh,1.45kg,윈도우11(설치),"['그래픽작업용', '휴대용']"
LG전자,2023 그램17,17Z90R-EP7GL,32GB,LG전자 2023 그램17 17Z90R-EP7GL,17인치,2560x1600,i7-1360P,정보없음,정보없음,인텔,2.2GHz,외장그래픽,RTX3050,1,256GB,90Wh,1.45kg,윈도우11프로,"['그래픽작업용', '휴대용']"
LG전자,2023 그램17,17ZD90R-EX76K,16GB,LG전자 2023 그램17 17ZD90R-EX76K WIN11,17인치,2560x1600,i7-1360P,350nit,정보없음,인텔,2.2GHz,외장그래픽,RTX3050,1,256GB,90Wh,1.45kg,윈도우11(설치),"['그래픽작업용', '휴대용']"
LG전자,2023 그램17,17Z90R-EA5HK,16GB,LG전자 2023 그램17 17Z90R-EA5HK,17인치,2560x1600,i5-1340P,350nit,정보없음,인텔,1.9GHz,외장그래픽,RTX3050,1,512GB,90Wh,1.45kg,윈도우11홈,"['그래픽작업용', '휴대용']"
LG전자,2023 그램17,17Z90R-EA70K,16GB,LG전자 2023 그램17 17Z90R-EA70K,17인치,2560x1600,i7-1360P,350nit,정보없음,인텔,2.2GHz,외장그래픽,RTX3050,1,512GB,90Wh,1.45kg,윈도우11홈,"['그래픽작업용', '휴대용']"
LG전자,2023 그램17,17Z90R-EA7HK,16GB,LG전자 2023 그램17 17Z90R-EA7HK,17인치,2560x1600,i7-1360P,350nit,정보없음,인텔,2.2GHz,외장그래픽,RTX3050,1,512GB,90Wh,1.45kg,윈도우11홈,"['그래픽작업용', '휴대용']"
LG전자,2023 그램17,17Z90R-GD79K,32GB,LG전자 2023 그램17 17Z90R-GD79K,17인치,2560x1600,i7-1360P,350nit,정보없음,인텔,2.2GHz,내장그래픽,Iris Xe,1,512GB,80Wh,1.35kg,윈도우11홈,"['사무/인강용', '휴대용']"
LG전자,2023 그램17,17Z90R-EP7CL,16GB,LG전자 2023 그램17 17Z90R-EP7CL,17인치,2560x1600,i7-1360P,정보없음,정보없음,인텔,2.2GHz,외장그래픽,RTX3050,1,256GB,90Wh,1.45kg,윈도우11프로,"['그래픽작업용', '휴대용']"
LG전자,2023 그램17,17ZD90R-EX79K,32GB,LG전자 2023 그램17 17ZD90R-EX79K WIN10,17인치,2560x1600,i7-1360P,350nit,정보없음,인텔,2.2GHz,외장그래픽,RTX3050,1,256GB,90Wh,1.45kg,윈도우10(설치),"['그래픽작업용', '휴대용']"
LG전자,2023 그램17,17ZD90R-EX56K,16GB,LG전자 2023 그램17 17ZD90R-EX56K WIN10,17인치,2560x1600,i5-1340P,350nit,정보없음,인텔,1.9GHz,외장그래픽,RTX3050,1,256GB,90Wh,1.45kg,윈도우10(설치),"['그래픽작업용', '휴대용']"
LG전자,2023 그램17,17ZD90R-EX76K,16GB,LG전자 2023 그램17 17ZD90R-EX76K WIN10,17인치,2560x1600,i7-1360P,350nit,정보없음,인텔,2.2GHz,외장그래픽,RTX3050,1,256GB,90Wh,1.45kg,윈도우10(설치),"['그래픽작업용', '휴대용']"
LG전자,2023 그램17,17Z90R-GP56ML,16GB,LG전자 2023 그램17 17Z90R-GP56ML,17인치,2560x1600,i5-1340P,350nit,정보없음,인텔,1.9GHz,내장그래픽,Iris Xe,1,256GB,80Wh,1.35kg,윈도우11프로,"['사무/인강용', '휴대용']"
LG전자,2023 그램17,17Z90R-GAFWK,16GB,LG전자 2023 그램17 17Z90R-GAFWK,17인치,2560x1600,i5-1340P,350nit,정보없음,인텔,1.9GHz,내장그래픽,Iris Xe,1,256GB,80Wh,1.35kg,윈도우11홈,"['사무/인강용', '휴대용']"
LG전자,2023 그램17,17ZB90R-GP56ML,16GB,LG전자 2023 그램17 17ZB90R-GP56ML,17인치,2560x1600,i5-1340P,350nit,정보없음,인텔,1.9GHz,내장그래픽,Iris Xe,1,256GB,80Wh,1.35kg,윈도우11프로,"['사무/인강용', '휴대용']"
LG전자,2023 그램17,17ZB90R-GP7CL,32GB,LG전자 2023 그램17 17ZB90R-GP7CL,17인치,2560x1600,i7-1360P,350nit,정보없음,인텔,2.2GHz,내장그래픽,Iris Xe,1,512GB,80Wh,1.35kg,윈도우11프로,"['사무/인강용', '휴대용']"
LG전자,2023 그램360,16T90R-GA56K,16GB,LG전자 2023 그램360 16T90R-GA56K,16인치,2560x1600,i5-1340P,350nit,정보없음,인텔,1.9GHz,내장그래픽,Iris Xe,1,256GB,80Wh,1.48kg,윈도우11홈,['사무/인강용']
LG전자,2023 그램360,16T90R-GA50K,16GB,LG전자 2023 그램360 16T90R-GA50K,16인치,2560x1600,i5-1340P,350nit,정보없음,인텔,1.9GHz,내장그래픽,Iris Xe,1,512GB,80Wh,1.48kg,윈도우11홈,['사무/인강용']
LG전자,2023 그램360,16TD90R-GX56K,16GB,LG전자 2023 그램360 16TD90R-GX56K,16인치,2560x1600,i5-1340P,350nit,정보없음,인텔,1.9GHz,내장그래픽,Iris Xe,1,256GB,80Wh,1.48kg,정보없음,['사무/인강용']
LG전자,2023 그램360,16T90R-GA76K,16GB,LG전자 2023 그램360 16T90R-GA76K,16인치,2560x1600,i7-1360P,350nit,정보없음,인텔,2.2GHz,내장그래픽,Iris Xe,1,256GB,80Wh,1.48kg,윈도우11홈,['사무/인강용']
LG전자,2023 그램360,16T90R-GA5CK,16GB,LG전자 2023 그램360 16T90R-GA5CK,16인치,2560x1600,i5-1340P,350nit,정보없음,인텔,1.9GHz,내장그래픽,Iris Xe,1,512GB,80Wh,1.48kg,윈도우11홈,['사무/인강용']
LG전자,2023 그램360,16TD90R-GX56K,16GB,LG전자 2023 그램360 16TD90R-GX56K WIN11,16인치,2560x1600,i5-1340P,350nit,정보없음,인텔,1.9GHz,내장그래픽,Iris Xe,1,256GB,80Wh,1.48kg,윈도우11(설치),['사무/인강용']
LG전자,2023 그램360,14T90R-GA50K,16GB,LG전자 2023 그램360 14T90R-GA50K,14인치,1920x1200,i5-1340P,350nit,정보없음,인텔,1.9GHz,내장그래픽,Iris Xe,1,256GB,72Wh,1.25kg,윈도우11홈,"['사무/인강용', '휴대용']"
LG전자,2023 그램360,14T90R-GA56K,16GB,LG전자 2023 그램360 14T90R-GA56K,14인치,1920x1200,i5-1340P,350nit,정보없음,인텔,1.9GHz,내장그래픽,Iris Xe,1,256GB,72Wh,1.25kg,윈도우11홈,"['사무/인강용', '휴대용']"
LG전자,2023 그램360,16T90R-GA70K,16GB,LG전자 2023 그램360 16T90R-GA70K,16인치,2560x1600,i7-1360P,350nit,정보없음,인텔,2.2GHz,내장그래픽,Iris Xe,1,512GB,80Wh,1.48kg,윈도우11홈,['사무/인강용']
LG전자,2023 그램360,14T90R-GA5CK,16GB,LG전자 2023 그램360 14T90R-GA5CK,14인치,1920x1200,i5-1340P,350nit,정보없음,인텔,1.9GHz,내장그래픽,Iris Xe,1,512GB,72Wh,1.25kg,윈도우11홈,"['사무/인강용', '휴대용']"
LG전자,2023 그램360,16TD90R-GX76K,16GB,LG전자 2023 그램360 16TD90R-GX76K WIN11,16인치,2560x1600,i7-1360P,350nit,정보없음,인텔,2.2GHz,내장그래픽,Iris Xe,1,256GB,80Wh,1.48kg,윈도우11(설치),['사무/인강용']
LG전자,2023 그램360,16TD90R-GX76K,16GB,LG전자 2023 그램360 16TD90R-GX76K WIN10,16인치,2560x1600,i7-1360P,350nit,정보없음,인텔,2.2GHz,내장그래픽,Iris Xe,1,256GB,80Wh,1.48kg,윈도우10(설치),['사무/인강용']
LG전자,2023 그램360,16TD90R-GX76K,16GB,LG전자 2023 그램360 16TD90R-GX76K,16인치,2560x1600,i7-1360P,350nit,정보없음,인텔,2.2GHz,내장그래픽,Iris Xe,1,256GB,80Wh,1.48kg,정보없음,['사무/인강용']
LG전자,2023 그램360,14TD90R-GX56K,16GB,LG전자 2023 그램360 14TD90R-GX56K,14인치,1920x1200,i5-1340P,350nit,정보없음,인텔,1.9GHz,내장그래픽,Iris Xe,1,256GB,72Wh,1.25kg,정보없음,"['사무/인강용', '휴대용']"
LG전자,2023 그램360,16TD90R-GX56K,16GB,LG전자 2023 그램360 16TD90R-GX56K WIN10,16인치,2560x1600,i5-1340P,350nit,정보없음,인텔,1.9GHz,내장그래픽,Iris Xe,1,256GB,80Wh,1.48kg,윈도우10(설치),['사무/인강용']
LG전자,2023 울트라PC,15UD50R-GX56K,16GB,8 LG전자 2023 울트라PC 15UD50R-GX56K WIN11 16GB램,15.6인치,1920x1080,i5-1335U,정보없음,정보없음,인텔,1.3GHz,내장그래픽,Iris Xe,1,256GB,49Wh,1.8kg,윈도우11(설치),['사무/인강용']
LG전자,2023 울트라PC,15UD50R-GX5RK,16GB,LG전자 2023 울트라PC 15UD50R-GX5RK WIN11,15.6인치,1920x1080,i5-1335U,정보없음,정보없음,인텔,1.3GHz,내장그래픽,UHD Graphics,1,256GB,49Wh,1.8kg,윈도우11(설치),['사무/인강용']
LG전자,2023 울트라PC,15UD40R-GX56K,16GB,LG전자 2023 울트라PC 15UD40R-GX56K WIN11 16GB램,15.6인치,1920x1080,7530U,정보없음,정보없음,AMD,정보없음,내장그래픽,Radeon Graphics,1,256GB,49Wh,1.75kg,윈도우11(설치),['사무/인강용']
LG전자,2023 울트라PC,15UD50R-GX5RK,32GB,LG전자 2023 울트라PC 15UD50R-GX5RK WIN11 32GB램,15.6인치,1920x1080,i5-1335U,정보없음,정보없음,인텔,1.3GHz,내장그래픽,UHD Graphics,1,256GB,49Wh,1.8kg,윈도우11(설치),['사무/인강용']
LG전자,2023 울트라PC,15UD40R-GX56K,8GB,LG전자 2023 울트라PC 15UD40R-GX56K,15.6인치,1920x1080,7530U,정보없음,정보없음,AMD,정보없음,내장그래픽,Radeon Graphics,1,256GB,49Wh,1.75kg,정보없음,['사무/인강용']
LG전자,2023 울트라PC,15U50R-GP50ML,16GB,LG전자 2023 울트라PC 15U50R-GP50ML 16GB램,15.6인치,1920x1080,i5-1335U,정보없음,정보없음,인텔,1.3GHz,내장그래픽,Iris Xe,1,256GB,49Wh,1.8kg,윈도우11프로,['사무/인강용']
LG전자,2023 울트라PC,15UD50R-GX56K,16GB,LG전자 2023 울트라PC 15UD50R-GX56K 16GB램,15.6인치,1920x1080,i5-1335U,정보없음,정보없음,인텔,1.3GHz,내장그래픽,Iris Xe,1,256GB,49Wh,1.8kg,정보없음,['사무/인강용']
LG전자,2023 울트라PC,15UD50R-GX56K,32GB,LG전자 2023 울트라PC 15UD50R-GX56K 32GB램,15.6인치,1920x1080,i5-1335U,정보없음,정보없음,인텔,1.3GHz,내장그래픽,Iris Xe,1,256GB,49Wh,1.8kg,정보없음,['사무/인강용']
LG전자,2023 울트라PC,15U50R-GR5CK,32GB,LG전자 2023 울트라PC 15U50R-GR5CK 32GB램,15.6인치,1920x1080,i5-1335U,정보없음,정보없음,인텔,1.3GHz,내장그래픽,UHD Graphics,1,512GB,49Wh,1.8kg,윈도우11홈,['사무/인강용']
LG전자,2023 울트라PC,15UD50R-GX5RK,16GB,LG전자 2023 울트라PC 15UD50R-GX5RK,15.6인치,1920x1080,i5-1335U,정보없음,정보없음,인텔,1.3GHz,내장그래픽,UHD Graphics,1,256GB,49Wh,1.8kg,정보없음,['사무/인강용']
LG전자,2023 울트라PC,15U40R-GR56K,16GB,LG전자 2023 울트라PC 15U40R-GR56K 16GB램,15.6인치,1920x1080,7530U,정보없음,정보없음,AMD,정보없음,내장그래픽,Radeon Graphics,1,256GB,49Wh,1.75kg,윈도우11홈,['사무/인강용']
LG전자,2023 울트라PC,15UD50R-GX56K,32GB,LG전자 2023 울트라PC 15UD50R-GX56K WIN11 32GB램,15.6인치,1920x1080,i5-1335U,정보없음,정보없음,인텔,1.3GHz,내장그래픽,Iris Xe,1,256GB,49Wh,1.8kg,윈도우11(설치),['사무/인강용']
LG전자,2023 울트라PC,15UD40R-GX36K,16GB,LG전자 2023 울트라PC 15UD40R-GX36K 16GB램,15.6인치,1920x1080,7330U,정보없음,정보없음,AMD,정보없음,내장그래픽,Radeon Graphics,1,256GB,49Wh,1.75kg,정보없음,['사무/인강용']
LG전자,2023 울트라PC,15UD50R-GX56K,8GB,LG전자 2023 울트라PC 15UD50R-GX56K WIN11,15.6인치,1920x1080,i5-1335U,정보없음,정보없음,인텔,1.3GHz,내장그래픽,Iris Xe,1,256GB,49Wh,1.8kg,윈도우11(설치),['사무/인강용']
LG전자,2023 울트라PC,15UD50R-GX56K,8GB,LG전자 2023 울트라PC 15UD50R-GX56K,15.6인치,1920x1080,i5-1335U,정보없음,정보없음,인텔,1.3GHz,내장그래픽,Iris Xe,1,256GB,49Wh,1.8kg,정보없음,['사무/인강용']
LG전자,2023 울트라PC,15U40R-GR36K,8GB,LG전자 2023 울트라PC 15U40R-GR36K,15.6인치,1920x1080,7330U,정보없음,정보없음,AMD,정보없음,내장그래픽,Radeon Graphics,1,256GB,49Wh,1.75kg,윈도우11홈,['사무/인강용']
LG전자,2023 울트라PC,15U40R-GR56K,8GB,LG전자 2023 울트라PC 15U40R-GR56K,15.6인치,1920x1080,7530U,정보없음,정보없음,AMD,정보없음,내장그래픽,Radeon Graphics,1,256GB,49Wh,1.75kg,윈도우11홈,['사무/인강용']
LG전자,2023 울트라PC,15UD40R-GX56K,8GB,LG전자 2023 울트라PC 15UD40R-GX56K WIN11,15.6인치,1920x1080,7530U,정보없음,정보없음,AMD,정보없음,내장그래픽,Radeon Graphics,1,256GB,49Wh,1.75kg,윈도우11(설치),['사무/인강용']
LG전자,2023 울트라PC,15U50R-GR30K,8GB,LG전자 2023 울트라PC 15U50R-GR30K,15.6인치,1920x1080,i3-1315U,정보없음,정보없음,인텔,1.2GHz,내장그래픽,UHD Graphics,1,256GB,49Wh,1.8kg,윈도우11홈,['사무/인강용']
LG전자,2023 울트라PC,15U50R-GR36K,8GB,LG전자 2023 울트라PC 15U50R-GR36K,15.6인치,1920x1080,i3-1315U,정보없음,정보없음,인텔,1.2GHz,내장그래픽,UHD Graphics,1,256GB,49Wh,1.8kg,윈도우11홈,['사무/인강용']
LG전자,2023 울트라PC,15U50R-GR56K,8GB,LG전자 2023 울트라PC 15U50R-GR56K,15.6인치,1920x1080,i5-1335U,정보없음,정보없음,인텔,1.3GHz,내장그래픽,Iris Xe,1,256GB,49Wh,1.8kg,윈도우11홈,['사무/인강용']
LG전자,2023 울트라PC,15UD40R-GX36K,8GB,LG전자 2023 울트라PC 15UD40R-GX36K,15.6인치,1920x1080,7330U,정보없음,정보없음,AMD,정보없음,내장그래픽,Radeon Graphics,1,256GB,49Wh,1.75kg,정보없음,['사무/인강용']
LG전자,2023 울트라PC,15U40R-GR30K,8GB,LG전자 2023 울트라PC 15U40R-GR30K,15.6인치,1920x1080,7330U,정보없음,정보없음,AMD,정보없음,내장그래픽,Radeon Graphics,1,256GB,49Wh,1.75kg,윈도우11홈,['사무/인강용']
LG전자,2023 울트라PC,15UD40R-GX36K,8GB,LG전자 2023 울트라PC 15UD40R-GX36K WIN11,15.6인치,1920x1080,7330U,정보없음,정보없음,AMD,정보없음,내장그래픽,Radeon Graphics,1,256GB,49Wh,1.75kg,윈도우11(설치),['사무/인강용']
LG전자,2023 울트라PC,15UD50R-GX36K,8GB,LG전자 2023 울트라PC 15UD50R-GX36K,15.6인치,1920x1080,i3-1315U,정보없음,정보없음,인텔,1.2GHz,내장그래픽,UHD Graphics,1,256GB,49Wh,1.8kg,정보없음,['사무/인강용']
LG전자,2023 울트라PC,15UD50R-GX36K,8GB,LG전자 2023 울트라PC 15UD50R-GX36K WIN11,15.6인치,1920x1080,i3-1315U,정보없음,정보없음,인텔,1.2GHz,내장그래픽,UHD Graphics,1,256GB,49Wh,1.8kg,윈도우11(설치),['사무/인강용']
LG전자,2023 울트라PC,15U50R-GR5CK,8GB,LG전자 2023 울트라PC 15U50R-GR5CK,15.6인치,1920x1080,i5-1335U,정보없음,정보없음,인텔,1.3GHz,내장그래픽,UHD Graphics,1,512GB,49Wh,1.8kg,윈도우11홈,['사무/인강용']
LG전자,2023 울트라PC,15U50R-GR3CK,8GB,LG전자 2023 울트라PC 15U50R-GR3CK,15.6인치,1920x1080,i3-1315U,정보없음,정보없음,인텔,1.2GHz,내장그래픽,UHD Graphics,1,256GB,49Wh,1.8kg,윈도우11홈,['사무/인강용']
LG전자,2023 울트라PC,15UD40R-GX36K,32GB,LG전자 2023 울트라PC 15UD40R-GX36K 32GB램,15.6인치,1920x1080,7330U,정보없음,정보없음,AMD,정보없음,내장그래픽,Radeon Graphics,1,256GB,49Wh,1.75kg,정보없음,['사무/인강용']
LG전자,2023 울트라PC,15U50R-GR30K,16GB,LG전자 2023 울트라PC 15U50R-GR30K 16GB램,15.6인치,1920x1080,i3-1315U,정보없음,정보없음,인텔,1.2GHz,내장그래픽,UHD Graphics,1,256GB,49Wh,1.8kg,윈도우11홈,['사무/인강용']
LG전자,2023 울트라PC,15U40R-GRTWK,16GB,LG전자 2023 울트라PC 15U40R-GRTWK 16GB램,15.6인치,1920x1080,7330U,정보없음,정보없음,AMD,정보없음,내장그래픽,Radeon Graphics,1,256GB,49Wh,1.75kg,윈도우11홈,['사무/인강용']
LG전자,2023 울트라PC,15UD50R-GX36K,32GB,LG전자 2023 울트라PC 15UD50R-GX36K WIN10 32GB램,15.6인치,1920x1080,i3-1315U,정보없음,정보없음,인텔,1.2GHz,내장그래픽,UHD Graphics,1,256GB,49Wh,1.8kg,윈도우10(설치),['사무/인강용']
LG전자,2023 울트라PC,15UD40R-GX36K,32GB,LG전자 2023 울트라PC 15UD40R-GX36K WIN11 32GB램,15.6인치,1920x1080,7330U,정보없음,정보없음,AMD,정보없음,내장그래픽,Radeon Graphics,1,256GB,49Wh,1.75kg,윈도우11(설치),['사무/인강용']
LG전자,2023 울트라PC,15U50R-GR3CK,16GB,LG전자 2023 울트라PC 15U50R-GR3CK 16GB램,15.6인치,1920x1080,i3-1315U,정보없음,정보없음,인텔,1.2GHz,내장그래픽,UHD Graphics,1,256GB,49Wh,1.8kg,윈도우11홈,['사무/인강용']
LG전자,2023 울트라PC,15U50R-GR30K,32GB,LG전자 2023 울트라PC 15U50R-GR30K 32GB램,15.6인치,1920x1080,i3-1315U,정보없음,정보없음,인텔,1.2GHz,내장그래픽,UHD Graphics,1,256GB,49Wh,1.8kg,윈도우11홈,['사무/인강용']
LG전자,2023 울트라PC,15UD40R-GX56K,16GB,LG전자 2023 울트라PC 15UD40R-GX56K WIN10 16GB램,15.6인치,1920x1080,7530U,정보없음,정보없음,AMD,정보없음,내장그래픽,Radeon Graphics,1,128GB,49Wh,1.75kg,윈도우10(설치),['사무/인강용']
LG전자,2023 울트라PC,15U50R-GP50ML,8GB,LG전자 2023 울트라PC 15U50R-GP50ML,15.6인치,1920x1080,i5-1335U,정보없음,정보없음,인텔,1.3GHz,내장그래픽,Iris Xe,1,256GB,49Wh,1.8kg,윈도우11프로,['사무/인강용']
LG전자,2023 울트라PC,15UD50R-GX36K,64GB,LG전자 2023 울트라PC 15UD50R-GX36K 64GB램,15.6인치,1920x1080,i3-1315U,정보없음,정보없음,인텔,1.2GHz,내장그래픽,UHD Graphics,1,256GB,49Wh,1.8kg,정보없음,['사무/인강용']
LG전자,2023 울트라PC,15U40R-GRTWK,8GB,LG전자 2023 울트라PC 15U40R-GRTWK,15.6인치,1920x1080,7330U,정보없음,정보없음,AMD,정보없음,내장그래픽,Radeon Graphics,1,256GB,49Wh,1.75kg,윈도우11홈,['사무/인강용']
LG전자,2023 울트라PC,15U40R-GR56K,32GB,LG전자 2023 울트라PC 15U40R-GR56K 32GB램,15.6인치,1920x1080,7530U,정보없음,정보없음,AMD,정보없음,내장그래픽,Radeon Graphics,1,256GB,49Wh,1.75kg,윈도우11홈,['사무/인강용']
LG전자,2023 울트라PC,15UD50R-GX36K,8GB,LG전자 2023 울트라PC 15UD50R-GX36K WIN10,15.6인치,1920x1080,i3-1315U,정보없음,정보없음,인텔,1.2GHz,내장그래픽,UHD Graphics,1,256GB,49Wh,1.8kg,윈도우10(설치),['사무/인강용']
LG전자,2023 울트라PC,15UD40R-GX56K,8GB,LG전자 2023 울트라PC 15UD40R-GX56K WIN10,15.6인치,1920x1080,7530U,정보없음,정보없음,AMD,정보없음,내장그래픽,Radeon Graphics,1,256GB,49Wh,1.75kg,윈도우10(설치),['사무/인강용']
LG전자,2023 울트라PC,15UD50R-GX36K,16GB,LG전자 2023 울트라PC 15UD50R-GX36K WIN10 16GB램,15.6인치,1920x1080,i3-1315U,정보없음,정보없음,인텔,1.2GHz,내장그래픽,UHD Graphics,1,256GB,49Wh,1.8kg,윈도우10(설치),['사무/인강용']
LG전자,2023 울트라PC,15U40R-GR36K,32GB,LG전자 2023 울트라PC 15U40R-GR36K 32GB램,15.6인치,1920x1080,7330U,정보없음,정보없음,AMD,정보없음,내장그래픽,Radeon Graphics,1,256GB,49Wh,1.75kg,윈도우11홈,['사무/인강용']
LG전자,2023 울트라PC,15UD40R-GX36K,16GB,LG전자 2023 울트라PC 15UD40R-GX36K WIN10 16GB램,15.6인치,1920x1080,7330U,정보없음,정보없음,AMD,정보없음,내장그래픽,Radeon Graphics,1,256GB,49Wh,1.75kg,윈도우10(설치),['사무/인강용']
LG전자,2023 울트라PC,15U50R-GR36K,32GB,LG전자 2023 울트라PC 15U50R-GR36K 32GB램,15.6인치,1920x1080,i3-1315U,정보없음,정보없음,인텔,1.2GHz,내장그래픽,UHD Graphics,1,256GB,49Wh,1.8kg,윈도우11홈,['사무/인강용']
LG전자,2023 울트라PC,15U40R-GRTWK,32GB,LG전자 2023 울트라PC 15U40R-GRTWK 32GB램,15.6인치,1920x1080,7330U,정보없음,정보없음,AMD,정보없음,내장그래픽,Radeon Graphics,1,256GB,49Wh,1.75kg,윈도우11홈,['사무/인강용']
LG전자,2023 울트라PC,15U40R-GR30K,16GB,LG전자 2023 울트라PC 15U40R-GR30K 16GB램,15.6인치,1920x1080,7330U,정보없음,정보없음,AMD,정보없음,내장그래픽,Radeon Graphics,1,256GB,49Wh,1.75kg,윈도우11홈,['사무/인강용']
LG전자,2023 울트라PC,15UD40R-GX56K,32GB,LG전자 2023 울트라PC 15UD40R-GX56K WIN10 32GB램,15.6인치,1920x1080,7530U,정보없음,정보없음,AMD,정보없음,내장그래픽,Radeon Graphics,1,128GB,49Wh,1.75kg,윈도우10(설치),['사무/인강용']
LG전자,2023 울트라PC,15UD40R-GX3EK,16GB,LG전자 2023 울트라PC 15UD40R-GX3EK WIN11 16GB램,15.6인치,1920x1080,7330U,정보없음,정보없음,AMD,정보없음,내장그래픽,Radeon Graphics,1,256GB,49Wh,1.75kg,윈도우11(설치),['사무/인강용']
LG전자,2023 울트라PC,15UD40R-GX36K,8GB,LG전자 2023 울트라PC 15UD40R-GX36K WIN10,15.6인치,1920x1080,7330U,정보없음,정보없음,AMD,정보없음,내장그래픽,Radeon Graphics,1,256GB,49Wh,1.75kg,윈도우10(설치),['사무/인강용']
LG전자,2023 울트라PC,15UD50R-GX56K,32GB,LG전자 2023 울트라PC 15UD50R-GX56K WIN10 32GB램,15.6인치,1920x1080,i5-1335U,정보없음,정보없음,인텔,1.3GHz,내장그래픽,Iris Xe,1,256GB,49Wh,1.8kg,윈도우10(설치),['사무/인강용']
LG전자,2023 울트라PC,15U50R-GP50ML,32GB,LG전자 2023 울트라PC 15U50R-GP50ML 32GB램,15.6인치,1920x1080,i5-1335U,정보없음,정보없음,인텔,1.3GHz,내장그래픽,Iris Xe,1,256GB,49Wh,1.8kg,윈도우11프로,['사무/인강용']
LG전자,2023 울트라PC,15UD50R-GX56K,16GB,LG전자 2023 울트라PC 15UD50R-GX56K WIN10 16GB램,15.6인치,1920x1080,i5-1335U,정보없음,정보없음,인텔,1.3GHz,내장그래픽,Iris Xe,1,256GB,49Wh,1.8kg,윈도우10(설치),['사무/인강용']
LG전자,2023 울트라PC,15UD50R-GX56K,8GB,LG전자 2023 울트라PC 15UD50R-GX56K WIN10,15.6인치,1920x1080,i5-1335U,정보없음,정보없음,인텔,1.3GHz,내장그래픽,Iris Xe,1,256GB,49Wh,1.8kg,윈도우10(설치),['사무/인강용']
LG전자,2023 울트라PC,15UD50R-GX36K,64GB,LG전자 2023 울트라PC 15UD50R-GX36K WIN11 64GB램,15.6인치,1920x1080,i3-1315U,정보없음,정보없음,인텔,1.2GHz,내장그래픽,UHD Graphics,1,256GB,49Wh,1.8kg,윈도우11(설치),['사무/인강용']
LG전자,2023 울트라PC,15UD40R-GX36K,32GB,LG전자 2023 울트라PC 15UD40R-GX36K WIN10 32GB램,15.6인치,1920x1080,7330U,정보없음,정보없음,AMD,정보없음,내장그래픽,Radeon Graphics,1,256GB,49Wh,1.75kg,윈도우10(설치),['사무/인강용']
LG전자,2023 울트라PC,15U50R-GR3CK,32GB,LG전자 2023 울트라PC 15U50R-GR3CK 32GB램,15.6인치,1920x1080,i3-1315U,정보없음,정보없음,인텔,1.2GHz,내장그래픽,UHD Graphics,1,256GB,49Wh,1.8kg,윈도우11홈,['사무/인강용']
LG전자,2023 울트라PC,15UD40R-GX3EK,16GB,LG전자 2023 울트라PC 15UD40R-GX3EK 16GB램,15.6인치,1920x1080,7330U,정보없음,정보없음,AMD,정보없음,내장그래픽,Radeon Graphics,1,256GB,49Wh,1.75kg,정보없음,['사무/인강용']
LG전자,2023 울트라PC,15U40R-GR30K,32GB,LG전자 2023 울트라PC 15U40R-GR30K 32GB램,15.6인치,1920x1080,7330U,정보없음,정보없음,AMD,정보없음,내장그래픽,Radeon Graphics,1,256GB,49Wh,1.75kg,윈도우11홈,['사무/인강용']
LG전자,2023 울트라PC,15UD40R-GX3EK,8GB,LG전자 2023 울트라PC 15UD40R-GX3EK,15.6인치,1920x1080,7330U,정보없음,정보없음,AMD,정보없음,내장그래픽,Radeon Graphics,1,256GB,49Wh,1.75kg,정보없음,['사무/인강용']
LG전자,2023 울트라PC,15UG40R-GR55KN,64GB,LG전자 2023 울트라PC 15UG40R-GR55KN 64GB램,15.6인치,1920x1080,7530U,정보없음,정보없음,AMD,정보없음,내장그래픽,Radeon Graphics,1,512GB,49Wh,1.75kg,윈도우11홈,['사무/인강용']
LG전자,2023 울트라PC,15UG40R-GR55KN,8GB,LG전자 2023 울트라PC 15UG40R-GR55KN,15.6인치,1920x1080,7530U,정보없음,정보없음,AMD,정보없음,내장그래픽,Radeon Graphics,1,512GB,49Wh,1.75kg,윈도우11홈,['사무/인강용']
LG전자,2023 울트라PC,15U50R-GP7KL,32GB,LG전자 2023 울트라PC 15U50R-GP7KL 32GB램,15.6인치,1920x1080,i7-1355U,정보없음,정보없음,인텔,1.7GHz,내장그래픽,Iris Xe,1,512GB,49Wh,1.8kg,윈도우11프로,['사무/인강용']
LG전자,2023 울트라PC,15U50R-GP7KL,16GB,LG전자 2023 울트라PC 15U50R-GP7KL,15.6인치,1920x1080,i7-1355U,정보없음,정보없음,인텔,1.7GHz,내장그래픽,Iris Xe,1,512GB,49Wh,1.8kg,윈도우11프로,['사무/인강용']
LG전자,2023 울트라PC,15U50R-GP7KL,64GB,LG전자 2023 울트라PC 15U50R-GP7KL 64GB램,15.6인치,1920x1080,i7-1355U,정보없음,정보없음,인텔,1.7GHz,내장그래픽,Iris Xe,1,512GB,49Wh,1.8kg,윈도우11프로,['사무/인강용']
LG전자,2023 울트라PC,15U50R-SP7KL,32GB,LG전자 2023 울트라PC 15U50R-SP7KL 32GB램,15.6인치,1920x1080,i7-1355U,정보없음,정보없음,인텔,1.7GHz,외장그래픽,MX550,1,256GB,49Wh,1.8kg,윈도우11프로,['그래픽작업용']
LG전자,2023 울트라PC,15UD40R-GX56K,24GB,LG전자 2023 울트라PC 15UD40R-GX56K WIN11 24GB램,15.6인치,1920x1080,7530U,정보없음,정보없음,AMD,정보없음,내장그래픽,Radeon Graphics,1,256GB,49Wh,1.75kg,윈도우11(설치),['사무/인강용']
LG전자,2023 울트라PC,15U50R-GP30ML,16GB,LG전자 2023 울트라PC 15U50R-GP30ML 16GB램,15.6인치,1920x1080,i3-1315U,정보없음,정보없음,인텔,1.2GHz,내장그래픽,UHD Graphics,1,256GB,49Wh,1.8kg,윈도우11프로,['사무/인강용']
LG전자,2023 울트라PC,15U50R-SP7KL,16GB,LG전자 2023 울트라PC 15U50R-SP7KL 16GB램,15.6인치,1920x1080,i7-1355U,정보없음,정보없음,인텔,1.7GHz,외장그래픽,MX550,1,256GB,49Wh,1.8kg,윈도우11프로,['그래픽작업용']
LG전자,2023 울트라PC,15UD40R-GX3EK,32GB,LG전자 2023 울트라PC 15UD40R-GX3EK 32GB램,15.6인치,1920x1080,7330U,정보없음,정보없음,AMD,정보없음,내장그래픽,Radeon Graphics,1,256GB,49Wh,1.75kg,정보없음,['사무/인강용']
LG전자,2023 울트라PC,15UD40R-GX3EK,16GB,LG전자 2023 울트라PC 15UD40R-GX3EK WIN10 16GB램,15.6인치,1920x1080,7330U,정보없음,정보없음,AMD,정보없음,내장그래픽,Radeon Graphics,1,256GB,49Wh,1.75kg,윈도우10(설치),['사무/인강용']
LG전자,2023 울트라PC,15U50R-GP30ML,8GB,LG전자 2023 울트라PC 15U50R-GP30ML,15.6인치,1920x1080,i3-1315U,정보없음,정보없음,인텔,1.2GHz,내장그래픽,UHD Graphics,1,256GB,49Wh,1.8kg,윈도우11프로,['사무/인강용']
LG전자,2023 울트라PC,15U40R-GP50ML,32GB,LG전자 2023 울트라PC 15U40R-GP50ML 32GB램,15.6인치,1920x1080,7530U,정보없음,정보없음,AMD,정보없음,내장그래픽,Radeon Graphics,1,256GB,49Wh,1.75kg,윈도우11프로,['사무/인강용']
LG전자,2023 울트라PC,15UD40R-GX3EK,32GB,LG전자 2023 울트라PC 15UD40R-GX3EK WIN11 32GB램,15.6인치,1920x1080,7330U,정보없음,정보없음,AMD,정보없음,내장그래픽,Radeon Graphics,1,256GB,49Wh,1.75kg,윈도우11(설치),['사무/인강용']
LG전자,2023 울트라PC,15U40R-GP50ML,8GB,LG전자 2023 울트라PC 15U40R-GP50ML,15.6인치,1920x1080,7530U,정보없음,정보없음,AMD,정보없음,내장그래픽,Radeon Graphics,1,256GB,49Wh,1.75kg,윈도우11프로,['사무/인강용']
LG전자,2023 울트라PC,15UD40R-GX3EK,8GB,LG전자 2023 울트라PC 15UD40R-GX3EK WIN10,15.6인치,1920x1080,7330U,정보없음,정보없음,AMD,정보없음,내장그래픽,Radeon Graphics,1,256GB,49Wh,1.75kg,윈도우10(설치),['사무/인강용']
LG전자,2023 울트라PC,15UD40R-GX3EK,8GB,LG전자 2023 울트라PC 15UD40R-GX3EK WIN11,15.6인치,1920x1080,7330U,정보없음,정보없음,AMD,정보없음,내장그래픽,Radeon Graphics,1,256GB,49Wh,1.75kg,윈도우11(설치),['사무/인강용']
LG전자,2023 울트라PC,15UG40R-GR55KN,32GB,LG전자 2023 울트라PC 15UG40R-GR55KN 32GB램,15.6인치,1920x1080,7530U,정보없음,정보없음,AMD,정보없음,내장그래픽,Radeon Graphics,1,512GB,49Wh,1.75kg,윈도우11홈,['사무/인강용']
LG전자,2023 울트라PC,15U50R-SP70ML,8GB,LG전자 2023 울트라PC 15U50R-SP70ML,15.6인치,1920x1080,i7-1355U,정보없음,정보없음,인텔,1.7GHz,외장그래픽,MX550,1,256GB,49Wh,1.8kg,윈도우11프로,['그래픽작업용']
LG전자,2023 울트라PC,15U50R-SP7KL,8GB,LG전자 2023 울트라PC 15U50R-SP7KL,15.6인치,1920x1080,i7-1355U,정보없음,정보없음,인텔,1.7GHz,외장그래픽,MX550,1,256GB,49Wh,1.8kg,윈도우11프로,['그래픽작업용']
LG전자,2023 울트라PC,15UD50R-GX36K,16GB,LG전자 2023 울트라PC 15UD50R-GX36K 16GB램,15.6인치,1920x1080,i3-1315U,정보없음,정보없음,인텔,1.2GHz,내장그래픽,UHD Graphics,1,256GB,49Wh,1.8kg,정보없음,['사무/인강용']
LG전자,2023 울트라PC,15UD40R-GX56K,16GB,LG전자 2023 울트라PC 15UD40R-GX56K 16GB램,15.6인치,1920x1080,7530U,정보없음,정보없음,AMD,정보없음,내장그래픽,Radeon Graphics,1,256GB,49Wh,1.75kg,정보없음,['사무/인강용']
LG전자,2023 울트라PC,15UD40R-GX36K,16GB,LG전자 2023 울트라PC 15UD40R-GX36K WIN11 16GB램,15.6인치,1920x1080,7330U,정보없음,정보없음,AMD,정보없음,내장그래픽,Radeon Graphics,1,256GB,49Wh,1.75kg,윈도우11(설치),['사무/인강용']
LG전자,2023 울트라PC,15U50R-GR56K,16GB,LG전자 2023 울트라PC 15U50R-GR56K 16GB램,15.6인치,1920x1080,i5-1335U,정보없음,정보없음,인텔,1.3GHz,내장그래픽,Iris Xe,1,256GB,49Wh,1.8kg,윈도우11홈,['사무/인강용']
LG전자,2023 울트라PC,15UD50R-GX36K,16GB,LG전자 2023 울트라PC 15UD50R-GX36K WIN11 16GB램,15.6인치,1920x1080,i3-1315U,정보없음,정보없음,인텔,1.2GHz,내장그래픽,UHD Graphics,1,256GB,49Wh,1.8kg,윈도우11(설치),['사무/인강용']
LG전자,2023 울트라PC,15U50R-GR5CK,16GB,LG전자 2023 울트라PC 15U50R-GR5CK 16GB램,15.6인치,1920x1080,i5-1335U,정보없음,정보없음,인텔,1.3GHz,내장그래픽,UHD Graphics,1,512GB,49Wh,1.8kg,윈도우11홈,['사무/인강용']
LG전자,2023 울트라PC,15U40R-GR36K,16GB,LG전자 2023 울트라PC 15U40R-GR36K 16GB램,15.6인치,1920x1080,7330U,정보없음,정보없음,AMD,정보없음,내장그래픽,Radeon Graphics,1,256GB,49Wh,1.75kg,윈도우11홈,['사무/인강용']
LG전자,2023 울트라PC,15U50R-GR36K,16GB,LG전자 2023 울트라PC 15U50R-GR36K 16GB램,15.6인치,1920x1080,i3-1315U,정보없음,정보없음,인텔,1.2GHz,내장그래픽,UHD Graphics,1,256GB,49Wh,1.8kg,윈도우11홈,['사무/인강용']
LG전자,2023 울트라PC,15U50R-GR56K,32GB,LG전자 2023 울트라PC 15U50R-GR56K 32GB램,15.6인치,1920x1080,i5-1335U,정보없음,정보없음,인텔,1.3GHz,내장그래픽,Iris Xe,1,256GB,49Wh,1.8kg,윈도우11홈,['사무/인강용']
LG전자,2023 울트라PC,15UD40R-GX56K,32GB,LG전자 2023 울트라PC 15UD40R-GX56K 32GB램,15.6인치,1920x1080,7530U,정보없음,정보없음,AMD,정보없음,내장그래픽,Radeon Graphics,1,256GB,49Wh,1.75kg,정보없음,['사무/인강용']
LG전자,2023 울트라PC,15UD40R-GX56K,32GB,LG전자 2023 울트라PC 15UD40R-GX56K WIN11 32GB램,15.6인치,1920x1080,7530U,정보없음,정보없음,AMD,정보없음,내장그래픽,Radeon Graphics,1,256GB,49Wh,1.75kg,윈도우11(설치),['사무/인강용']
LG전자,2023 울트라PC,15UD50R-GX36K,32GB,LG전자 2023 울트라PC 15UD50R-GX36K WIN11 32GB램,15.6인치,1920x1080,i3-1315U,정보없음,정보없음,인텔,1.2GHz,내장그래픽,UHD Graphics,1,256GB,49Wh,1.8kg,윈도우11(설치),['사무/인강용']
LG전자,2023 울트라PC,15UD50R-GX5RK,32GB,LG전자 2023 울트라PC 15UD50R-GX5RK 32GB램,15.6인치,1920x1080,i5-1335U,정보없음,정보없음,인텔,1.3GHz,내장그래픽,UHD Graphics,1,256GB,49Wh,1.8kg,정보없음,['사무/인강용']
LG전자,2023 울트라PC,15UD50R-GX36K,32GB,LG전자 2023 울트라PC 15UD50R-GX36K 32GB램,15.6인치,1920x1080,i3-1315U,정보없음,정보없음,인텔,1.2GHz,내장그래픽,UHD Graphics,1,256GB,49Wh,1.8kg,정보없음,['사무/인강용']
LG전자,2023 울트라PC 엣지,16U70R-GA56K,16GB,LG전자 2023 울트라PC 엣지 16U70R-GA56K,16인치,1920x1200,7530U,250nit,정보없음,AMD,정보없음,내장그래픽,Radeon Graphics,1,256GB,72Wh,1.6kg,윈도우11홈,['사무/인강용']
LG전자,2023 울트라PC 엣지,16U70R-HA56K,16GB,LG전자 2023 울트라PC 엣지 16U70R-HA56K,16인치,2560x1600,7530U,350nit,정보없음,AMD,정보없음,내장그래픽,Radeon Graphics,1,256GB,72Wh,1.47kg,윈도우11홈,['사무/인강용']
LG전자,2023 울트라PC 엣지,16U70R-GA5HK,16GB,LG전자 2023 울트라PC 엣지 16U70R-GA5HK,16인치,1920x1200,7530U,300nit,정보없음,AMD,정보없음,내장그래픽,Radeon Graphics,1,256GB,72Wh,1.6kg,윈도우11홈,['사무/인강용']
LG전자,2023 울트라PC 엣지,16UD70R-GX56K,16GB,LG전자 2023 울트라PC 엣지 16UD70R-GX56K WIN11,16인치,1920x1200,7530U,300nit,정보없음,AMD,정보없음,내장그래픽,Radeon Graphics,1,256GB,72Wh,1.6kg,윈도우11(설치),['사무/인강용']
LG전자,2023 울트라PC 엣지,16UD70R-HX56K,16GB,LG전자 2023 울트라PC 엣지 16UD70R-HX56K WIN11,16인치,2560x1600,7530U,350nit,정보없음,AMD,정보없음,내장그래픽,Radeon Graphics,1,256GB,72Wh,1.47kg,윈도우11(설치),['사무/인강용']
LG전자,2023 울트라PC 엣지,16UD70R-HX56K,16GB,LG전자 2023 울트라PC 엣지 16UD70R-HX56K,16인치,2560x1600,7530U,350nit,정보없음,AMD,정보없음,내장그래픽,Radeon Graphics,1,256GB,72Wh,1.47kg,정보없음,['사무/인강용']
LG전자,2023 울트라PC 엣지,16UD70R-GX56K,16GB,LG전자 2023 울트라PC 엣지 16UD70R-GX56K,16인치,1920x1200,7530U,300nit,정보없음,AMD,정보없음,내장그래픽,Radeon Graphics,1,256GB,72Wh,1.6kg,정보없음,['사무/인강용']
LG전자,2024 그램14,14Z90S-GA5PK,16GB,9 LG전자 2024 그램14 14Z90S-GA5PK,14인치,1920x1200,코어 울트라5,350nit,정보없음,인텔,4.5GHz,내장그래픽,Arc,7core,256GB,72Wh,1.12kg,윈도우11홈,"['사무/인강용', '휴대용']"
LG전자,2024 그램14,14Z90S-GA5HK,16GB,19 LG전자 2024 그램14 14Z90S-GA5HK,14인치,1920x1200,코어 울트라5,350nit,정보없음,인텔,4.5GHz,내장그래픽,Arc,7core,512GB,72Wh,1.12kg,윈도우11홈,"['사무/인강용', '휴대용']"
LG전자,2024 그램14,14ZD90S-GX56K,16GB,LG전자 2024 그램14 14ZD90S-GX56K WIN11,14인치,1920x1200,코어 울트라5,350nit,정보없음,인텔,4.5GHz,내장그래픽,Arc,7core,256GB,72Wh,1.12kg,윈도우11(설치),"['사무/인강용', '휴대용']"
LG전자,2024 그램14,14ZD90S-GX56K,16GB,LG전자 2024 그램14 14ZD90S-GX56K,14인치,1920x1200,코어 울트라5,350nit,정보없음,인텔,4.5GHz,내장그래픽,Arc,7core,256GB,72Wh,1.12kg,정보없음,"['사무/인강용', '휴대용']"
LG전자,2024 그램14,14Z90S-GA56K,16GB,LG전자 2024 그램14 14Z90S-GA56K,14인치,1920x1200,코어 울트라5,350nit,정보없음,인텔,4.5GHz,내장그래픽,Arc,7core,512GB,72Wh,1.12kg,윈도우11홈,"['사무/인강용', '휴대용']"
LG전자,2024 그램14,14Z90S-GR5CK,8GB,LG전자 2024 그램14 14Z90S-GR5CK,14인치,1920x1200,코어 울트라5,350nit,정보없음,인텔,4.5GHz,내장그래픽,Arc,7core,256GB,72Wh,1.12kg,윈도우11홈,"['사무/인강용', '휴대용']"
LG전자,2024 그램14,14ZD90S-GX59K,32GB,LG전자 2024 그램14 14ZD90S-GX59K,14인치,1920x1200,코어 울트라5,350nit,정보없음,인텔,4.5GHz,내장그래픽,Arc,7core,512GB,72Wh,1.12kg,정보없음,"['사무/인강용', '휴대용']"
LG전자,2024 그램14,14ZD90S-GX59K,32GB,LG전자 2024 그램14 14ZD90S-GX59K WIN11,14인치,1920x1200,코어 울트라5,350nit,정보없음,인텔,4.5GHz,내장그래픽,Arc,7core,512GB,72Wh,1.12kg,윈도우11(설치),"['사무/인강용', '휴대용']"
LG전자,2024 그램14,14Z90S-GA50K,16GB,LG전자 2024 그램14 14Z90S-GA50K,14인치,1920x1200,코어 울트라5,350nit,정보없음,인텔,4.5GHz,내장그래픽,Arc,7core,256GB,72Wh,1.12kg,윈도우11홈,"['사무/인강용', '휴대용']"
LG전자,2024 그램14,14Z90S-GAFWK,16GB,LG전자 2024 그램14 14Z90S-GAFWK,14인치,1920x1200,코어 울트라5,350nit,정보없음,인텔,4.5GHz,내장그래픽,Arc,7core,512GB,72Wh,1.12kg,윈도우11홈,"['사무/인강용', '휴대용']"
LG전자,2024 그램14,14ZD90S-GX56K,16GB,LG전자 2024 그램14 14ZD90S-GX56K WIN10,14인치,1920x1200,코어 울트라5,350nit,정보없음,인텔,4.5GHz,내장그래픽,Arc,7core,256GB,72Wh,1.12kg,윈도우10(설치),"['사무/인강용', '휴대용']"
LG전자,2024 그램14,14Z90S-GP56ML,16GB,LG전자 2024 그램14 14Z90S-GP56ML,14인치,1920x1200,코어 울트라5,정보없음,정보없음,인텔,4.5GHz,내장그래픽,Arc,7core,256GB,72Wh,1.12kg,윈도우11프로,"['사무/인강용', '휴대용']"
LG전자,2024 그램14,14ZD90S-GX59K,32GB,LG전자 2024 그램14 14ZD90S-GX59K WIN10,14인치,1920x1200,코어 울트라5,350nit,정보없음,인텔,4.5GHz,내장그래픽,Arc,7core,512GB,72Wh,1.12kg,윈도우10(설치),"['사무/인강용', '휴대용']"
LG전자,2024 그램15,15Z90ST-GAOWK,16GB,LG전자 2024 그램15 15Z90ST-GAOWK,15.6인치,1920x1080,코어 울트라5,400nit,정보없음,인텔,4.5GHz,내장그래픽,Arc,7core,512GB,60Wh,990g,윈도우11홈,"['사무/인강용', '휴대용']"
LG전자,2024 그램15,15Z90S-GP7UL,32GB,LG전자 2024 그램15 15Z90S-GP7UL,15.6인치,1920x1080,코어 울트라7,정보없음,정보없음,인텔,4.8GHz,내장그래픽,Arc,8core,512GB,72Wh,1.3kg,윈도우11프로,"['사무/인강용', '휴대용']"
LG전자,2024 그램15,15Z90S-GA5PK,16GB,LG전자 2024 그램15 15Z90S-GA5PK,15.6인치,1920x1080,코어 울트라5,350nit,정보없음,인텔,4.5GHz,내장그래픽,Arc,7core,256GB,72Wh,1.29kg,윈도우11홈,"['사무/인강용', '휴대용']"
LG전자,2024 그램15,15ZD90S-GX56K,16GB,LG전자 2024 그램15 15ZD90S-GX56K,15.6인치,1920x1080,코어 울트라5,350nit,정보없음,인텔,4.5GHz,내장그래픽,Arc,7core,256GB,72Wh,1.3kg,정보없음,"['사무/인강용', '휴대용']"
LG전자,2024 그램15,15ZD90S-GX56K,16GB,LG전자 2024 그램15 15ZD90S-GX56K WIN11,15.6인치,1920x1080,코어 울트라5,350nit,정보없음,인텔,4.5GHz,내장그래픽,Arc,7core,256GB,72Wh,1.3kg,윈도우11(설치),"['사무/인강용', '휴대용']"
LG전자,2024 그램15,15Z90S-GP56ML,16GB,LG전자 2024 그램15 15Z90S-GP56ML,15.6인치,1920x1080,코어 울트라5,정보없음,정보없음,인텔,4.5GHz,내장그래픽,Arc,7core,256GB,72Wh,1.29kg,윈도우11프로,"['사무/인강용', '휴대용']"
LG전자,2024 그램15,15Z90S-GD79K,32GB,LG전자 2024 그램15 15Z90S-GD79K,15.6인치,1920x1080,코어 울트라7,350nit,정보없음,인텔,4.8GHz,내장그래픽,Arc,8core,512GB,72Wh,1.3kg,윈도우11홈,"['사무/인강용', '휴대용']"
LG전자,2024 그램15,15Z90S-GA5HK,16GB,LG전자 2024 그램15 15Z90S-GA5HK,15.6인치,1920x1080,코어 울트라5,350nit,정보없음,인텔,4.5GHz,내장그래픽,Arc,7core,512GB,72Wh,1.29kg,윈도우11홈,"['사무/인강용', '휴대용']"
LG전자,2024 그램15,15Z90S-GA59K,32GB,LG전자 2024 그램15 15Z90S-GA59K,15.6인치,1920x1080,코어 울트라5,350nit,정보없음,인텔,4.5GHz,내장그래픽,Arc,7core,512GB,72Wh,1.3kg,윈도우11홈,"['사무/인강용', '휴대용']"
LG전자,2024 그램15,15ZD90S-GX79K,32GB,LG전자 2024 그램15 15ZD90S-GX79K WIN11,15.6인치,1920x1080,코어 울트라7,350nit,정보없음,인텔,4.8GHz,내장그래픽,Arc,8core,512GB,72Wh,1.3kg,윈도우11(설치),"['사무/인강용', '휴대용']"
LG전자,2024 그램15,15ZD90S-GX76K,16GB,LG전자 2024 그램15 15ZD90S-GX76K WIN11,15.6인치,1920x1080,코어 울트라7,350nit,정보없음,인텔,4.8GHz,내장그래픽,Arc,8core,256GB,72Wh,1.3kg,윈도우11(설치),"['사무/인강용', '휴대용']"
LG전자,2024 그램15,15ZD90S-GX76K,16GB,LG전자 2024 그램15 15ZD90S-GX76K,15.6인치,1920x1080,코어 울트라7,350nit,정보없음,인텔,4.8GHz,내장그래픽,Arc,8core,256GB,72Wh,1.3kg,정보없음,"['사무/인강용', '휴대용']"
LG전자,2024 그램15,15ZD90S-GX59K,32GB,LG전자 2024 그램15 15ZD90S-GX59K WIN11,15.6인치,1920x1080,코어 울트라5,350nit,정보없음,인텔,4.5GHz,내장그래픽,Arc,7core,256GB,72Wh,1.3kg,윈도우11(설치),"['사무/인강용', '휴대용']"
LG전자,2024 그램15,15Z90S-GA5NK,16GB,LG전자 2024 그램15 15Z90S-GA5NK,15.6인치,1920x1080,코어 울트라5,350nit,정보없음,인텔,4.5GHz,내장그래픽,Arc,7core,256GB,72Wh,1.29kg,윈도우11홈,"['사무/인강용', '휴대용']"
LG전자,2024 그램15,15Z90ST-GA5CK,16GB,LG전자 2024 그램15 15Z90ST-GA5CK,15.6인치,1920x1080,코어 울트라5,400nit,정보없음,인텔,4.5GHz,내장그래픽,Arc,7core,256GB,60Wh,990g,윈도우11홈,"['사무/인강용', '휴대용']"
LG전자,2024 그램15,15Z90S-GR5CK,8GB,LG전자 2024 그램15 15Z90S-GR5CK,15.6인치,1920x1080,코어 울트라5,350nit,정보없음,인텔,4.5GHz,내장그래픽,Arc,7core,256GB,72Wh,1.3kg,윈도우11홈,"['사무/인강용', '휴대용']"
LG전자,2024 그램15,15Z90S-GA5JK,16GB,LG전자 2024 그램15 15Z90S-GA5JK,15.6인치,1920x1080,코어 울트라5,350nit,정보없음,인텔,4.5GHz,내장그래픽,Arc,7core,512GB,72Wh,1.3kg,윈도우11홈,"['사무/인강용', '휴대용']"
LG전자,2024 그램15,15ZD90S-GX79K,32GB,LG전자 2024 그램15 15ZD90S-GX79K,15.6인치,1920x1080,코어 울트라7,350nit,정보없음,인텔,4.8GHz,내장그래픽,Arc,8core,512GB,72Wh,1.3kg,정보없음,"['사무/인강용', '휴대용']"
LG전자,2024 그램15,15Z90S-GA7CK,16GB,LG전자 2024 그램15 15Z90S-GA7CK,15.6인치,1920x1080,코어 울트라7,350nit,정보없음,인텔,4.8GHz,내장그래픽,Arc,8core,256GB,72Wh,1.3kg,윈도우11홈,"['사무/인강용', '휴대용']"
LG전자,2024 그램15,15ZD90S-GX59K,32GB,LG전자 2024 그램15 15ZD90S-GX59K,15.6인치,1920x1080,코어 울트라5,350nit,정보없음,인텔,4.5GHz,내장그래픽,Arc,7core,256GB,72Wh,1.3kg,정보없음,"['사무/인강용', '휴대용']"
LG전자,2024 그램15,15Z90S-GA50K,16GB,LG전자 2024 그램15 15Z90S-GA50K,15.6인치,1920x1080,코어 울트라5,350nit,정보없음,인텔,4.5GHz,내장그래픽,Arc,7core,256GB,72Wh,1.29kg,윈도우11홈,"['사무/인강용', '휴대용']"
LG전자,2024 그램15,15Z90S-GA56K,16GB,LG전자 2024 그램15 15Z90S-GA56K,15.6인치,1920x1080,코어 울트라5,정보없음,정보없음,인텔,4.5GHz,내장그래픽,Arc,7core,256GB,72Wh,1.29kg,윈도우11홈,"['사무/인강용', '휴대용']"
LG전자,2024 그램15,15Z90S-GP7CL,32GB,LG전자 2024 그램15 15Z90S-GP7CL,15.6인치,1920x1080,코어 울트라7,정보없음,정보없음,인텔,4.8GHz,내장그래픽,Arc,8core,512GB,72Wh,1.3kg,윈도우11프로,"['사무/인강용', '휴대용']"
LG전자,2024 그램15,15ZG90S-GA75KN,8GB,LG전자 2024 그램15 15ZG90S-GA75KN,15.6인치,1920x1080,코어 울트라7,350nit,정보없음,인텔,4.8GHz,내장그래픽,Arc,8core,512GB,72Wh,1.3kg,윈도우11홈,"['사무/인강용', '휴대용']"
LG전자,2024 그램15,15Z90S-GAFWK,16GB,LG전자 2024 그램15 15Z90S-GAFWK,15.6인치,1920x1080,코어 울트라5,350nit,정보없음,인텔,4.5GHz,내장그래픽,Arc,7core,512GB,72Wh,1.29kg,윈도우11홈,"['사무/인강용', '휴대용']"
LG전자,2024 그램15,15Z90S-GP7YL,32GB,LG전자 2024 그램15 15Z90S-GP7YL,15.6인치,1920x1080,코어 울트라7,정보없음,정보없음,인텔,4.8GHz,내장그래픽,Arc,8core,1TB,72Wh,1.3kg,윈도우11프로,"['사무/인강용', '휴대용']"
LG전자,2024 그램15,15ZD90S-GX59K,32GB,LG전자 2024 그램15 15ZD90S-GX59K WIN10,15.6인치,1920x1080,코어 울트라5,350nit,정보없음,인텔,4.5GHz,내장그래픽,Arc,7core,256GB,72Wh,1.3kg,윈도우10(설치),"['사무/인강용', '휴대용']"
LG전자,2024 그램15,15Z90S-GP59KL,32GB,LG전자 2024 그램15 15Z90S-GP59KL,15.6인치,1920x1080,코어 울트라5,정보없음,정보없음,인텔,4.5GHz,내장그래픽,Arc,7core,512GB,72Wh,1.3kg,윈도우11프로,"['사무/인강용', '휴대용']"
LG전자,2024 그램15,15Z90S-GP7ML,16GB,LG전자 2024 그램15 15Z90S-GP7ML,15.6인치,1920x1080,코어 울트라7,350nit,정보없음,인텔,4.8GHz,내장그래픽,Arc,8core,512GB,72Wh,1.3kg,윈도우11프로,"['사무/인강용', '휴대용']"
LG전자,2024 그램15,15ZD90S-GX79K,32GB,LG전자 2024 그램15 15ZD90S-GX79K WIN10,15.6인치,1920x1080,코어 울트라7,350nit,정보없음,인텔,4.8GHz,내장그래픽,Arc,8core,512GB,72Wh,1.3kg,윈도우10(설치),"['사무/인강용', '휴대용']"
LG전자,2024 그램15,15ZD90S-GX76K,16GB,LG전자 2024 그램15 15ZD90S-GX76K WIN10,15.6인치,1920x1080,코어 울트라7,350nit,정보없음,인텔,4.8GHz,내장그래픽,Arc,8core,256GB,72Wh,1.3kg,윈도우10(설치),"['사무/인강용', '휴대용']"
LG전자,2024 그램15,15Z90S-GP7KL,16GB,LG전자 2024 그램15 15Z90S-GP7KL,15.6인치,1920x1080,코어 울트라7,정보없음,정보없음,인텔,4.8GHz,내장그래픽,Arc,8core,256GB,72Wh,1.29kg,윈도우11프로,"['사무/인강용', '휴대용']"
LG전자,2024 그램15,15Z90S-GA5CK,16GB,LG전자 2024 그램15 15Z90S-GA5CK,15.6인치,1920x1080,코어 울트라5,350nit,정보없음,인텔,4.5GHz,내장그래픽,Arc,7core,512GB,72Wh,1.29kg,윈도우11홈,"['사무/인강용', '휴대용']"
LG전자,2024 그램15,15Z90S-GP5UL,32GB,LG전자 2024 그램15 15Z90S-GP5UL,15.6인치,1920x1080,코어 울트라5,350nit,정보없음,인텔,4.5GHz,내장그래픽,Arc,7core,512GB,72Wh,1.29kg,윈도우11프로,"['사무/인강용', '휴대용']"
LG전자,2024 그램15,15Z90S-GP5AL,32GB,LG전자 2024 그램15 15Z90S-GP5AL,15.6인치,1920x1080,코어 울트라5,350nit,정보없음,인텔,4.5GHz,내장그래픽,Arc,7core,512GB,72Wh,1.29kg,윈도우11프로,"['사무/인강용', '휴대용']"
LG전자,2024 그램15,15Z90S-GP7VL,정보없음,LG전자 2024 그램15 15Z90S-GP7VL,15.6인치,1920x1080,코어 울트라7,정보없음,정보없음,인텔,4.8GHz,내장그래픽,Arc,8core,정보없음,정보없음,1.29kg,윈도우11프로,[]
LG전자,2024 그램16,16ZD90SU-GX56K,16GB,5 LG전자 2024 그램16 16ZD90SU-GX56K WIN11 16GB램,16인치,2560x1600,코어 울트라5,350nit,정보없음,인텔,4.3GHz,내장그래픽,Intel Graphics,1,256GB,77Wh,1.12kg,윈도우11(설치),"['사무/인강용', '휴대용']"
LG전자,2024 그램16,16ZD90SU-GX76K,정보없음,30 LG전자 2024 그램16 16ZD90SU-GX76K,16인치,2560x1600,코어 울트라7,350nit,정보없음,인텔,4.8GHz,내장그래픽,Intel Graphics,1,정보없음,정보없음,1.12kg,정보없음,[]
LG전자,2024 그램16,16ZD90SU-GX56K,정보없음,LG전자 2024 그램16 16ZD90SU-GX56K,16인치,2560x1600,코어 울트라5,350nit,정보없음,인텔,4.3GHz,내장그래픽,Intel Graphics,1,정보없음,정보없음,1.12kg,정보없음,[]
LG전자,2024 그램16,16Z90S-GA5NK,16GB,LG전자 2024 그램16 16Z90S-GA5NK,16인치,2560x1600,코어 울트라5,350nit,정보없음,인텔,4.5GHz,내장그래픽,Arc,7core,256GB,77Wh,1.199kg,윈도우11홈,"['사무/인강용', '휴대용']"
LG전자,2024 그램16,16Z90S-GA5HK,16GB,LG전자 2024 그램16 16Z90S-GA5HK,16인치,2560x1600,코어 울트라5,350nit,정보없음,인텔,4.5GHz,내장그래픽,Arc,7core,512GB,77Wh,1.199kg,윈도우11홈,"['사무/인강용', '휴대용']"
LG전자,2024 그램16,16Z90S-GA5PK,16GB,LG전자 2024 그램16 16Z90S-GA5PK,16인치,2560x1600,코어 울트라5,350nit,정보없음,인텔,4.5GHz,내장그래픽,Arc,7core,512GB,77Wh,1.199kg,윈도우11홈,"['사무/인강용', '휴대용']"
LG전자,2024 그램16,16Z90S-GP56ML,16GB,LG전자 2024 그램16 16Z90S-GP56ML,16인치,2560x1600,코어 울트라5,정보없음,정보없음,인텔,4.5GHz,내장그래픽,Arc,7core,256GB,77Wh,1.199kg,윈도우11프로,"['사무/인강용', '휴대용']"
LG전자,2024 그램16,16Z90SU-GR56K,16GB,LG전자 2024 그램16 16Z90SU-GR56K 16GB램,16인치,2560x1600,코어 울트라5,350nit,정보없음,인텔,4.3GHz,내장그래픽,Intel Graphics,1,256GB,77Wh,1.12kg,윈도우11홈,"['사무/인강용', '휴대용']"
LG전자,2024 그램16,16Z90S-GA5CK,16GB,LG전자 2024 그램16 16Z90S-GA5CK,16인치,2560x1600,코어 울트라5,350nit,정보없음,인텔,4.5GHz,내장그래픽,Arc,7core,256GB,77Wh,1.199kg,윈도우11홈,"['사무/인강용', '휴대용']"
LG전자,2024 그램16,16ZD90S-GX56K,16GB,LG전자 2024 그램16 16ZD90S-GX56K WIN11,16인치,2560x1600,코어 울트라5,350nit,정보없음,인텔,4.5GHz,내장그래픽,Arc,7core,512GB,77Wh,1.199kg,윈도우11(설치),"['사무/인강용', '휴대용']"
LG전자,2024 그램16,16ZD90SU-GX56K,8GB,LG전자 2024 그램16 16ZD90SU-GX56K WIN11,16인치,2560x1600,코어 울트라5,350nit,정보없음,인텔,4.3GHz,내장그래픽,Intel Graphics,1,256GB,77Wh,1.12kg,윈도우11(설치),"['사무/인강용', '휴대용']"
LG전자,2024 그램16,16Z90S-GA5BK,16GB,LG전자 2024 그램16 16Z90S-GA5BK,16인치,2560x1600,코어 울트라5,400nit,144Hz,인텔,4.5GHz,내장그래픽,Arc,7core,512GB,77Wh,1.199kg,윈도우11홈,"['사무/인강용', '휴대용']"
LG전자,2024 그램16,16Z90SU-GR56K,정보없음,LG전자 2024 그램16 16Z90SU-GR56K,16인치,2560x1600,코어 울트라5,350nit,정보없음,인텔,4.3GHz,내장그래픽,Intel Graphics,1,정보없음,정보없음,1.12kg,윈도우11홈,[]
LG전자,2024 그램16,16Z90S-GA5SK,16GB,LG전자 2024 그램16 16Z90S-GA5SK,16인치,2560x1600,코어 울트라5,350nit,정보없음,인텔,4.5GHz,내장그래픽,Arc,7core,512GB,77Wh,1.199kg,윈도우11홈,"['사무/인강용', '휴대용']"
LG전자,2024 그램16,16Z90S-GAOWK,16GB,LG전자 2024 그램16 16Z90S-GAOWK,16인치,2560x1600,코어 울트라5,350nit,정보없음,인텔,4.5GHz,내장그래픽,Arc,7core,512GB,77Wh,1.199kg,윈도우11홈,"['사무/인강용', '휴대용']"
LG전자,2024 그램16,16ZD90SU-GX76K,8GB,LG전자 2024 그램16 16ZD90SU-GX76K WIN11,16인치,2560x1600,코어 울트라7,350nit,정보없음,인텔,4.8GHz,내장그래픽,Intel Graphics,1,256GB,77Wh,1.12kg,윈도우11(설치),"['사무/인강용', '휴대용']"
LG전자,2024 그램16,16ZD90SU-GXF6K,8GB,LG전자 2024 그램16 16ZD90SU-GXF6K,16인치,2560x1600,코어 울트라5,350nit,정보없음,인텔,4.5GHz,내장그래픽,Arc,7core,256GB,77Wh,1.12kg,정보없음,"['사무/인강용', '휴대용']"
LG전자,2024 그램16,16Z90S-GAFWK,16GB,LG전자 2024 그램16 16Z90S-GAFWK,16인치,2560x1600,코어 울트라5,350nit,정보없음,인텔,4.5GHz,내장그래픽,Arc,7core,512GB,77Wh,1.199kg,윈도우11홈,"['사무/인강용', '휴대용']"
LG전자,2024 그램16,16Z90S-GALGL,16GB,LG전자 2024 그램16 16Z90S-GALGL,16인치,2560x1600,코어 울트라5,350nit,정보없음,인텔,4.5GHz,내장그래픽,Arc,7core,256GB,72Wh,1.199kg,윈도우11홈,"['사무/인강용', '휴대용']"
LG전자,2024 그램16,16Z90SU-GRF6K,8GB,LG전자 2024 그램16 16Z90SU-GRF6K,16인치,2560x1600,코어 울트라5,350nit,정보없음,인텔,4.5GHz,내장그래픽,Arc,7core,256GB,77Wh,1.12kg,윈도우11홈,"['사무/인강용', '휴대용']"
LG전자,2024 그램16,16ZD90S-GX56K,16GB,LG전자 2024 그램16 16ZD90S-GX56K,16인치,2560x1600,코어 울트라5,350nit,정보없음,인텔,4.5GHz,내장그래픽,Arc,7core,512GB,77Wh,1.199kg,정보없음,"['사무/인강용', '휴대용']"
LG전자,2024 그램16,16Z90S-GA50K,16GB,LG전자 2024 그램16 16Z90S-GA50K,16인치,2560x1600,코어 울트라5,350nit,정보없음,인텔,4.5GHz,내장그래픽,Arc,7core,256GB,77Wh,1.199kg,윈도우11홈,"['사무/인강용', '휴대용']"
LG전자,2024 그램16,16Z90S-GA7CK,16GB,LG전자 2024 그램16 16Z90S-GA7CK,16인치,2560x1600,코어 울트라7,350nit,정보없음,인텔,4.8GHz,내장그래픽,Arc,8core,256GB,77Wh,1.199kg,윈도우11홈,"['사무/인강용', '휴대용']"
LG전자,2024 그램16,16Z90S-GA70K,16GB,LG전자 2024 그램16 16Z90S-GA70K,16인치,2560x1600,코어 울트라7,350nit,정보없음,인텔,4.8GHz,내장그래픽,Arc,8core,512GB,77Wh,1.199kg,윈도우11홈,"['사무/인강용', '휴대용']"
LG전자,2024 그램16,16ZD90SU-GXF6K,16GB,LG전자 2024 그램16 16ZD90SU-GXF6K 16GB램,16인치,2560x1600,코어 울트라5,350nit,정보없음,인텔,4.5GHz,내장그래픽,Arc,7core,256GB,77Wh,1.12kg,정보없음,"['사무/인강용', '휴대용']"
LG전자,2024 그램16,16ZD90SU-GXF6K,16GB,LG전자 2024 그램16 16ZD90SU-GXF6K WIN11 16GB램,16인치,2560x1600,코어 울트라5,350nit,정보없음,인텔,4.5GHz,내장그래픽,Arc,7core,256GB,77Wh,1.12kg,윈도우11(설치),"['사무/인강용', '휴대용']"
LG전자,2024 그램16,16ZD90S-GX79K,32GB,LG전자 2024 그램16 16ZD90S-GX79K WIN11,16인치,2560x1600,코어 울트라7,400nit,정보없음,인텔,4.8GHz,내장그래픽,Arc,8core,512GB,77Wh,1.199kg,윈도우11(설치),"['사무/인강용', '휴대용']"
LG전자,2024 그램16,16ZD90SU-GXF6K,8GB,LG전자 2024 그램16 16ZD90SU-GXF6K WIN11,16인치,2560x1600,코어 울트라5,350nit,정보없음,인텔,4.5GHz,내장그래픽,Arc,7core,256GB,77Wh,1.12kg,윈도우11(설치),"['사무/인강용', '휴대용']"
LG전자,2024 그램16,16Z90S-GP7UL,32GB,LG전자 2024 그램16 16Z90S-GP7UL,16인치,2560x1600,코어 울트라7,정보없음,정보없음,인텔,4.8GHz,내장그래픽,Arc,8core,512GB,77Wh,1.199kg,윈도우11프로,"['사무/인강용', '휴대용']"
LG전자,2024 그램16,16Z90S-GP7HL,32GB,LG전자 2024 그램16 16Z90S-GP7HL,16인치,2560x1600,코어 울트라7,정보없음,정보없음,인텔,4.8GHz,내장그래픽,Arc,8core,512GB,77Wh,1.199kg,윈도우11프로,"['사무/인강용', '휴대용']"
LG전자,2024 그램16,16ZD90S-GX79K,32GB,LG전자 2024 그램16 16ZD90S-GX79K,16인치,2560x1600,코어 울트라7,400nit,정보없음,인텔,4.8GHz,내장그래픽,Arc,8core,512GB,77Wh,1.199kg,정보없음,"['사무/인강용', '휴대용']"
LG전자,2024 그램16,16Z90S-GA5VK,16GB,LG전자 2024 그램16 16Z90S-GA5VK,16인치,2560x1600,코어 울트라5,350nit,정보없음,인텔,4.5GHz,내장그래픽,Arc,7core,256GB,77Wh,1.199kg,윈도우11홈,"['사무/인강용', '휴대용']"
LG전자,2024 그램16,16ZG90S-GP79KN,16GB,LG전자 2024 그램16 16ZG90S-GP79KN,16인치,2560x1600,코어 울트라7,350nit,정보없음,인텔,4.8GHz,내장그래픽,Intel Graphics,1,512GB,77Wh,1.22kg,윈도우11프로,"['사무/인강용', '휴대용']"
LG전자,2024 그램16,16Z90S-GP76ML,16GB,LG전자 2024 그램16 16Z90S-GP76ML,16인치,2560x1600,코어 울트라7,350nit,정보없음,인텔,4.8GHz,내장그래픽,Arc,8core,256GB,77Wh,1.199kg,윈도우11프로,"['사무/인강용', '휴대용']"
LG전자,2024 그램16,16ZD90S-GX79K,32GB,LG전자 2024 그램16 16ZD90S-GX79K WIN10,16인치,2560x1600,코어 울트라7,400nit,정보없음,인텔,4.8GHz,내장그래픽,Arc,8core,512GB,77Wh,1.199kg,윈도우10(설치),"['사무/인강용', '휴대용']"
LG전자,2024 그램16,16ZD90SU-GX56K,16GB,LG전자 2024 그램16 16ZD90SU-GX56K 16GB램,16인치,2560x1600,코어 울트라5,350nit,정보없음,인텔,4.3GHz,내장그래픽,Intel Graphics,1,256GB,77Wh,1.12kg,정보없음,"['사무/인강용', '휴대용']"
LG전자,2024 그램16,16ZD90SU-GX76K,16GB,LG전자 2024 그램16 16ZD90SU-GX76K 16GB램,16인치,2560x1600,코어 울트라7,350nit,정보없음,인텔,4.8GHz,내장그래픽,Intel Graphics,1,256GB,77Wh,1.12kg,정보없음,"['사무/인강용', '휴대용']"
LG전자,2024 그램16,16ZD90SU-GX76K,16GB,LG전자 2024 그램16 16ZD90SU-GX76K WIN11 16GB램,16인치,2560x1600,코어 울트라7,350nit,정보없음,인텔,4.8GHz,내장그래픽,Intel Graphics,1,256GB,77Wh,1.12kg,윈도우11(설치),"['사무/인강용', '휴대용']"
LG전자,2024 그램17,17Z90S-GA5PK,16GB,14 LG전자 2024 그램17 17Z90S-GA5PK,17인치,2560x1600,코어 울트라5,400nit,144Hz,인텔,4.5GHz,내장그래픽,Arc,7core,512GB,77Wh,1.35kg,윈도우11홈,"['사무/인강용', '휴대용']"
LG전자,2024 그램17,17ZD90SU-GX56K,16GB,22 LG전자 2024 그램17 17ZD90SU-GX56K WIN11 16GB램,17인치,2560x1600,코어 울트라5,350nit,정보없음,인텔,4.3GHz,내장그래픽,Intel Graphics,1,256GB,77Wh,1.39kg,윈도우11(설치),"['사무/인강용', '휴대용']"
LG전자,2024 그램17,17ZD90SU-GX76K,16GB,LG전자 2024 그램17 17ZD90SU-GX76K WIN11 16GB램,17인치,2560x1600,코어 울트라7,350nit,정보없음,인텔,4.8GHz,내장그래픽,Intel Graphics,1,256GB,77Wh,1.39kg,윈도우11(설치),"['사무/인강용', '휴대용']"
LG전자,2024 그램17,17ZD90SU-GX56K,16GB,LG전자 2024 그램17 17ZD90SU-GX56K 16GB램,17인치,2560x1600,코어 울트라5,350nit,정보없음,인텔,4.3GHz,내장그래픽,Intel Graphics,1,256GB,77Wh,1.39kg,정보없음,"['사무/인강용', '휴대용']"
LG전자,2024 그램17,17Z90S-GA5BK,16GB,LG전자 2024 그램17 17Z90S-GA5BK,17인치,2560x1600,코어 울트라5,400nit,144Hz,인텔,4.5GHz,내장그래픽,Arc,7core,512GB,77Wh,1.35kg,윈도우11홈,"['사무/인강용', '휴대용']"
LG전자,2024 그램17,17Z90S-GP7UL,32GB,LG전자 2024 그램17 17Z90S-GP7UL,17인치,2560x1600,코어 울트라7,정보없음,정보없음,인텔,4.8GHz,내장그래픽,Arc,8core,512GB,77Wh,1.35kg,윈도우11프로,"['사무/인강용', '휴대용']"
LG전자,2024 그램17,17Z90S-GP7IL,16GB,LG전자 2024 그램17 17Z90S-GP7IL,17인치,2560x1600,코어 울트라7,정보없음,144Hz,인텔,4.8GHz,내장그래픽,Arc,8core,512GB,77Wh,1.35kg,윈도우11프로,"['사무/인강용', '휴대용']"
LG전자,2024 그램17,17ZD90SU-GX56K,정보없음,LG전자 2024 그램17 17ZD90SU-GX56K,17인치,2560x1600,코어 울트라5,350nit,정보없음,인텔,4.3GHz,내장그래픽,Intel Graphics,1,정보없음,정보없음,1.39kg,정보없음,[]
LG전자,2024 그램17,17Z90S-GA5CK,16GB,LG전자 2024 그램17 17Z90S-GA5CK,17인치,2560x1600,코어 울트라5,400nit,144Hz,인텔,4.5GHz,내장그래픽,Arc,7core,256GB,77Wh,1.35kg,윈도우11홈,"['사무/인강용', '휴대용']"
LG전자,2024 그램17,17ZD90SU-GX56K,8GB,LG전자 2024 그램17 17ZD90SU-GX56K WIN11,17인치,2560x1600,코어 울트라5,350nit,정보없음,인텔,4.3GHz,내장그래픽,Intel Graphics,1,256GB,77Wh,1.39kg,윈도우11(설치),"['사무/인강용', '휴대용']"
LG전자,2024 그램17,17ZD90SU-GX76K,정보없음,LG전자 2024 그램17 17ZD90SU-GX76K,17인치,2560x1600,코어 울트라7,350nit,정보없음,인텔,4.8GHz,내장그래픽,Intel Graphics,1,정보없음,정보없음,1.39kg,정보없음,[]
LG전자,2024 그램17,17ZD90SU-GX76K,8GB,LG전자 2024 그램17 17ZD90SU-GX76K WIN11,17인치,2560x1600,코어 울트라7,350nit,정보없음,인텔,4.8GHz,내장그래픽,Intel Graphics,1,256GB,77Wh,1.39kg,윈도우11(설치),"['사무/인강용', '휴대용']"
LG전자,2024 그램17,17Z90S-GA5SK,16GB,LG전자 2024 그램17 17Z90S-GA5SK,17인치,2560x1600,코어 울트라5,350nit,정보없음,인텔,4.5GHz,내장그래픽,Arc,7core,512GB,77Wh,1.35kg,윈도우11홈,"['사무/인강용', '휴대용']"
LG전자,2024 그램17,17Z90SU-GR56K,정보없음,LG전자 2024 그램17 17Z90SU-GR56K,17인치,2560x1600,코어 울트라5,350nit,정보없음,인텔,4.3GHz,내장그래픽,Intel Graphics,1,정보없음,정보없음,1.39kg,윈도우11홈,[]
LG전자,2024 그램17,17ZD90SU-GXF6K,8GB,LG전자 2024 그램17 17ZD90SU-GXF6K,17인치,2560x1600,코어 울트라5,350nit,정보없음,인텔,4.5GHz,내장그래픽,Arc,7core,256GB,77Wh,1.39kg,정보없음,"['사무/인강용', '휴대용']"
LG전자,2024 그램17,17Z90SU-GRF6K,8GB,LG전자 2024 그램17 17Z90SU-GRF6K,17인치,2560x1600,코어 울트라5,350nit,정보없음,인텔,4.5GHz,내장그래픽,Arc,7core,256GB,77Wh,1.39kg,윈도우11홈,"['사무/인강용', '휴대용']"
LG전자,2024 그램17,17Z90S-GAOWK,16GB,LG전자 2024 그램17 17Z90S-GAOWK,17인치,2560x1600,코어 울트라5,350nit,정보없음,인텔,4.5GHz,내장그래픽,Arc,7core,512GB,77Wh,1.35kg,윈도우11홈,"['사무/인강용', '휴대용']"
LG전자,2024 그램17,17ZD90SU-GXF6K,8GB,LG전자 2024 그램17 17ZD90SU-GXF6K WIN11,17인치,2560x1600,코어 울트라5,350nit,정보없음,인텔,4.5GHz,내장그래픽,Arc,7core,256GB,77Wh,1.39kg,윈도우11(설치),"['사무/인강용', '휴대용']"
LG전자,2024 그램17,17Z90S-GA70K,16GB,LG전자 2024 그램17 17Z90S-GA70K,17인치,2560x1600,코어 울트라7,350nit,정보없음,인텔,4.8GHz,내장그래픽,Arc,8core,512GB,77Wh,1.35kg,윈도우11홈,"['사무/인강용', '휴대용']"
LG전자,2024 그램17,17Z90S-GALGL,16GB,LG전자 2024 그램17 17Z90S-GALGL,17인치,2560x1600,코어 울트라5,350nit,정보없음,인텔,4.5GHz,내장그래픽,Arc,7core,256GB,72Wh,1.35kg,윈도우11홈,"['사무/인강용', '휴대용']"
LG전자,2024 그램17,17Z90S-GA5HK,16GB,LG전자 2024 그램17 17Z90S-GA5HK,17인치,2560x1600,코어 울트라5,350nit,정보없음,인텔,4.5GHz,내장그래픽,Arc,7core,512GB,77Wh,1.35kg,윈도우11홈,"['사무/인강용', '휴대용']"
LG전자,2024 그램17,17ZD90SU-GX56K,16GB,LG전자 2024 그램17 17ZD90SU-GX56K WIN10 16GB램,17인치,2560x1600,코어 울트라5,350nit,정보없음,인텔,4.3GHz,내장그래픽,Intel Graphics,1,256GB,77Wh,1.39kg,윈도우10(설치),"['사무/인강용', '휴대용']"
LG전자,2024 그램17,17ZD90SU-GX56K,8GB,LG전자 2024 그램17 17ZD90SU-GX56K WIN10,17인치,2560x1600,코어 울트라5,350nit,정보없음,인텔,4.3GHz,내장그래픽,Intel Graphics,1,256GB,77Wh,1.39kg,윈도우10(설치),"['사무/인강용', '휴대용']"
LG전자,2024 그램17,17Z90S-GA50K,16GB,LG전자 2024 그램17 17Z90S-GA50K,17인치,2560x1600,코어 울트라5,350nit,정보없음,인텔,4.5GHz,내장그래픽,Arc,7core,256GB,77Wh,1.35kg,윈도우11홈,"['사무/인강용', '휴대용']"
LG전자,2024 그램17,17ZD90SU-GX76K,16GB,LG전자 2024 그램17 17ZD90SU-GX76K WIN10 16GB램,17인치,2560x1600,코어 울트라7,350nit,정보없음,인텔,4.8GHz,내장그래픽,Intel Graphics,1,256GB,77Wh,1.39kg,윈도우10(설치),"['사무/인강용', '휴대용']"
LG전자,2024 그램17,17ZD90SU-GX76K,8GB,LG전자 2024 그램17 17ZD90SU-GX76K WIN10,17인치,2560x1600,코어 울트라7,350nit,정보없음,인텔,4.8GHz,내장그래픽,Intel Graphics,1,256GB,77Wh,1.39kg,윈도우10(설치),"['사무/인강용', '휴대용']"
LG전자,2024 그램17,17Z90S-GP7AL,32GB,LG전자 2024 그램17 17Z90S-GP7AL,17인치,2560x1600,코어 울트라7,정보없음,정보없음,인텔,4.8GHz,내장그래픽,Arc,8core,512GB,77Wh,1.35kg,윈도우11프로,"['사무/인강용', '휴대용']"
LG전자,2024 그램17,17Z90S-GA5DK,16GB,LG전자 2024 그램17 17Z90S-GA5DK,17인치,2560x1600,코어 울트라5,350nit,정보없음,인텔,4.5GHz,내장그래픽,Arc,7core,256GB,77Wh,1.35kg,윈도우11홈,"['사무/인강용', '휴대용']"
LG전자,2024 그램17,17Z90S-GP7VL,16GB,LG전자 2024 그램17 17Z90S-GP7VL,17인치,2560x1600,코어 울트라5,정보없음,144Hz,인텔,4.5GHz,내장그래픽,Arc,8core,256GB,77Wh,1.35kg,윈도우11프로,"['사무/인강용', '휴대용']"
LG전자,2024 그램17,17ZD90SU-GX76K,16GB,LG전자 2024 그램17 17ZD90SU-GX76K 16GB램,17인치,2560x1600,코어 울트라7,350nit,정보없음,인텔,4.8GHz,내장그래픽,Intel Graphics,1,256GB,77Wh,1.39kg,정보없음,"['사무/인강용', '휴대용']"
LG전자,2024 그램17,17ZD90SU-GXF6K,16GB,LG전자 2024 그램17 17ZD90SU-GXF6K WIN11 16GB램,17인치,2560x1600,코어 울트라5,350nit,정보없음,인텔,4.5GHz,내장그래픽,Arc,7core,256GB,77Wh,1.39kg,윈도우11(설치),"['사무/인강용', '휴대용']"
LG전자,2024 그램17,17ZD90SU-GXF6K,16GB,LG전자 2024 그램17 17ZD90SU-GXF6K 16GB램,17인치,2560x1600,코어 울트라5,350nit,정보없음,인텔,4.5GHz,내장그래픽,Arc,7core,256GB,77Wh,1.39kg,정보없음,"['사무/인강용', '휴대용']"
LG전자,2024 그램17,17Z90SU-GR56K,정보없음,LG전자 2024 그램17 17Z90SU-GR56K 16GB램,17인치,2560x1600,코어 울트라5,350nit,정보없음,인텔,4.3GHz,내장그래픽,Intel Graphics,1,정보없음,정보없음,1.39kg,윈도우11홈,[]
LG전자,2024 그램17,17Z90SU-GRF6K,16GB,LG전자 2024 그램17 17Z90SU-GRF6K 16GB램,17인치,2560x1600,코어 울트라5,350nit,정보없음,인텔,4.5GHz,내장그래픽,Arc,7core,256GB,77Wh,1.39kg,윈도우11홈,"['사무/인강용', '휴대용']"
LG전자,2024 그램360,14T90S-GA50K,16GB,LG전자 2024 그램360 14T90S-GA50K,14인치,1920x1200,코어 울트라5,350nit,정보없음,인텔,4.5GHz,내장그래픽,Arc,7core,512GB,72Wh,1.25kg,윈도우11홈,"['사무/인강용', '휴대용']"
LG전자,2024 그램360,14T90S-GP5XL,8GB,LG전자 2024 그램360 14T90S-GP5XL,14인치,1920x1200,코어 울트라5,350nit,정보없음,인텔,4.5GHz,내장그래픽,Arc,7core,256GB,72Wh,1.25kg,윈도우11홈,"['사무/인강용', '휴대용']"
LG전자,2024 울트라PC,15U50S-SP7KL,32GB,LG전자 2024 울트라PC 15U50S-SP7KL 32GB램,15.6인치,1920x1080,코어 울트라7,정보없음,정보없음,인텔,4.8GHz,외장그래픽,MX570 A,1,512GB,49Wh,1.8kg,윈도우11프로,"['그래픽작업용', '사무/인강용']"
LG전자,2024 울트라PC,15U50S-SR56K,8GB,LG전자 2024 울트라PC 15U50S-SR56K,15.6인치,1920x1080,코어 울트라5,정보없음,정보없음,인텔,4.3GHz,외장그래픽,MX570 A,1,256GB,49Wh,1.8kg,윈도우11홈,['그래픽작업용']
LG전자,2024 울트라PC,15U50S-SP7KL,16GB,LG전자 2024 울트라PC 15U50S-SP7KL,15.6인치,1920x1080,코어 울트라7,정보없음,정보없음,인텔,4.8GHz,외장그래픽,MX570 A,1,512GB,49Wh,1.8kg,윈도우11프로,"['그래픽작업용', '사무/인강용']"
LG전자,2025 그램 프로16,16Z90TS-GU7BK,32GB,2 LG전자 2025 그램 프로16 16Z90TS-GU7BK,16인치,2560x1600,코어 울트라7,400nit,144Hz,인텔,4.8GHz,내장그래픽,Arc 140V,8core,1TB,77Wh,1.239kg,윈도우11홈,"['사무/인강용', '휴대용']"
LG전자,2025 그램 프로16,16Z90TP-KA5WK,16GB,13 LG전자 2025 그램 프로16 16Z90TP-KA5WK,16인치,2880x1800,코어 울트라5,400nit,120Hz,인텔,4.9GHz,내장그래픽,Arc 130T,7core,512GB,77Wh,1.199kg,윈도우11홈,"['사무/인강용', '휴대용']"
LG전자,2025 그램 프로16,16Z90TP-KD7BK,32GB,25 LG전자 2025 그램 프로16 16Z90TP-KD7BK,16인치,2880x1800,코어 울트라7,400nit,120Hz,인텔,5.1GHz,내장그래픽,Arc 140T,8core,1TB,77Wh,1.199kg,윈도우11홈,"['사무/인강용', '휴대용']"
LG전자,2025 그램 프로16,16Z90TP-GA5JK,16GB,LG전자 2025 그램 프로16 16Z90TP-GA5JK,16인치,2560x1600,코어 울트라5,400nit,144Hz,인텔,4.9GHz,내장그래픽,Arc 130T,7core,512GB,77Wh,1.199kg,윈도우11홈,"['사무/인강용', '휴대용']"
LG전자,2025 그램 프로16,16Z90TP-GA5BK,16GB,LG전자 2025 그램 프로16 16Z90TP-GA5BK,16인치,2560x1600,코어 울트라5,400nit,144Hz,인텔,4.9GHz,내장그래픽,Arc 130T,7core,256GB,77Wh,1.199kg,윈도우11홈,"['사무/인강용', '휴대용']"
LG전자,2025 그램 프로16,16Z90TS-GU7WK,32GB,LG전자 2025 그램 프로16 16Z90TS-GU7WK,16인치,2560x1600,코어 울트라7,400nit,144Hz,인텔,4.8GHz,내장그래픽,Arc 140V,8core,1TB,77Wh,1.199kg,윈도우11홈,"['사무/인강용', '휴대용']"
LG전자,2025 그램 프로16,16ZD90TP-GX56K,16GB,LG전자 2025 그램 프로16 16ZD90TP-GX56K,16인치,2560x1600,코어 울트라5,400nit,144Hz,인텔,4.9GHz,내장그래픽,Arc 130T,7core,256GB,77Wh,1.199kg,정보없음,"['사무/인강용', '휴대용']"
LG전자,2025 그램 프로16,16ZD90TR-SX59K,32GB,LG전자 2025 그램 프로16 16ZD90TR-SX59K,16인치,2560x1600,코어 울트라5,400nit,144Hz,인텔,4.9GHz,외장그래픽,RTX4050,1,512GB,90Wh,1.36kg,정보없음,"['게임용', '그래픽작업용', '휴대용']"
LG전자,2025 그램 프로16,16ZD90TP-GX79K,32GB,LG전자 2025 그램 프로16 16ZD90TP-GX79K WIN11,16인치,2560x1600,코어 울트라7,400nit,144Hz,인텔,5.1GHz,내장그래픽,Arc 140T,8core,256GB,77Wh,1.199kg,윈도우11(설치),"['사무/인강용', '휴대용']"
LG전자,2025 그램 프로16,16Z90TP-GA5CK,16GB,LG전자 2025 그램 프로16 16Z90TP-GA5CK,16인치,2560x1600,코어 울트라5,400nit,144Hz,인텔,4.9GHz,내장그래픽,Arc 130T,7core,256GB,77Wh,1.199kg,윈도우11홈,"['사무/인강용', '휴대용']"
LG전자,2025 그램 프로16,16Z90TP-GA5HK,16GB,LG전자 2025 그램 프로16 16Z90TP-GA5HK,16인치,2560x1600,코어 울트라5,400nit,144Hz,인텔,4.9GHz,내장그래픽,Arc 130T,7core,512GB,77Wh,1.199kg,윈도우11홈,"['사무/인강용', '휴대용']"
LG전자,2025 그램 프로16,16ZD90TP-GX79K,32GB,LG전자 2025 그램 프로16 16ZD90TP-GX79K,16인치,2560x1600,코어 울트라7,400nit,144Hz,인텔,5.1GHz,내장그래픽,Arc 140T,8core,256GB,77Wh,1.199kg,정보없음,"['사무/인강용', '휴대용']"
LG전자,2025 그램 프로16,16Z90TP-KD7WK,32GB,LG전자 2025 그램 프로16 16Z90TP-KD7WK,16인치,2880x1800,코어 울트라7,400nit,120Hz,인텔,5.1GHz,내장그래픽,Arc 140T,8core,1TB,77Wh,1.199kg,윈도우11홈,"['사무/인강용', '휴대용']"
LG전자,2025 그램 프로16,16Z90TP-KA5BK,16GB,LG전자 2025 그램 프로16 16Z90TP-KA5BK,16인치,2880x1800,코어 울트라5,400nit,120Hz,인텔,4.9GHz,내장그래픽,Arc 130T,7core,512GB,77Wh,1.199kg,윈도우11홈,"['사무/인강용', '휴대용']"
LG전자,2025 그램 프로16,16Z90TP-GA5YK,16GB,LG전자 2025 그램 프로16 16Z90TP-GA5YK,16인치,2560x1600,코어 울트라5,400nit,144Hz,인텔,4.9GHz,내장그래픽,Arc 130T,7core,256GB,77Wh,1.199kg,윈도우11홈,"['사무/인강용', '휴대용']"
LG전자,2025 그램 프로16,16Z90TP-GD7BK,32GB,LG전자 2025 그램 프로16 16Z90TP-GD7BK,16인치,2560x1600,코어 울트라7,400nit,144Hz,인텔,5.1GHz,내장그래픽,Arc 140T,8core,512GB,77Wh,1.199kg,윈도우11홈,"['사무/인강용', '휴대용']"
LG전자,2025 그램 프로16,16Z90TP-GD7CK,32GB,LG전자 2025 그램 프로16 16Z90TP-GD7CK,16인치,2560x1600,코어 울트라7,400nit,144Hz,인텔,5.1GHz,내장그래픽,Arc 140T,8core,512GB,77Wh,1.199kg,윈도우11홈,"['사무/인강용', '휴대용']"
LG전자,2025 그램 프로16,16Z90TR-SD7WK,32GB,LG전자 2025 그램 프로16 16Z90TR-SD7WK,16인치,2560x1600,코어 울트라7,400nit,144Hz,인텔,5.1GHz,외장그래픽,RTX4050,1,1TB,90Wh,1.36kg,윈도우11홈,"['게임용', '그래픽작업용', '휴대용']"
LG전자,2025 그램 프로16,16Z90TS-GS56K,16GB,LG전자 2025 그램 프로16 16Z90TS-GS56K,16인치,2560x1600,코어 울트라5,400nit,144Hz,인텔,4.5GHz,내장그래픽,Arc 130V,7core,256GB,77Wh,1.239kg,윈도우11홈,"['사무/인강용', '휴대용']"
LG전자,2025 그램 프로16,16Z90TP-GA5LK,16GB,LG전자 2025 그램 프로16 16Z90TP-GA5LK,16인치,2560x1600,코어 울트라5,400nit,144Hz,인텔,4.9GHz,내장그래픽,Arc 130T,7core,512GB,77Wh,1.199kg,윈도우11홈,"['사무/인강용', '휴대용']"
LG전자,2025 그램 프로16,16ZD90TR-SX79K,32GB,LG전자 2025 그램 프로16 16ZD90TR-SX79K,16인치,2560x1600,코어 울트라7,400nit,144Hz,인텔,5.1GHz,외장그래픽,RTX4050,1,512GB,90Wh,1.36kg,정보없음,"['게임용', '그래픽작업용', '휴대용']"
LG전자,2025 그램 프로16,16ZD90TP-GX5BK,16GB,LG전자 2025 그램 프로16 16ZD90TP-GX5BK,16인치,2560x1600,코어 울트라5,400nit,144Hz,인텔,4.9GHz,내장그래픽,Arc 130T,7core,256GB,77Wh,1.199kg,정보없음,"['사무/인강용', '휴대용']"
LG전자,2025 그램 프로16,16ZD90TS-GX56K,16GB,LG전자 2025 그램 프로16 16ZD90TS-GX56K WIN11,16인치,2560x1600,코어 울트라5,400nit,144Hz,인텔,4.5GHz,내장그래픽,Arc 130V,7core,256GB,77Wh,1.199kg,윈도우11(설치),"['사무/인강용', '휴대용']"
LG전자,2025 그램 프로16,16ZD90TP-GX59K,32GB,LG전자 2025 그램 프로16 16ZD90TP-GX59K WIN11,16인치,2560x1600,코어 울트라5,400nit,144Hz,인텔,4.9GHz,내장그래픽,Arc 130T,7core,256GB,77Wh,1.199kg,윈도우11(설치),"['사무/인강용', '휴대용']"
LG전자,2025 그램 프로16,16ZD90TS-GX56K,16GB,LG전자 2025 그램 프로16 16ZD90TS-GX56K,16인치,2560x1600,코어 울트라5,400nit,144Hz,인텔,4.5GHz,내장그래픽,Arc 130V,7core,256GB,77Wh,1.199kg,정보없음,"['사무/인강용', '휴대용']"
LG전자,2025 그램 프로16,16Z90TP-GA5MK,16GB,LG전자 2025 그램 프로16 16Z90TP-GA5MK,16인치,2560x1600,코어 울트라5,400nit,144Hz,인텔,4.9GHz,내장그래픽,Arc 130T,7core,256GB,77Wh,1.199kg,윈도우11홈,"['사무/인강용', '휴대용']"
LG전자,2025 그램 프로16,16ZD90TR-SX7BK,32GB,LG전자 2025 그램 프로16 16ZD90TR-SX7BK,16인치,2560x1600,코어 울트라7,400nit,144Hz,인텔,5.1GHz,외장그래픽,RTX4050,1,512GB,90Wh,1.36kg,정보없음,"['게임용', '그래픽작업용', '휴대용']"
LG전자,2025 그램 프로16,16ZD90TR-SX79K,32GB,LG전자 2025 그램 프로16 16ZD90TR-SX79K WIN11,16인치,2560x1600,코어 울트라7,400nit,144Hz,인텔,5.1GHz,외장그래픽,RTX4050,1,512GB,90Wh,1.36kg,윈도우11(설치),"['게임용', '그래픽작업용', '휴대용']"
LG전자,2025 그램 프로16,16ZD90TP-GX56K,16GB,LG전자 2025 그램 프로16 16ZD90TP-GX56K WIN11,16인치,2560x1600,코어 울트라5,400nit,144Hz,인텔,4.9GHz,내장그래픽,Arc 130T,7core,256GB,77Wh,1.199kg,윈도우11(설치),"['사무/인강용', '휴대용']"
LG전자,2025 그램 프로16,16ZD90TP-GX59K,32GB,LG전자 2025 그램 프로16 16ZD90TP-GX59K,16인치,2560x1600,코어 울트라5,400nit,144Hz,인텔,4.9GHz,내장그래픽,Arc 130T,7core,256GB,77Wh,1.199kg,정보없음,"['사무/인강용', '휴대용']"
LG전자,2025 그램 프로16,16Z90TS-GS5HK,16GB,LG전자 2025 그램 프로16 16Z90TS-GS5HK,16인치,2560x1600,코어 울트라5,400nit,144Hz,인텔,4.5GHz,내장그래픽,Arc 130V,7core,512GB,77Wh,1.239kg,윈도우11홈,"['사무/인강용', '휴대용']"
LG전자,2025 그램 프로16,16ZD90TR-SX5BK,32GB,LG전자 2025 그램 프로16 16ZD90TR-SX5BK,16인치,2560x1600,코어 울트라5,400nit,144Hz,인텔,4.9GHz,외장그래픽,RTX4050,1,512GB,90Wh,1.36kg,정보없음,"['게임용', '그래픽작업용', '휴대용']"
LG전자,2025 그램 프로16,16Z90TR-SD7HK,32GB,LG전자 2025 그램 프로16 16Z90TR-SD7HK,16인치,2560x1600,코어 울트라7,400nit,144Hz,인텔,5.1GHz,외장그래픽,RTX4050,1,1TB,90Wh,1.36kg,윈도우11홈,"['게임용', '그래픽작업용', '휴대용']"
LG전자,2025 그램 프로16,16ZD90TP-GX5BK,16GB,LG전자 2025 그램 프로16 16ZD90TP-GX5BK WIN11,16인치,2560x1600,코어 울트라5,400nit,144Hz,인텔,4.9GHz,내장그래픽,Arc 130T,7core,256GB,77Wh,1.199kg,윈도우11(설치),"['사무/인강용', '휴대용']"
LG전자,2025 그램 프로16,16ZD90TR-SX7BK,32GB,LG전자 2025 그램 프로16 16ZD90TR-SX7BK WIN11,16인치,2560x1600,코어 울트라7,400nit,144Hz,인텔,5.1GHz,외장그래픽,RTX4050,1,512GB,90Wh,1.36kg,윈도우11(설치),"['게임용', '그래픽작업용', '휴대용']"
LG전자,2025 그램 프로16,16Z90TR-SA5BK,32GB,LG전자 2025 그램 프로16 16Z90TR-SA5BK,16인치,2560x1600,코어 울트라5,400nit,144Hz,인텔,4.9GHz,외장그래픽,RTX4050,1,512GB,90Wh,1.36kg,윈도우11홈,"['게임용', '그래픽작업용', '휴대용']"
LG전자,2025 그램 프로16,16Z90TS-GS5CK,16GB,LG전자 2025 그램 프로16 16Z90TS-GS5CK,16인치,2560x1600,코어 울트라5,400nit,144Hz,인텔,4.5GHz,내장그래픽,Arc 130V,7core,256GB,77Wh,1.199kg,윈도우11홈,"['사무/인강용', '휴대용']"
LG전자,2025 그램 프로16,16ZD90TR-SX59K,32GB,LG전자 2025 그램 프로16 16ZD90TR-SX59K WIN11,16인치,2560x1600,코어 울트라5,400nit,144Hz,인텔,4.9GHz,외장그래픽,RTX4050,1,512GB,90Wh,1.36kg,윈도우11(설치),"['게임용', '그래픽작업용', '휴대용']"
LG전자,2025 그램 프로16,16ZD90TR-SX5BK,32GB,LG전자 2025 그램 프로16 16ZD90TR-SX5BK WIN11,16인치,2560x1600,코어 울트라5,400nit,144Hz,인텔,4.9GHz,외장그래픽,RTX4050,1,512GB,90Wh,1.36kg,윈도우11(설치),"['게임용', '그래픽작업용', '휴대용']"
LG전자,2025 그램 프로16,16Z90TR-SD7LK,32GB,LG전자 2025 그램 프로16 16Z90TR-SD7LK,16인치,2560x1600,코어 울트라7,400nit,144Hz,인텔,5.1GHz,외장그래픽,RTX4050,1,512GB,90Wh,1.36kg,윈도우11홈,"['게임용', '그래픽작업용', '휴대용']"
LG전자,2025 그램 프로16,16Z90TR-SD79K,32GB,LG전자 2025 그램 프로16 16Z90TR-SD79K,16인치,2560x1600,코어 울트라7,400nit,144Hz,인텔,5.1GHz,외장그래픽,RTX4050,1,512GB,90Wh,1.36kg,윈도우11홈,"['게임용', '그래픽작업용', '휴대용']"
LG전자,2025 그램 프로16,16Z90TR-SD70K,32GB,LG전자 2025 그램 프로16 16Z90TR-SD70K,16인치,2560x1600,코어 울트라7,400nit,144Hz,인텔,5.1GHz,외장그래픽,RTX4050,1,512GB,90Wh,1.36kg,윈도우11홈,"['게임용', '그래픽작업용', '휴대용']"
LG전자,2025 그램 프로16,16Z90TR-SA5HK,32GB,LG전자 2025 그램 프로16 16Z90TR-SA5HK,16인치,2560x1600,코어 울트라5,400nit,144Hz,인텔,4.9GHz,외장그래픽,RTX4050,1,512GB,90Wh,1.36kg,윈도우11홈,"['게임용', '그래픽작업용', '휴대용']"
LG전자,2025 그램 프로16,16Z90TS-GS50K,16GB,LG전자 2025 그램 프로16 16Z90TS-GS50K,16인치,2560x1600,코어 울트라5,400nit,144Hz,인텔,4.5GHz,내장그래픽,Arc 130V,7core,256GB,77Wh,1.239kg,윈도우11홈,"['사무/인강용', '휴대용']"
LG전자,2025 그램 프로16,16Z90TP-GA70K,16GB,LG전자 2025 그램 프로16 16Z90TP-GA70K,16인치,2560x1600,코어 울트라7,400nit,144Hz,인텔,5.1GHz,내장그래픽,Arc 140T,8core,512GB,77Wh,1.199kg,윈도우11홈,"['사무/인강용', '휴대용']"
LG전자,2025 그램 프로16,16Z90TS-GS5LK,16GB,LG전자 2025 그램 프로16 16Z90TS-GS5LK,16인치,2560x1600,코어 울트라5,400nit,144Hz,인텔,4.5GHz,내장그래픽,Arc 130V,7core,512GB,77Wh,1.199kg,윈도우11홈,"['사무/인강용', '휴대용']"
LG전자,2025 그램 프로16,16Z90TP-GA50K,16GB,LG전자 2025 그램 프로16 16Z90TP-GA50K,16인치,2560x1600,코어 울트라5,400nit,144Hz,인텔,4.9GHz,내장그래픽,Arc 130T,7core,512GB,77Wh,1.199kg,윈도우11홈,"['사무/인강용', '휴대용']"
LG전자,2025 그램 프로17,17ZD90TR-SX59K,32GB,LG전자 2025 그램 프로17 17ZD90TR-SX59K WIN11,17인치,2560x1600,코어 울트라5,400nit,144Hz,인텔,4.9GHz,외장그래픽,RTX4050,1,512GB,90Wh,1.48kg,윈도우11(설치),"['게임용', '그래픽작업용', '휴대용']"
LG전자,2025 그램 프로17,17ZD90TP-GX56K,16GB,LG전자 2025 그램 프로17 17ZD90TP-GX56K,17인치,2560x1600,코어 울트라5,400nit,144Hz,인텔,4.9GHz,내장그래픽,Arc 130T,7core,256GB,90Wh,1.369kg,정보없음,"['사무/인강용', '휴대용']"
LG전자,2025 그램 프로17,17ZD90TP-GX59K,32GB,LG전자 2025 그램 프로17 17ZD90TP-GX59K,17인치,2560x1600,코어 울트라5,400nit,144Hz,인텔,4.9GHz,내장그래픽,Arc 130T,7core,256GB,90Wh,1.369kg,정보없음,"['사무/인강용', '휴대용']"
LG전자,2025 그램 프로17,17Z90TR-SD7HK,32GB,LG전자 2025 그램 프로17 17Z90TR-SD7HK,17인치,2560x1600,코어 울트라7,400nit,144Hz,인텔,5.1GHz,외장그래픽,RTX4050,1,1TB,90Wh,1.48kg,윈도우11홈,"['게임용', '그래픽작업용', '휴대용']"
LG전자,2025 그램 프로17,17Z90TP-GA5CK,16GB,LG전자 2025 그램 프로17 17Z90TP-GA5CK,17인치,2560x1600,코어 울트라5,400nit,144Hz,인텔,4.9GHz,내장그래픽,Arc 130T,7core,256GB,90Wh,1.369kg,윈도우11홈,"['사무/인강용', '휴대용']"
LG전자,2025 그램 프로17,17ZD90TR-SX79K,32GB,LG전자 2025 그램 프로17 17ZD90TR-SX79K,17인치,2560x1600,코어 울트라7,400nit,144Hz,인텔,5.1GHz,외장그래픽,RTX4050,1,512GB,90Wh,1.48kg,정보없음,"['게임용', '그래픽작업용', '휴대용']"
LG전자,2025 그램 프로17,17ZD90TR-SX7BK,32GB,LG전자 2025 그램 프로17 17ZD90TR-SX7BK WIN11,17인치,2560x1600,코어 울트라7,400nit,144Hz,인텔,5.1GHz,외장그래픽,RTX4050,1,512GB,90Wh,1.48kg,윈도우11(설치),"['게임용', '그래픽작업용', '휴대용']"
LG전자,2025 그램 프로17,17Z90TP-GA70K,16GB,LG전자 2025 그램 프로17 17Z90TP-GA70K,17인치,2560x1600,코어 울트라7,400nit,144Hz,인텔,5.1GHz,내장그래픽,Arc 140T,8core,512GB,90Wh,1.369kg,윈도우11홈,"['사무/인강용', '휴대용']"
LG전자,2025 그램 프로17,17ZD90TP-GX5BK,16GB,LG전자 2025 그램 프로17 17ZD90TP-GX5BK WIN11,17인치,2560x1600,코어 울트라5,400nit,144Hz,인텔,4.9GHz,내장그래픽,Arc 130T,7core,256GB,90Wh,1.369kg,윈도우11(설치),"['사무/인강용', '휴대용']"
LG전자,2025 그램 프로17,17ZD90TR-SX7BK,32GB,LG전자 2025 그램 프로17 17ZD90TR-SX7BK,17인치,2560x1600,코어 울트라7,400nit,144Hz,인텔,5.1GHz,외장그래픽,RTX4050,1,512GB,90Wh,1.48kg,정보없음,"['게임용', '그래픽작업용', '휴대용']"
LG전자,2025 그램 프로17,17ZD90TR-SX59K,32GB,LG전자 2025 그램 프로17 17ZD90TR-SX59K,17인치,2560x1600,코어 울트라5,400nit,144Hz,인텔,4.9GHz,외장그래픽,RTX4050,1,512GB,90Wh,1.48kg,정보없음,"['게임용', '그래픽작업용', '휴대용']"
LG전자,2025 그램 프로17,17Z90TR-SD7WK,32GB,LG전자 2025 그램 프로17 17Z90TR-SD7WK,17인치,2560x1600,코어 울트라7,400nit,144Hz,인텔,5.1GHz,외장그래픽,RTX4050,1,1TB,90Wh,1.48kg,윈도우11홈,"['게임용', '그래픽작업용', '휴대용']"
LG전자,2025 그램 프로17,17Z90TP-GA5YK,16GB,LG전자 2025 그램 프로17 17Z90TP-GA5YK,17인치,2560x1600,코어 울트라5,400nit,144Hz,인텔,4.9GHz,내장그래픽,Arc 130T,7core,256GB,90Wh,1.369kg,윈도우11홈,"['사무/인강용', '휴대용']"
LG전자,2025 그램 프로17,17ZD90TR-SX5BK,32GB,LG전자 2025 그램 프로17 17ZD90TR-SX5BK,17인치,2560x1600,코어 울트라5,400nit,144Hz,인텔,4.9GHz,외장그래픽,RTX4050,1,512GB,90Wh,1.48kg,정보없음,"['게임용', '그래픽작업용', '휴대용']"
LG전자,2025 그램 프로17,17Z90TP-GD7CK,32GB,LG전자 2025 그램 프로17 17Z90TP-GD7CK,17인치,2560x1600,코어 울트라7,400nit,144Hz,인텔,5.1GHz,내장그래픽,Arc 140T,8core,512GB,90Wh,1.369kg,윈도우11홈,"['사무/인강용', '휴대용']"
LG전자,2025 그램 프로17,17ZD90TP-GX79K,32GB,LG전자 2025 그램 프로17 17ZD90TP-GX79K,17인치,2560x1600,코어 울트라7,400nit,144Hz,인텔,5.1GHz,내장그래픽,Arc 140T,8core,256GB,90Wh,1.369kg,정보없음,"['사무/인강용', '휴대용']"
LG전자,2025 그램 프로17,17ZD90TR-SX79K,32GB,LG전자 2025 그램 프로17 17ZD90TR-SX79K WIN11,17인치,2560x1600,코어 울트라7,400nit,144Hz,인텔,5.1GHz,외장그래픽,RTX4050,1,512GB,90Wh,1.48kg,윈도우11(설치),"['게임용', '그래픽작업용', '휴대용']"
LG전자,2025 그램 프로17,17Z90TP-GA5HK,16GB,LG전자 2025 그램 프로17 17Z90TP-GA5HK,17인치,2560x1600,코어 울트라5,400nit,144Hz,인텔,4.9GHz,내장그래픽,Arc 130T,7core,512GB,90Wh,1.369kg,윈도우11홈,"['사무/인강용', '휴대용']"
LG전자,2025 그램 프로17,17Z90TP-GD7BK,32GB,LG전자 2025 그램 프로17 17Z90TP-GD7BK,17인치,2560x1600,코어 울트라7,400nit,144Hz,인텔,5.1GHz,내장그래픽,Arc 140T,8core,512GB,90Wh,1.369kg,윈도우11홈,"['사무/인강용', '휴대용']"
LG전자,2025 그램 프로17,17Z90TR-SD7LK,32GB,LG전자 2025 그램 프로17 17Z90TR-SD7LK,17인치,2560x1600,코어 울트라7,400nit,144Hz,인텔,5.1GHz,외장그래픽,RTX4050,1,512GB,90Wh,1.48kg,윈도우11홈,"['게임용', '그래픽작업용', '휴대용']"
LG전자,2025 그램 프로17,17Z90TR-SA5BK,32GB,LG전자 2025 그램 프로17 17Z90TR-SA5BK,17인치,2560x1600,코어 울트라5,400nit,144Hz,인텔,4.9GHz,외장그래픽,RTX4050,1,512GB,90Wh,1.48kg,윈도우11홈,"['게임용', '그래픽작업용', '휴대용']"
LG전자,2025 그램 프로17,17ZD90TP-GX5BK,16GB,LG전자 2025 그램 프로17 17ZD90TP-GX5BK,17인치,2560x1600,코어 울트라5,400nit,144Hz,인텔,4.9GHz,내장그래픽,Arc 130T,7core,256GB,90Wh,1.369kg,정보없음,"['사무/인강용', '휴대용']"
LG전자,2025 그램 프로17,17Z90TR-SD79K,32GB,LG전자 2025 그램 프로17 17Z90TR-SD79K,17인치,2560x1600,코어 울트라7,400nit,144Hz,인텔,5.1GHz,외장그래픽,RTX4050,1,512GB,90Wh,1.48kg,윈도우11홈,"['게임용', '그래픽작업용', '휴대용']"
LG전자,2025 그램 프로17,17Z90TP-GA5LK,16GB,LG전자 2025 그램 프로17 17Z90TP-GA5LK,17인치,2560x1600,코어 울트라5,400nit,144Hz,인텔,4.9GHz,내장그래픽,Arc 130T,7core,512GB,90Wh,1.369kg,윈도우11홈,"['사무/인강용', '휴대용']"
LG전자,2025 그램 프로17,17ZD90TP-GX79K,32GB,LG전자 2025 그램 프로17 17ZD90TP-GX79K WIN11,17인치,2560x1600,코어 울트라7,400nit,144Hz,인텔,5.1GHz,내장그래픽,Arc 140T,8core,256GB,90Wh,1.369kg,윈도우11(설치),"['사무/인강용', '휴대용']"
LG전자,2025 그램 프로17,17ZD90TR-SX5BK,32GB,LG전자 2025 그램 프로17 17ZD90TR-SX5BK WIN11,17인치,2560x1600,코어 울트라5,400nit,144Hz,인텔,4.9GHz,외장그래픽,RTX4050,1,512GB,90Wh,1.48kg,윈도우11(설치),"['게임용', '그래픽작업용', '휴대용']"
LG전자,2025 그램 프로17,17ZD90TP-GX56K,16GB,LG전자 2025 그램 프로17 17ZD90TP-GX56K WIN11,17인치,2560x1600,코어 울트라5,400nit,144Hz,인텔,4.9GHz,내장그래픽,Arc 130T,7core,256GB,90Wh,1.369kg,윈도우11(설치),"['사무/인강용', '휴대용']"
LG전자,2025 그램 프로17,17Z90TR-SA5HK,32GB,LG전자 2025 그램 프로17 17Z90TR-SA5HK,17인치,2560x1600,코어 울트라5,400nit,144Hz,인텔,4.9GHz,외장그래픽,RTX4050,1,512GB,90Wh,1.48kg,윈도우11홈,"['게임용', '그래픽작업용', '휴대용']"
LG전자,2025 그램 프로17,17ZD90TP-GX59K,32GB,LG전자 2025 그램 프로17 17ZD90TP-GX59K WIN11,17인치,2560x1600,코어 울트라5,400nit,144Hz,인텔,4.9GHz,내장그래픽,Arc 130T,7core,256GB,90Wh,1.369kg,윈도우11(설치),"['사무/인강용', '휴대용']"
LG전자,2025 그램 프로17,17Z90TP-GA5BK,16GB,LG전자 2025 그램 프로17 17Z90TP-GA5BK,17인치,2560x1600,코어 울트라5,400nit,144Hz,인텔,4.9GHz,내장그래픽,Arc 130T,7core,256GB,90Wh,1.369kg,윈도우11홈,"['사무/인강용', '휴대용']"
LG전자,2025 그램 프로17,17Z90TP-GA50K,16GB,LG전자 2025 그램 프로17 17Z90TP-GA50K,17인치,2560x1600,코어 울트라5,400nit,144Hz,인텔,4.9GHz,내장그래픽,Arc 130T,7core,256GB,90Wh,1.369kg,윈도우11홈,"['사무/인강용', '휴대용']"
LG전자,2025 그램 프로17,17Z90TP-GA5JK,16GB,LG전자 2025 그램 프로17 17Z90TP-GA5JK,17인치,2560x1600,코어 울트라5,400nit,144Hz,인텔,4.9GHz,내장그래픽,Arc 130T,7core,512GB,90Wh,1.369kg,윈도우11홈,"['사무/인강용', '휴대용']"
LG전자,2025 그램 프로17,17Z90TP-GA5MK,16GB,LG전자 2025 그램 프로17 17Z90TP-GA5MK,17인치,2560x1600,코어 울트라5,400nit,144Hz,인텔,4.9GHz,내장그래픽,Arc 130T,7core,256GB,90Wh,1.369kg,윈도우11홈,"['사무/인강용', '휴대용']"
LG전자,2025 그램 프로360,16T90TP-GD7BK,32GB,17 LG전자 2025 그램 프로360 16T90TP-GD7BK,16인치,2560x1600,코어 울트라7,400nit,144Hz,인텔,5.1GHz,내장그래픽,Arc 140T,8core,1TB,77Wh,1.399kg,윈도우11홈,"['사무/인강용', '휴대용']"
LG전자,2025 그램 프로360,16TD90TP-GX56K,16GB,LG전자 2025 그램 프로360 16TD90TP-GX56K,16인치,2560x1600,코어 울트라5,400nit,144Hz,인텔,4.9GHz,내장그래픽,Arc 130T,7core,256GB,77Wh,1.399kg,정보없음,"['사무/인강용', '휴대용']"
LG전자,2025 그램 프로360,16T90TP-GA5CK,16GB,LG전자 2025 그램 프로360 16T90TP-GA5CK,16인치,2560x1600,코어 울트라5,400nit,144Hz,인텔,4.9GHz,내장그래픽,Arc 130T,7core,256GB,77Wh,1.399kg,윈도우11홈,"['사무/인강용', '휴대용']"
LG전자,2025 그램 프로360,16TD90TP-GX56K,16GB,LG전자 2025 그램 프로360 16TD90TP-GX56K WIN11,16인치,2560x1600,코어 울트라5,400nit,144Hz,인텔,4.9GHz,내장그래픽,Arc 130T,7core,256GB,77Wh,1.399kg,윈도우11(설치),"['사무/인강용', '휴대용']"
LG전자,2025 그램 프로360,16T90TP-GA5BK,16GB,LG전자 2025 그램 프로360 16T90TP-GA5BK,16인치,2560x1600,코어 울트라5,400nit,144Hz,인텔,4.9GHz,내장그래픽,Arc 130T,7core,512GB,77Wh,1.399kg,윈도우11홈,"['사무/인강용', '휴대용']"
LG전자,2025 그램 프로360,16T90TP-GD79K,32GB,LG전자 2025 그램 프로360 16T90TP-GD79K,16인치,2560x1600,코어 울트라7,400nit,144Hz,인텔,5.1GHz,내장그래픽,Arc 140T,8core,512GB,77Wh,1.399kg,윈도우11홈,"['사무/인강용', '휴대용']"
LG전자,2025 그램 프로360,16T90TP-GA5HK,16GB,LG전자 2025 그램 프로360 16T90TP-GA5HK,16인치,2560x1600,코어 울트라5,400nit,144Hz,인텔,4.9GHz,내장그래픽,Arc 130T,7core,512GB,77Wh,1.399kg,윈도우11홈,"['사무/인강용', '휴대용']"
LG전자,2025 그램 프로360,16TD90TP-GX76K,16GB,LG전자 2025 그램 프로360 16TD90TP-GX76K,16인치,2560x1600,코어 울트라7,400nit,144Hz,인텔,5.1GHz,내장그래픽,Arc 140T,8core,256GB,77Wh,1.399kg,정보없음,"['사무/인강용', '휴대용']"
LG전자,2025 그램 프로360,16TD90TP-GX76K,16GB,LG전자 2025 그램 프로360 16TD90TP-GX76K WIN11,16인치,2560x1600,코어 울트라7,400nit,144Hz,인텔,5.1GHz,내장그래픽,Arc 140T,8core,256GB,77Wh,1.399kg,윈도우11(설치),"['사무/인강용', '휴대용']"
LG전자,2025 그램 프로360,16T90TP-GA50K,16GB,LG전자 2025 그램 프로360 16T90TP-GA50K,16인치,2560x1600,코어 울트라5,400nit,144Hz,인텔,4.9GHz,내장그래픽,Arc 130T,7core,256GB,77Wh,1.399kg,윈도우11홈,"['사무/인강용', '휴대용']"
LG전자,2025 그램 프로360,16T90TP-GA70K,16GB,LG전자 2025 그램 프로360 16T90TP-GA70K,16인치,2560x1600,코어 울트라7,400nit,144Hz,인텔,5.1GHz,내장그래픽,Arc 140T,8core,512GB,77Wh,1.399kg,윈도우11홈,"['사무/인강용', '휴대용']"
LG전자,2025 그램14,14Z90T-GA56K,16GB,23 LG전자 2025 그램14 14Z90T-GA56K,14인치,1920x1200,코어 울트라5,350nit,정보없음,인텔,4.9GHz,내장그래픽,Arc 130T,7core,512GB,72Wh,1.12kg,윈도우11홈,"['사무/인강용', '휴대용']"
LG전자,2025 그램14,14Z90T-GA5HK,16GB,LG전자 2025 그램14 14Z90T-GA5HK,14인치,1920x1200,코어 울트라5,350nit,정보없음,인텔,4.9GHz,내장그래픽,Arc 130T,7core,512GB,72Wh,1.12kg,윈도우11홈,"['사무/인강용', '휴대용']"
LG전자,2025 그램14,14Z90T-GA5CK,16GB,LG전자 2025 그램14 14Z90T-GA5CK,14인치,1920x1200,코어 울트라5,350nit,정보없음,인텔,4.9GHz,내장그래픽,Arc 130T,7core,256GB,72Wh,1.12kg,윈도우11홈,"['사무/인강용', '휴대용']"
LG전자,2025 그램14,14ZD90T-GX56K,16GB,LG전자 2025 그램14 14ZD90T-GX56K,14인치,1920x1200,코어 울트라5,350nit,정보없음,인텔,4.9GHz,내장그래픽,Arc 130T,7core,256GB,72Wh,1.12kg,정보없음,"['사무/인강용', '휴대용']"
LG전자,2025 그램14,14ZD90T-GX50K,16GB,LG전자 2025 그램14 14ZD90T-GX50K,14인치,1920x1200,코어 울트라5,350nit,정보없음,인텔,4.9GHz,내장그래픽,Arc 130T,7core,512GB,72Wh,1.12kg,정보없음,"['사무/인강용', '휴대용']"
LG전자,2025 그램14,14Z90T-GA5YK,16GB,LG전자 2025 그램14 14Z90T-GA5YK,14인치,1920x1200,코어 울트라5,350nit,정보없음,인텔,4.9GHz,내장그래픽,Arc 130T,7core,256GB,72Wh,1.12kg,윈도우11홈,"['사무/인강용', '휴대용']"
LG전자,2025 그램14,14ZD90T-GX56K,16GB,LG전자 2025 그램14 14ZD90T-GX56K WIN11,14인치,1920x1200,코어 울트라5,350nit,정보없음,인텔,4.9GHz,내장그래픽,Arc 130T,7core,256GB,72Wh,1.12kg,윈도우11(설치),"['사무/인강용', '휴대용']"
LG전자,2025 그램14,14ZD90T-GX50K,16GB,LG전자 2025 그램14 14ZD90T-GX50K WIN11,14인치,1920x1200,코어 울트라5,350nit,정보없음,인텔,4.9GHz,내장그래픽,Arc 130T,7core,512GB,72Wh,1.12kg,윈도우11(설치),"['사무/인강용', '휴대용']"
LG전자,2025 그램14,14Z90T-GA50K,16GB,LG전자 2025 그램14 14Z90T-GA50K,14인치,1920x1200,코어 울트라5,350nit,정보없음,인텔,4.9GHz,내장그래픽,Arc 130T,7core,256GB,72Wh,1.12kg,윈도우11홈,"['사무/인강용', '휴대용']"
LG전자,2025 그램14,14Z90T-GA5JK,16GB,LG전자 2025 그램14 14Z90T-GA5JK,14인치,1920x1200,코어 울트라5,350nit,정보없음,인텔,4.9GHz,내장그래픽,Arc 130T,7core,512GB,72Wh,1.12kg,윈도우11홈,"['사무/인강용', '휴대용']"
LG전자,2025 그램15,15Z90T-GA5CK,16GB,11 LG전자 2025 그램15 15Z90T-GA5CK,15.6인치,1920x1080,코어 울트라5,350nit,정보없음,인텔,4.9GHz,내장그래픽,Arc 130T,7core,256GB,72Wh,1.29kg,윈도우11홈,"['사무/인강용', '휴대용']"
LG전자,2025 그램15,15ZD90T-GX56K,16GB,LG전자 2025 그램15 15ZD90T-GX56K,15.6인치,1920x1080,코어 울트라5,350nit,정보없음,인텔,4.9GHz,내장그래픽,Arc 130T,7core,256GB,72Wh,1.29kg,정보없음,"['사무/인강용', '휴대용']"
LG전자,2025 그램15,15ZD90T-GX59K,32GB,LG전자 2025 그램15 15ZD90T-GX59K,15.6인치,1920x1080,코어 울트라5,350nit,정보없음,인텔,4.9GHz,내장그래픽,Arc 130T,7core,256GB,72Wh,1.29kg,정보없음,"['사무/인강용', '휴대용']"
LG전자,2025 그램15,15ZD90T-GX56K,16GB,LG전자 2025 그램15 15ZD90T-GX56K WIN11,15.6인치,1920x1080,코어 울트라5,350nit,정보없음,인텔,4.9GHz,내장그래픽,Arc 130T,7core,256GB,72Wh,1.29kg,윈도우11(설치),"['사무/인강용', '휴대용']"
LG전자,2025 그램15,15ZD90T-GX59K,32GB,LG전자 2025 그램15 15ZD90T-GX59K WIN11,15.6인치,1920x1080,코어 울트라5,350nit,정보없음,인텔,4.9GHz,내장그래픽,Arc 130T,7core,256GB,72Wh,1.29kg,윈도우11(설치),"['사무/인강용', '휴대용']"
LG전자,2025 그램15,15ZD80T-GX56K,정보없음,LG전자 2025 그램15 15ZD80T-GX56K,15.6인치,1920x1080,정보없음,350nit,60Hz,AMD,4.8GHz,내장그래픽,Radeon 840M,4core,정보없음,정보없음,1.29kg,정보없음,[]
LG전자,2025 그램15,15ZD90T-GX76K,16GB,LG전자 2025 그램15 15ZD90T-GX76K,15.6인치,1920x1080,코어 울트라7,350nit,정보없음,인텔,5.1GHz,내장그래픽,Arc 140T,8core,256GB,72Wh,1.29kg,정보없음,"['사무/인강용', '휴대용']"
LG전자,2025 그램15,15Z80T-GU7WK,정보없음,LG전자 2025 그램15 15Z80T-GU7WK,15.6인치,1920x1080,정보없음,350nit,60Hz,AMD,5.0GHz,내장그래픽,Radeon 860M,8core,정보없음,정보없음,1.29kg,윈도우11홈,[]
LG전자,2025 그램15,15ZD80T-GX76K,정보없음,LG전자 2025 그램15 15ZD80T-GX76K,15.6인치,1920x1080,정보없음,350nit,60Hz,AMD,5.0GHz,내장그래픽,Radeon 860M,8core,정보없음,정보없음,1.29kg,정보없음,[]
LG전자,2025 그램15,15Z90T-GA5HK,16GB,LG전자 2025 그램15 15Z90T-GA5HK,15.6인치,1920x1080,코어 울트라5,350nit,정보없음,인텔,4.9GHz,내장그래픽,Arc 130T,7core,512GB,72Wh,1.29kg,윈도우11홈,"['사무/인강용', '휴대용']"
LG전자,2025 그램15,15ZD80T-GX56K,16GB,LG전자 2025 그램15 15ZD80T-GX56K WIN11,15.6인치,1920x1080,정보없음,350nit,60Hz,AMD,4.8GHz,내장그래픽,Radeon 840M,4core,256GB,72Wh,1.29kg,윈도우11(설치),"['사무/인강용', '휴대용']"
LG전자,2025 그램15,15Z90T-GA5JK,16GB,LG전자 2025 그램15 15Z90T-GA5JK,15.6인치,1920x1080,코어 울트라5,350nit,정보없음,인텔,4.9GHz,내장그래픽,Arc 130T,7core,512GB,72Wh,1.29kg,윈도우11홈,"['사무/인강용', '휴대용']"
LG전자,2025 그램15,15Z90T-GA5YK,16GB,LG전자 2025 그램15 15Z90T-GA5YK,15.6인치,1920x1080,코어 울트라5,350nit,정보없음,인텔,4.9GHz,내장그래픽,Arc 130T,7core,256GB,72Wh,1.29kg,윈도우11홈,"['사무/인강용', '휴대용']"
LG전자,2025 그램15,15Z90T-GA59K,32GB,LG전자 2025 그램15 15Z90T-GA59K,15.6인치,1920x1080,코어 울트라5,350nit,정보없음,인텔,4.9GHz,내장그래픽,Arc 130T,7core,256GB,72Wh,1.29kg,윈도우11홈,"['사무/인강용', '휴대용']"
LG전자,2025 그램15,15ZD90T-GX76K,16GB,LG전자 2025 그램15 15ZD90T-GX76K WIN11,15.6인치,1920x1080,코어 울트라7,350nit,정보없음,인텔,5.1GHz,내장그래픽,Arc 140T,8core,256GB,72Wh,1.29kg,윈도우11(설치),"['사무/인강용', '휴대용']"
LG전자,2025 그램15,15Z80T-GS5CK,정보없음,LG전자 2025 그램15 15Z80T-GS5CK,15.6인치,1920x1080,정보없음,350nit,60Hz,AMD,4.8GHz,내장그래픽,Radeon 840M,4core,정보없음,정보없음,1.29kg,윈도우11홈,[]
LG전자,2025 그램15,15Z80T-GS5WK,정보없음,LG전자 2025 그램15 15Z80T-GS5WK,15.6인치,1920x1080,정보없음,350nit,60Hz,AMD,4.8GHz,내장그래픽,Radeon 840M,4core,정보없음,정보없음,1.29kg,윈도우11홈,[]
LG전자,2025 그램15,15Z90T-GA50K,16GB,LG전자 2025 그램15 15Z90T-GA50K,15.6인치,1920x1080,코어 울트라5,350nit,정보없음,인텔,4.9GHz,내장그래픽,Arc 130T,7core,256GB,72Wh,1.29kg,윈도우11홈,"['사무/인강용', '휴대용']"
LG전자,2025 그램15,15Z80T-GS5HK,정보없음,LG전자 2025 그램15 15Z80T-GS5HK,15.6인치,1920x1080,정보없음,350nit,60Hz,AMD,4.8GHz,내장그래픽,Radeon 840M,4core,정보없음,정보없음,1.29kg,윈도우11홈,[]
LG전자,2025 그램15,15ZD80T-GX79K,정보없음,LG전자 2025 그램15 15ZD80T-GX79K,15.6인치,1920x1080,정보없음,350nit,60Hz,AMD,5.0GHz,내장그래픽,Radeon 860M,8core,정보없음,정보없음,1.29kg,정보없음,[]
LG전자,2025 그램15,15Z80T-GS5MK,정보없음,LG전자 2025 그램15 15Z80T-GS5MK,15.6인치,1920x1080,정보없음,350nit,60Hz,AMD,4.8GHz,내장그래픽,Radeon 840M,4core,정보없음,정보없음,1.29kg,윈도우11홈,[]
LG전자,2025 그램15 NEW,15ZD80T-GX76K,16GB,LG전자 2025 그램15 15ZD80T-GX76K WIN11 NEW,15.6인치,1920x1080,정보없음,350nit,60Hz,AMD,5.0GHz,내장그래픽,Radeon 860M,8core,256GB,72Wh,1.29kg,윈도우11(설치),"['사무/인강용', '휴대용']"
삼성전자,갤럭시 크롬북2 360,XQ520QEA-KG18G,정보없음,삼성전자 갤럭시 크롬북2 360 XQ520QEA-KG18G,12.4인치,2560x1600,정보없음,정보없음,정보없음,인텔,1.1GHz,내장그래픽,UHD Graphics,1,정보없음,정보없음,1.28kg,정보없음,[]
삼성전자,갤럭시 탭 프로S 12 ,SM-W707,4GB,삼성전자 갤럭시 탭 프로S 12 SM-W707,12인치,2160x1440,정보없음,정보없음,60Hz,인텔,0.9GHz,내장그래픽,HD 515,1,128GB,정보없음,696g,윈도우10,[]
삼성전자,갤럭시북,NT750XDA-KC58S,8GB,삼성전자 갤럭시북 NT750XDA-KC58S,15.6인치,1920x1080,i5-1135G,정보없음,정보없음,인텔,2.4GHz,내장그래픽,Iris Xe,1,256GB,54Wh,1.55kg,윈도우10,['사무/인강용']
삼성전자,갤럭시북,NT750XDZ-A51A,16GB,삼성전자 갤럭시북 NT750XDZ-A51A,15.6인치,1920x1080,i5-1135G,정보없음,정보없음,인텔,2.4GHz,내장그래픽,Iris Xe,1,256GB,54Wh,1.55kg,정보없음,['사무/인강용']
삼성전자,갤럭시북,NT761XDA,16GB,삼성전자 갤럭시북 NT761XDA i7,15.6인치,1920x1080,i7-11600H,정보없음,정보없음,인텔,2.9GHz,내장그래픽,UHD Graphics,1,256GB,83Wh,1.85kg,윈도우11,"['사무/인강용', '휴대용']"
삼성전자,갤럭시북,NT750XDA-KC59S,8GB,삼성전자 갤럭시북 NT750XDA-KC59S,15.6인치,1920x1080,i5-1135G,정보없음,정보없음,인텔,2.4GHz,내장그래픽,Iris Xe,1,256GB,54Wh,1.55kg,윈도우11홈,['사무/인강용']
삼성전자,갤럭시북,NT750XDA-XC59S,8GB,삼성전자 갤럭시북 NT750XDA-XC59S,15.6인치,1920x1080,i5-1135G,정보없음,정보없음,인텔,2.4GHz,외장그래픽,MX450,1,256GB,54Wh,1.59kg,윈도우11홈,['그래픽작업용']
삼성전자,갤럭시북,NT750XDZ-A71A,16GB,삼성전자 갤럭시북 NT750XDZ-A71A,15.6인치,1920x1080,i7-1165G,정보없음,정보없음,인텔,2.8GHz,내장그래픽,Iris Xe,1,512GB,54Wh,1.55kg,정보없음,['사무/인강용']
삼성전자,갤럭시북,NT750XDA-KC38S,8GB,삼성전자 갤럭시북 NT750XDA-KC38S,15.6인치,1920x1080,i3-1115G,정보없음,정보없음,인텔,3.0GHz,내장그래픽,UHD Graphics,1,256GB,54Wh,1.55kg,윈도우10,['사무/인강용']
삼성전자,갤럭시북,NT750XDZ-A51A,16GB,삼성전자 갤럭시북 NT750XDZ-A51A WIN10,15.6인치,1920x1080,i5-1135G,정보없음,정보없음,인텔,2.4GHz,내장그래픽,Iris Xe,1,256GB,54Wh,1.55kg,윈도우10(설치),['사무/인강용']
삼성전자,갤럭시북,NT750XDZ-AM58S,8GB,삼성전자 갤럭시북 NT750XDZ-AM58S,15.6인치,1920x1080,i5-1135G,정보없음,정보없음,인텔,2.4GHz,내장그래픽,Iris Xe,1,256GB,54Wh,1.55kg,정보없음,['사무/인강용']
삼성전자,갤럭시북,NT750XDA-X71A,16GB,삼성전자 갤럭시북 NT750XDA-X71A,15.6인치,1920x1080,i7-1165G,정보없음,정보없음,인텔,2.8GHz,외장그래픽,MX450,1,512GB,54Wh,1.59kg,윈도우11홈,['그래픽작업용']
삼성전자,갤럭시북,NT750XDZ-A51AS,16GB,삼성전자 갤럭시북 NT750XDZ-A51AS,15.6인치,1920x1080,i5-1135G,정보없음,정보없음,인텔,2.4GHz,내장그래픽,Iris Xe,1,256GB,54Wh,1.55kg,정보없음,['사무/인강용']
삼성전자,갤럭시북,NT750XDA-KC39S,8GB,삼성전자 갤럭시북 NT750XDA-KC39S,15.6인치,1920x1080,i3-1115G,정보없음,정보없음,인텔,3.0GHz,내장그래픽,UHD Graphics,1,256GB,54Wh,1.55kg,윈도우11홈,['사무/인강용']
삼성전자,갤럭시북,NT750XDA-XC52S,16GB,삼성전자 갤럭시북 NT750XDA-XC52S,15.6인치,1920x1080,i5-1135G,정보없음,정보없음,인텔,2.4GHz,외장그래픽,MX450,1,256GB,54Wh,1.59kg,윈도우11홈,['그래픽작업용']
삼성전자,갤럭시북,NT750XDZ-AM58S,8GB,삼성전자 갤럭시북 NT750XDZ-AM58S WIN11,15.6인치,1920x1080,i5-1135G,정보없음,정보없음,인텔,2.4GHz,내장그래픽,Iris Xe,1,256GB,54Wh,1.55kg,윈도우11(설치),['사무/인강용']
삼성전자,갤럭시북,NT750XDA-XL52U,16GB,삼성전자 갤럭시북 NT750XDA-XL52U,15.6인치,1920x1080,i5-1135G,정보없음,정보없음,인텔,2.4GHz,외장그래픽,MX450,1,256GB,54Wh,1.59kg,윈도우11홈,['그래픽작업용']
삼성전자,갤럭시북,NT750XDZ-A71A,16GB,삼성전자 갤럭시북 NT750XDZ-A71A WIN10,15.6인치,1920x1080,i7-1165G,정보없음,정보없음,인텔,2.8GHz,내장그래픽,Iris Xe,1,512GB,54Wh,1.55kg,윈도우10(설치),['사무/인강용']
삼성전자,갤럭시북,NT750XDA-KH39S,8GB,삼성전자 갤럭시북 NT750XDA-KH39S,15.6인치,1920x1080,i3-1115G,정보없음,정보없음,인텔,3.0GHz,내장그래픽,UHD Graphics,1,256GB,54Wh,1.55kg,윈도우10,['사무/인강용']
삼성전자,갤럭시북,NT755XDA-K58AS,8GB,삼성전자 갤럭시북 NT755XDA-K58AS,15.6인치,1920x1080,i5-1135G,정보없음,정보없음,인텔,2.4GHz,내장그래픽,Iris Xe,1,256GB,54Wh,1.55kg,윈도우10,['사무/인강용']
삼성전자,갤럭시북,NT750XDZ-A71A,16GB,삼성전자 갤럭시북 NT750XDZ-A71A WIN11,15.6인치,1920x1080,i7-1165G,정보없음,정보없음,인텔,2.8GHz,내장그래픽,Iris Xe,1,512GB,54Wh,1.55kg,윈도우11(설치),['사무/인강용']
삼성전자,갤럭시북,NT750XDA-KE51S,16GB,삼성전자 갤럭시북 NT750XDA-KE51S,15.6인치,1920x1080,i5-1135G,정보없음,정보없음,인텔,2.4GHz,내장그래픽,Iris Xe,1,256GB,54Wh,1.55kg,윈도우10,['사무/인강용']
삼성전자,갤럭시북,NT750XDA-KE52S,16GB,삼성전자 갤럭시북 NT750XDA-KE52S,15.6인치,1920x1080,i5-1135G,정보없음,정보없음,인텔,2.4GHz,내장그래픽,Iris Xe,1,256GB,54Wh,1.55kg,윈도우11홈,['사무/인강용']
삼성전자,갤럭시북,NT750XDA-KC39U,8GB,삼성전자 갤럭시북 NT750XDA-KC39U,15.6인치,1920x1080,i3-1115G,정보없음,정보없음,인텔,3.0GHz,내장그래픽,UHD Graphics,1,256GB,54Wh,1.55kg,윈도우11홈,['사무/인강용']
삼성전자,갤럭시북,NT750XDA-XC59U,8GB,삼성전자 갤럭시북 NT750XDA-XC59U,15.6인치,1920x1080,i5-1135G,정보없음,정보없음,인텔,2.4GHz,외장그래픽,MX450,1,256GB,54Wh,1.59kg,윈도우11홈,['그래픽작업용']
삼성전자,갤럭시북,NT750XDA-KH29S,8GB,삼성전자 갤럭시북 NT750XDA-KH29S,15.6인치,1920x1080,정보없음,정보없음,정보없음,인텔,2.0GHz,내장그래픽,UHD Graphics,1,256GB,54Wh,1.55kg,정보없음,['사무/인강용']
삼성전자,갤럭시북,NT750XDA-KH38,8GB,삼성전자 갤럭시북 NT750XDA-KH38,15.6인치,1920x1080,i3-1115G,정보없음,정보없음,인텔,3.0GHz,내장그래픽,UHD Graphics,1,256GB,54Wh,1.55kg,윈도우10,['사무/인강용']
삼성전자,갤럭시북,NT750XDA-KH24S,4GB,삼성전자 갤럭시북 NT750XDA-KH24S,15.6인치,1920x1080,정보없음,정보없음,정보없음,인텔,2.0GHz,내장그래픽,UHD Graphics,1,128GB,54Wh,1.55kg,정보없음,['사무/인강용']
삼성전자,갤럭시북,NT750XDA-KH39B,8GB,삼성전자 갤럭시북 NT750XDA-KH39B,15.6인치,1920x1080,i3-1115G,정보없음,정보없음,인텔,3.0GHz,내장그래픽,UHD Graphics,1,256GB,54Wh,1.55kg,윈도우11홈,['사무/인강용']
삼성전자,갤럭시북,NT750XDZ-A51AS,16GB,삼성전자 갤럭시북 NT750XDZ-A51AS WIN11,15.6인치,1920x1080,i5-1135G,정보없음,정보없음,인텔,2.4GHz,내장그래픽,Iris Xe,1,256GB,54Wh,1.55kg,윈도우11(설치),['사무/인강용']
삼성전자,갤럭시북,NT750XDA-XD72U,16GB,삼성전자 갤럭시북 NT750XDA-XD72U,15.6인치,1920x1080,i7-1165G,정보없음,정보없음,인텔,2.8GHz,외장그래픽,MX450,1,512GB,54Wh,1.59kg,윈도우11홈,['그래픽작업용']
삼성전자,갤럭시북,NT755XDA-KC59S,8GB,삼성전자 갤럭시북 NT755XDA-KC59S,15.6인치,1920x1080,i5-1135G,정보없음,정보없음,인텔,2.4GHz,내장그래픽,Iris Xe,1,256GB,54Wh,1.55kg,윈도우11홈,['사무/인강용']
삼성전자,갤럭시북,NT750XDA-KF39S,8GB,삼성전자 갤럭시북 NT750XDA-KF39S,15.6인치,1920x1080,i3-1115G,정보없음,정보없음,인텔,3.0GHz,내장그래픽,UHD Graphics,1,256GB,54Wh,1.55kg,윈도우11홈,['사무/인강용']
삼성전자,갤럭시북,NT755XDA-KC58S,8GB,삼성전자 갤럭시북 NT755XDA-KC58S,15.6인치,1920x1080,i5-1135G,정보없음,정보없음,인텔,2.4GHz,내장그래픽,Iris Xe,1,256GB,54Wh,1.55kg,윈도우10,['사무/인강용']
삼성전자,갤럭시북,NT750XDA-XD72S,16GB,삼성전자 갤럭시북 NT750XDA-XD72S,15.6인치,1920x1080,i7-1165G,정보없음,정보없음,인텔,2.8GHz,외장그래픽,MX450,1,512GB,54Wh,1.59kg,윈도우11홈,['그래픽작업용']
삼성전자,갤럭시북,NT750XDA-KF59U,8GB,삼성전자 갤럭시북 NT750XDA-KF59U,15.6인치,1920x1080,i5-1135G,정보없음,정보없음,인텔,2.4GHz,내장그래픽,Iris Xe,1,256GB,54Wh,1.55kg,윈도우11홈,['사무/인강용']
삼성전자,갤럭시북,NT750XDA-XC58S,8GB,삼성전자 갤럭시북 NT750XDA-XC58S,15.6인치,1920x1080,i5-1135G,정보없음,정보없음,인텔,2.4GHz,외장그래픽,MX450,1,256GB,54Wh,1.59kg,윈도우10,['그래픽작업용']
삼성전자,갤럭시북,NT750XDZ-A51AS,16GB,삼성전자 갤럭시북 NT750XDZ-A51AS WIN10,15.6인치,1920x1080,i5-1135G,정보없음,정보없음,인텔,2.4GHz,내장그래픽,Iris Xe,1,256GB,54Wh,1.55kg,윈도우10(설치),['사무/인강용']
삼성전자,갤럭시북,NT750XDA-XD71S,16GB,삼성전자 갤럭시북 NT750XDA-XD71S,15.6인치,1920x1080,i7-1165G,정보없음,정보없음,인텔,2.8GHz,외장그래픽,MX450,1,512GB,54Wh,1.59kg,윈도우10,['그래픽작업용']
삼성전자,갤럭시북,NT750XDA-KF58U,8GB,삼성전자 갤럭시북 NT750XDA-KF58U,15.6인치,1920x1080,i5-1135G,정보없음,정보없음,인텔,2.4GHz,내장그래픽,Iris Xe,1,256GB,54Wh,1.55kg,윈도우10,['사무/인강용']
삼성전자,갤럭시북,NT755XDA-K71AS,16GB,삼성전자 갤럭시북 NT755XDA-K71AS,15.6인치,1920x1080,i7-1165G,정보없음,정보없음,인텔,2.8GHz,내장그래픽,Iris Xe,1,512GB,54Wh,1.55kg,윈도우10,['사무/인강용']
삼성전자,갤럭시북,NT750XDA-KH28,8GB,삼성전자 갤럭시북 NT750XDA-KH28,15.6인치,1920x1080,정보없음,정보없음,정보없음,인텔,2.0GHz,내장그래픽,UHD Graphics,1,256GB,54Wh,1.55kg,정보없음,['사무/인강용']
삼성전자,갤럭시북 10.6,SM-W620,4GB,삼성전자 갤럭시북 10.6 SM-W620,10.6인치,1920x1280,정보없음,정보없음,60Hz,인텔,1.0GHz,내장그래픽,HD 615,1,128GB,정보없음,648g,윈도우10,[]
삼성전자,갤럭시북 12,SM-W720,정보없음,삼성전자 갤럭시북 12 SM-W720,12인치,2160x1440,i5-7200U,정보없음,60Hz,인텔,2.5GHz,내장그래픽,HD 620,1,정보없음,정보없음,754g,윈도우10,[]
삼성전자,갤럭시북 12,SM-W727,8GB,삼성전자 갤럭시북 12 SM-W727,12인치,2160x1440,i5-7200U,정보없음,60Hz,인텔,2.5GHz,내장그래픽,HD 620,1,256GB,정보없음,754g,윈도우10,[]
삼성전자,갤럭시북 고,NT345XLA-KC14S,4GB,삼성전자 갤럭시북 고 NT345XLA-KC14S,14인치,1920x1080,정보없음,정보없음,정보없음,퀄컴,정보없음,내장그래픽,Adreno,1,128GB,정보없음,1.38kg,윈도우10,"['사무/인강용', '휴대용']"
삼성전자,갤럭시북 이온,NT950XCJ-X716A,16GB,삼성전자 갤럭시북 이온 NT950XCJ-X716A,15.6인치,1920x1080,i7-10510U,정보없음,정보없음,인텔,1.8GHz,외장그래픽,MX250,1,512GB,정보없음,1.26kg,윈도우10,"['그래픽작업용', '휴대용/무선 배터리 공유']"
삼성전자,갤럭시북 이온,NT950XCR-G58A,8GB,삼성전자 갤럭시북 이온 NT950XCR-G58A,15.6인치,1920x1080,i5-10210U,정보없음,정보없음,인텔,1.6GHz,외장그래픽,MX250,1,256GB,정보없음,1.26kg,정보없음,"['그래픽작업용', '휴대용/무선 배터리 공유']"
삼성전자,갤럭시북 이온,NT950XCJ-K38,8GB,삼성전자 갤럭시북 이온 NT950XCJ-K38,15.6인치,1920x1080,i3-10110U,정보없음,정보없음,인텔,2.1GHz,내장그래픽,UHD Graphics,1,256GB,정보없음,1.19kg,윈도우10,"['사무/인강용', '휴대용/무선 배터리 공유']"
삼성전자,갤럭시북 이온,NT950XCR-A58A,8GB,삼성전자 갤럭시북 이온 NT950XCR-A58A WIN10,15.6인치,1920x1080,i5-10210U,정보없음,정보없음,인텔,1.6GHz,내장그래픽,UHD Graphics,1,256GB,정보없음,1.19kg,윈도우10(설치),"['사무/인강용', '휴대용/무선 배터리 공유']"
삼성전자,갤럭시북 이온,NT950XCJ-K58,8GB,삼성전자 갤럭시북 이온 NT950XCJ-K58,15.6인치,1920x1080,i5-10210U,정보없음,정보없음,인텔,1.6GHz,내장그래픽,UHD Graphics,1,256GB,정보없음,1.19kg,윈도우10,"['사무/인강용', '휴대용/무선 배터리 공유']"
삼성전자,갤럭시북 이온,NT950XCR-A58A,16GB,삼성전자 갤럭시북 이온 NT950XCR-A58A 16GB램,15.6인치,1920x1080,i5-10210U,정보없음,정보없음,인텔,1.6GHz,내장그래픽,UHD Graphics,1,256GB,정보없음,1.19kg,정보없음,"['사무/인강용', '휴대용/무선 배터리 공유']"
삼성전자,갤럭시북 이온,NT950XCR-G58A,8GB,삼성전자 갤럭시북 이온 NT950XCR-G58A WIN10,15.6인치,1920x1080,i5-10210U,정보없음,정보없음,인텔,1.6GHz,외장그래픽,MX250,1,256GB,정보없음,1.26kg,윈도우10(설치),"['그래픽작업용', '휴대용/무선 배터리 공유']"
삼성전자,갤럭시북 이온2,NT930XDA-KF38W,8GB,삼성전자 갤럭시북 이온2 NT930XDA-KF38W,13.3인치,1920x1080,i3-1115G,600nit,정보없음,인텔,3.0GHz,내장그래픽,UHD Graphics,1,256GB,정보없음,970g,윈도우10,"['사무/인강용', '휴대용/무선 배터리 공유']"
삼성전자,갤럭시북 이온2,NT950XDA-KC58W,8GB,삼성전자 갤럭시북 이온2 NT950XDA-KC58W,15.6인치,1920x1080,i5-1135G,600nit,정보없음,인텔,2.4GHz,내장그래픽,Iris Xe,1,256GB,정보없음,1.19kg,윈도우10,"['사무/인강용', '휴대용/무선 배터리 공유']"
삼성전자,갤럭시북 이온2,NT950XDA-XC78W,8GB,삼성전자 갤럭시북 이온2 NT950XDA-XC78W,15.6인치,1920x1080,i7-1165G,600nit,정보없음,인텔,2.8GHz,외장그래픽,MX450,1,256GB,정보없음,1.26kg,윈도우10,"['그래픽작업용', '휴대용/무선 배터리 공유']"
삼성전자,갤럭시북 이온2,NT950XDA-X71AW,16GB,삼성전자 갤럭시북 이온2 NT950XDA-X71AW,15.6인치,1920x1080,i7-1165G,600nit,정보없음,인텔,2.8GHz,외장그래픽,MX450,1,512GB,정보없음,1.26kg,윈도우10,"['그래픽작업용', '휴대용/무선 배터리 공유']"
삼성전자,갤럭시북 이온2,NT950XDZ-G58AW,8GB,삼성전자 갤럭시북 이온2 NT950XDZ-G58AW,15.6인치,1920x1080,i5-1135G,600nit,정보없음,인텔,2.4GHz,외장그래픽,MX450,1,256GB,정보없음,1.26kg,정보없음,"['그래픽작업용', '휴대용/무선 배터리 공유']"
삼성전자,갤럭시북 이온2,NT950XDA-XC58W,8GB,삼성전자 갤럭시북 이온2 NT950XDA-XC58W,15.6인치,1920x1080,i5-1135G,600nit,정보없음,인텔,2.4GHz,외장그래픽,MX450,1,256GB,정보없음,1.26kg,윈도우10,"['그래픽작업용', '휴대용/무선 배터리 공유']"
삼성전자,갤럭시북 이온2,NT930XDA-KC58W,8GB,삼성전자 갤럭시북 이온2 NT930XDA-KC58W,13.3인치,1920x1080,i5-1135G,600nit,정보없음,인텔,2.4GHz,내장그래픽,Iris Xe,1,256GB,정보없음,970g,윈도우10,"['사무/인강용', '휴대용/무선 배터리 공유']"
삼성전자,갤럭시북 이온2,NT950XDZ-A58AW,8GB,삼성전자 갤럭시북 이온2 NT950XDZ-A58AW,15.6인치,1920x1080,i5-1135G,600nit,정보없음,인텔,2.4GHz,내장그래픽,Iris Xe,1,256GB,정보없음,1.19kg,정보없음,"['사무/인강용', '휴대용/무선 배터리 공유']"
삼성전자,갤럭시북 이온2,NT950XDZ-A58AW,16GB,삼성전자 갤럭시북 이온2 NT950XDZ-A58AW 16GB램,15.6인치,1920x1080,i5-1135G,600nit,정보없음,인텔,2.4GHz,내장그래픽,Iris Xe,1,256GB,정보없음,1.19kg,정보없음,"['사무/인강용', '휴대용/무선 배터리 공유']"
삼성전자,갤럭시북 이온2,NT950XDA-K78AW,8GB,삼성전자 갤럭시북 이온2 NT950XDA-K78AW,15.6인치,1920x1080,i7-1165G,600nit,정보없음,인텔,2.8GHz,내장그래픽,Iris Xe,1,256GB,정보없음,1.19kg,윈도우10,"['사무/인강용', '휴대용/무선 배터리 공유']"
삼성전자,갤럭시북 이온2,NT950XDA-KC38W,8GB,삼성전자 갤럭시북 이온2 NT950XDA-KC38W,15.6인치,1920x1080,i3-1115G,600nit,정보없음,인텔,3.0GHz,내장그래픽,UHD Graphics,1,256GB,정보없음,1.19kg,윈도우10,"['사무/인강용', '휴대용/무선 배터리 공유']"
삼성전자,갤럭시북 이온2,NT950XDA-XF58W,8GB,삼성전자 갤럭시북 이온2 NT950XDA-XF58W,15.6인치,1920x1080,i5-1135G,600nit,정보없음,인텔,2.4GHz,외장그래픽,MX450,1,256GB,정보없음,1.26kg,윈도우10,"['그래픽작업용', '휴대용/무선 배터리 공유']"
삼성전자,갤럭시북 이온2,NT950XDZ-A58AW,16GB,삼성전자 갤럭시북 이온2 NT950XDZ-A58AW WIN10 16GB램,15.6인치,1920x1080,i5-1135G,600nit,정보없음,인텔,2.4GHz,내장그래픽,Iris Xe,1,256GB,정보없음,1.19kg,윈도우10(설치),"['사무/인강용', '휴대용/무선 배터리 공유']"
삼성전자,갤럭시북 이온2,NT950XDA-K78AW,16GB,삼성전자 갤럭시북 이온2 NT950XDA-K78AW 16GB램,15.6인치,1920x1080,i7-1165G,600nit,정보없음,인텔,2.8GHz,내장그래픽,Iris Xe,1,256GB,정보없음,1.19kg,윈도우10,"['사무/인강용', '휴대용/무선 배터리 공유']"
삼성전자,갤럭시북 이온2,NT930XDZ-A58AW,8GB,삼성전자 갤럭시북 이온2 NT930XDZ-A58AW,13.3인치,1920x1080,i5-1135G,600nit,정보없음,인텔,2.4GHz,내장그래픽,Iris Xe,1,256GB,정보없음,970g,정보없음,"['사무/인강용', '휴대용/무선 배터리 공유']"
삼성전자,갤럭시북 이온2,NT930XDA-K71AW,16GB,삼성전자 갤럭시북 이온2 NT930XDA-K71AW,13.3인치,1920x1080,i7-1165G,600nit,정보없음,인텔,2.8GHz,내장그래픽,Iris Xe,1,512GB,정보없음,970g,윈도우10,"['사무/인강용', '휴대용/무선 배터리 공유']"
삼성전자,갤럭시북 이온2,NT950XDA-XD71W,16GB,삼성전자 갤럭시북 이온2 NT950XDA-XD71W,15.6인치,1920x1080,i7-1165G,600nit,정보없음,인텔,2.8GHz,외장그래픽,MX450,1,1TB,정보없음,1.26kg,윈도우10,"['그래픽작업용', '휴대용/무선 배터리 공유']"
삼성전자,갤럭시북 이온2,NT950XDA-XC78W,16GB,삼성전자 갤럭시북 이온2 NT950XDA-XC78W 16GB램,15.6인치,1920x1080,i7-1165G,600nit,정보없음,인텔,2.8GHz,외장그래픽,MX450,1,256GB,정보없음,1.26kg,윈도우10,"['그래픽작업용', '휴대용/무선 배터리 공유']"
삼성전자,갤럭시북 이온2,NT950XDA-KC58W,16GB,삼성전자 갤럭시북 이온2 NT950XDA-KC58W 16GB램,15.6인치,1920x1080,i5-1135G,600nit,정보없음,인텔,2.4GHz,내장그래픽,Iris Xe,1,256GB,정보없음,1.19kg,윈도우10,"['사무/인강용', '휴대용/무선 배터리 공유']"
삼성전자,갤럭시북 이온2,NT950XDZ-A58AW,8GB,삼성전자 갤럭시북 이온2 NT950XDZ-A58AW WIN10,15.6인치,1920x1080,i5-1135G,600nit,정보없음,인텔,2.4GHz,내장그래픽,Iris Xe,1,256GB,정보없음,1.19kg,윈도우10(설치),"['사무/인강용', '휴대용/무선 배터리 공유']"
삼성전자,갤럭시북 프로,NT950XDB-KC58S,8GB,삼성전자 갤럭시북 프로 NT950XDB-KC58S,15.6인치,1920x1080,i5-1135G,정보없음,정보없음,인텔,2.4GHz,내장그래픽,Iris Xe,1,256GB,68Wh,1.05kg,윈도우10,"['사무/인강용', '휴대용']"
삼성전자,갤럭시북 프로,NT950XDC-XC58B,8GB,삼성전자 갤럭시북 프로 NT950XDC-XC58B,15.6인치,1920x1080,i5-1135G,정보없음,정보없음,인텔,2.4GHz,외장그래픽,MX450,1,256GB,68Wh,1.15kg,윈도우10,"['그래픽작업용', '휴대용']"
삼성전자,갤럭시북 프로,NT950XDB-KC59S,8GB,삼성전자 갤럭시북 프로 NT950XDB-KC59S,15.6인치,1920x1080,i5-1135G,정보없음,정보없음,인텔,2.4GHz,내장그래픽,Iris Xe,1,256GB,68Wh,1.05kg,윈도우11홈,"['사무/인강용', '휴대용']"
삼성전자,갤럭시북 프로,NT935XDB-KC59B,8GB,삼성전자 갤럭시북 프로 NT935XDB-KC59B,13.3인치,1920x1080,i5-1130G,정보없음,정보없음,인텔,1.8GHz,내장그래픽,Iris Xe,1,256GB,63Wh,880g,윈도우11홈,"['사무/인강용', '휴대용']"
삼성전자,갤럭시북 프로,NT950XDC-XC59S,8GB,삼성전자 갤럭시북 프로 NT950XDC-XC59S,15.6인치,1920x1080,i5-1135G,정보없음,정보없음,인텔,2.4GHz,외장그래픽,MX450,1,256GB,68Wh,1.15kg,윈도우11홈,"['그래픽작업용', '휴대용']"
삼성전자,갤럭시북 프로,NT935XDB-KC58B,8GB,삼성전자 갤럭시북 프로 NT935XDB-KC58B,13.3인치,1920x1080,i5-1130G,정보없음,정보없음,인텔,1.8GHz,내장그래픽,Iris Xe,1,256GB,63Wh,880g,윈도우10,"['사무/인강용', '휴대용']"
삼성전자,갤럭시북 프로,NT950XDB-KJ51S,16GB,삼성전자 갤럭시북 프로 NT950XDB-KJ51S,15.6인치,1920x1080,i5-1135G,정보없음,정보없음,인텔,2.4GHz,내장그래픽,Iris Xe,1,256GB,68Wh,1.05kg,윈도우10,"['사무/인강용', '휴대용']"
삼성전자,갤럭시북 프로,NT930XDB-KC59S,8GB,삼성전자 갤럭시북 프로 NT930XDB-KC59S,13.3인치,1920x1080,i5-1135G,정보없음,정보없음,인텔,2.4GHz,내장그래픽,Iris Xe,1,256GB,63Wh,870g,윈도우11홈,"['사무/인강용', '휴대용']"
삼성전자,갤럭시북 프로,NT950XDX-G51A,16GB,삼성전자 갤럭시북 프로 NT950XDX-G51A,15.6인치,1920x1080,i5-1135G,정보없음,정보없음,인텔,2.4GHz,외장그래픽,MX450,1,256GB,68Wh,1.15kg,정보없음,"['그래픽작업용', '휴대용/2021년 12월 색상 단종 (블루', '핑크)']"
삼성전자,갤럭시북 프로,NT950XDB-K71A,16GB,삼성전자 갤럭시북 프로 NT950XDB-K71A,15.6인치,1920x1080,i7-1165G,정보없음,정보없음,인텔,2.8GHz,내장그래픽,Iris Xe,1,256GB,68Wh,1.05kg,윈도우10,"['사무/인강용', '휴대용']"
삼성전자,갤럭시북 프로,NT950XDC-X71A,16GB,삼성전자 갤럭시북 프로 NT950XDC-X71A,15.6인치,1920x1080,i7-1165G,정보없음,정보없음,인텔,2.8GHz,외장그래픽,MX450,1,512GB,68Wh,1.15kg,윈도우10,"['그래픽작업용', '휴대용']"
삼성전자,갤럭시북 프로,NT950XDC-XL51S,16GB,삼성전자 갤럭시북 프로 NT950XDC-XL51S,15.6인치,1920x1080,i5-1135G,정보없음,정보없음,인텔,2.4GHz,외장그래픽,MX450,1,256GB,68Wh,1.15kg,윈도우10,"['그래픽작업용', '휴대용']"
삼성전자,갤럭시북 프로,NT950XDB-KH59K,8GB,삼성전자 갤럭시북 프로 NT950XDB-KH59K,15.6인치,1920x1080,i5-1135G,정보없음,정보없음,인텔,2.4GHz,내장그래픽,Iris Xe,1,256GB,68Wh,1.05kg,윈도우11홈,"['사무/인강용', '휴대용']"
삼성전자,갤럭시북 프로,NT950XDC-XL52S,16GB,삼성전자 갤럭시북 프로 NT950XDC-XL52S,15.6인치,1920x1080,i5-1135G,정보없음,정보없음,인텔,2.4GHz,외장그래픽,MX450,1,256GB,68Wh,1.15kg,윈도우11홈,"['그래픽작업용', '휴대용']"
삼성전자,갤럭시북 프로,NT950XDC-XC71B,16GB,삼성전자 갤럭시북 프로 NT950XDC-XC71B,15.6인치,1920x1080,i7-1165G,정보없음,정보없음,인텔,2.8GHz,외장그래픽,MX450,1,512GB,68Wh,1.15kg,윈도우10,"['그래픽작업용', '휴대용']"
삼성전자,갤럭시북 프로,NT930XDB-KC58S,8GB,삼성전자 갤럭시북 프로 NT930XDB-KC58S,13.3인치,1920x1080,i5-1135G,정보없음,정보없음,인텔,2.4GHz,내장그래픽,Iris Xe,1,256GB,63Wh,870g,윈도우10,"['사무/인강용', '휴대용']"
삼성전자,갤럭시북 프로,NT950XDY-A51A,16GB,삼성전자 갤럭시북 프로 NT950XDY-A51A,15.6인치,1920x1080,i5-1135G,정보없음,정보없음,인텔,2.4GHz,내장그래픽,Iris Xe,1,256GB,68Wh,1.05kg,정보없음,"['사무/인강용', '휴대용']"
삼성전자,갤럭시북 프로,NT950XDC-XC58S,8GB,삼성전자 갤럭시북 프로 NT950XDC-XC58S,15.6인치,1920x1080,i5-1135G,정보없음,정보없음,인텔,2.4GHz,외장그래픽,MX450,1,256GB,68Wh,1.15kg,윈도우10,"['그래픽작업용', '휴대용']"
삼성전자,갤럭시북 프로,NT950XDC-XC72S,16GB,삼성전자 갤럭시북 프로 NT950XDC-XC72S,15.6인치,1920x1080,i7-1165G,정보없음,정보없음,인텔,2.8GHz,외장그래픽,MX450,1,512GB,68Wh,1.15kg,윈도우11홈,"['그래픽작업용', '휴대용']"
삼성전자,갤럭시북 프로,NT950XDC-XC71S,16GB,삼성전자 갤럭시북 프로 NT950XDC-XC71S,15.6인치,1920x1080,i7-1165G,정보없음,정보없음,인텔,2.8GHz,외장그래픽,MX450,1,512GB,68Wh,1.15kg,윈도우10,"['그래픽작업용', '휴대용']"
삼성전자,갤럭시북 프로,NT950XDC-XF59S,8GB,삼성전자 갤럭시북 프로 NT950XDC-XF59S,15.6인치,1920x1080,i5-1135G,정보없음,정보없음,인텔,2.4GHz,외장그래픽,MX450,1,256GB,68Wh,1.15kg,윈도우11홈,"['그래픽작업용', '휴대용']"
삼성전자,갤럭시북 프로,NT950XDB-KC58P,8GB,삼성전자 갤럭시북 프로 NT950XDB-KC58P,15.6인치,1920x1080,i5-1135G,정보없음,정보없음,인텔,2.4GHz,내장그래픽,Iris Xe,1,256GB,68Wh,1.05kg,윈도우10,"['사무/인강용', '휴대용']"
삼성전자,갤럭시북 프로,NT930XDY-A51A,16GB,삼성전자 갤럭시북 프로 NT930XDY-A51A,13.3인치,1920x1080,i5-1135G,정보없음,정보없음,인텔,2.4GHz,내장그래픽,Iris Xe,1,256GB,63Wh,870g,정보없음,"['사무/인강용', '휴대용']"
삼성전자,갤럭시북 프로,NT950XDC-XF58S,8GB,삼성전자 갤럭시북 프로 NT950XDC-XF58S,15.6인치,1920x1080,i5-1135G,정보없음,정보없음,인텔,2.4GHz,외장그래픽,MX450,1,256GB,68Wh,1.15kg,윈도우10,"['그래픽작업용', '휴대용']"
삼성전자,갤럭시북 프로,NT950XDC-XC72B,16GB,삼성전자 갤럭시북 프로 NT950XDC-XC72B,15.6인치,1920x1080,i7-1165G,정보없음,정보없음,인텔,2.8GHz,외장그래픽,MX450,1,512GB,68Wh,1.15kg,윈도우11홈,"['그래픽작업용', '휴대용']"
삼성전자,갤럭시북 프로,NT950XDB-KJ52S,16GB,삼성전자 갤럭시북 프로 NT950XDB-KJ52S,15.6인치,1920x1080,i5-1135G,정보없음,정보없음,인텔,2.4GHz,내장그래픽,Iris Xe,1,256GB,68Wh,1.05kg,윈도우11홈,"['사무/인강용', '휴대용']"
삼성전자,갤럭시북 프로,NT950XDB-KF58S,8GB,삼성전자 갤럭시북 프로 NT950XDB-KF58S,15.6인치,1920x1080,i5-1135G,정보없음,정보없음,인텔,2.4GHz,내장그래픽,Iris Xe,1,256GB,68Wh,1.05kg,윈도우10,"['사무/인강용', '휴대용']"
삼성전자,갤럭시북 프로,NT950XDY-A51A,16GB,삼성전자 갤럭시북 프로 NT950XDY-A51A WIN10,15.6인치,1920x1080,i5-1135G,정보없음,정보없음,인텔,2.4GHz,내장그래픽,Iris Xe,1,256GB,68Wh,1.05kg,윈도우10(설치),"['사무/인강용', '휴대용']"
삼성전자,갤럭시북 프로,NT935XDB-K71AB,16GB,삼성전자 갤럭시북 프로 NT935XDB-K71AB,13.3인치,1920x1080,i7-1160G,정보없음,정보없음,인텔,2.1GHz,내장그래픽,Iris Xe,1,512GB,63Wh,880g,윈도우10,"['사무/인강용', '휴대용']"
삼성전자,갤럭시북 프로 SE,NT950XGQ-A71A,16GB,삼성전자 갤럭시북 프로 SE NT950XGQ-A71A,15.6인치,1920x1080,코어 울트라7,정보없음,정보없음,인텔,4.8GHz,내장그래픽,Arc,8core,512GB,68Wh,1.13kg,정보없음,"['사무/인강용', '휴대용']"
삼성전자,갤럭시북 프로 SE,NT950XGK-KM50S,16GB,삼성전자 갤럭시북 프로 SE NT950XGK-KM50S,15.6인치,1920x1080,코어 울트라5,정보없음,정보없음,인텔,4.5GHz,내장그래픽,Arc,7core,256GB,68Wh,1.13kg,윈도우11홈,"['사무/인강용', '휴대용']"
삼성전자,갤럭시북 프로 SE,NT950XGQ-A51A,16GB,삼성전자 갤럭시북 프로 SE NT950XGQ-A51A,15.6인치,1920x1080,코어 울트라5,정보없음,정보없음,인텔,4.5GHz,내장그래픽,Arc,7core,512GB,68Wh,1.13kg,정보없음,"['사무/인강용', '휴대용']"
삼성전자,갤럭시북 프로 SE,NT950XFG-K71A,16GB,삼성전자 갤럭시북 프로 SE NT950XFG-K71A,15.6인치,1920x1080,i7-1360P,정보없음,정보없음,인텔,2.2GHz,내장그래픽,Iris Xe,1,512GB,68Wh,1.11kg,윈도우11홈,"['사무/인강용', '휴대용']"
삼성전자,갤럭시북 프로 SE,NT950XGQ-A51A,16GB,삼성전자 갤럭시북 프로 SE NT950XGQ-A51A WIN11,15.6인치,1920x1080,코어 울트라5,정보없음,정보없음,인텔,4.5GHz,내장그래픽,Arc,7core,512GB,68Wh,1.13kg,윈도우11(설치),"['사무/인강용', '휴대용']"
삼성전자,갤럭시북 프로 SE,NT950XFT-A51A,16GB,삼성전자 갤럭시북 프로 SE NT950XFT-A51A,15.6인치,1920x1080,i5-1340P,정보없음,정보없음,인텔,1.9GHz,내장그래픽,Iris Xe,1,256GB,68Wh,1.11kg,정보없음,"['사무/인강용', '휴대용']"
삼성전자,갤럭시북 프로 SE,NT950XGQ-A71A,16GB,삼성전자 갤럭시북 프로 SE NT950XGQ-A71A WIN11,15.6인치,1920x1080,코어 울트라7,정보없음,정보없음,인텔,4.8GHz,내장그래픽,Arc,8core,512GB,68Wh,1.13kg,윈도우11(설치),"['사무/인강용', '휴대용']"
삼성전자,갤럭시북 프로 SE,NT950XGQ-A51AI,16GB,삼성전자 갤럭시북 프로 SE NT950XGQ-A51AI,15.6인치,1920x1080,코어 울트라5,정보없음,정보없음,인텔,4.5GHz,내장그래픽,Arc,7core,256GB,68Wh,1.13kg,정보없음,"['사무/인강용', '휴대용']"
삼성전자,갤럭시북 프로 SE,NT950XFT-A51A,16GB,삼성전자 갤럭시북 프로 SE NT950XFT-A51A WIN11,15.6인치,1920x1080,i5-1340P,정보없음,정보없음,인텔,1.9GHz,내장그래픽,Iris Xe,1,256GB,68Wh,1.11kg,윈도우11(설치),"['사무/인강용', '휴대용']"
삼성전자,갤럭시북 프로 SE,NT950XGK-KM51S,16GB,삼성전자 갤럭시북 프로 SE NT950XGK-KM51S,15.6인치,1920x1080,코어 울트라5,정보없음,정보없음,인텔,4.5GHz,내장그래픽,Arc,7core,512GB,68Wh,1.13kg,윈도우11홈,"['사무/인강용', '휴대용']"
삼성전자,갤럭시북 프로 SE,NT950XFG-KC51S,16GB,삼성전자 갤럭시북 프로 SE NT950XFG-KC51S,15.6인치,1920x1080,i5-1340P,정보없음,정보없음,인텔,1.9GHz,내장그래픽,Iris Xe,1,256GB,68Wh,1.11kg,윈도우11홈,"['사무/인강용', '휴대용']"
삼성전자,갤럭시북 프로 SE,NT950XFT-A51A,16GB,삼성전자 갤럭시북 프로 SE NT950XFT-A51A WIN10,15.6인치,1920x1080,i5-1340P,정보없음,정보없음,인텔,1.9GHz,내장그래픽,Iris Xe,1,256GB,68Wh,1.11kg,윈도우10(설치),"['사무/인강용', '휴대용']"
삼성전자,갤럭시북 프로 SE,NT950XFG,32GB,삼성전자 갤럭시북 프로 SE NT950XFG i5 32GB램,15.6인치,1920x1080,i5-1340P,정보없음,정보없음,인텔,1.9GHz,내장그래픽,Iris Xe,1,정보없음,정보없음,1.11kg,윈도우11,[]
삼성전자,갤럭시북 프로 SE,NT950XFG,16GB램,삼성전자 갤럭시북 프로 SE NT950XFG i5 16GB램,15.6인치,1920x1080,i5-1340P,정보없음,정보없음,인텔,1.9GHz,내장그래픽,Iris Xe,1,정보없음,정보없음,1.11kg,윈도우11,[]
삼성전자,갤럭시북 프로 SE,NT950XGK-KC51S,16GB,삼성전자 갤럭시북 프로 SE NT950XGK-KC51S,15.6인치,1920x1080,코어 울트라5,정보없음,정보없음,인텔,4.5GHz,내장그래픽,Arc,7core,512GB,68Wh,1.11kg,윈도우11홈,"['사무/인강용', '휴대용']"
삼성전자,갤럭시북 프로 SE,NT950XFG-KC71S,16GB,삼성전자 갤럭시북 프로 SE NT950XFG-KC71S,15.6인치,1920x1080,i7-1360P,정보없음,정보없음,인텔,2.2GHz,내장그래픽,Iris Xe,1,512GB,68Wh,1.11kg,윈도우11홈,"['사무/인강용', '휴대용']"
삼성전자,갤럭시북 프로 SE,NT950XFG-KC70G,16GB,삼성전자 갤럭시북 프로 SE NT950XFG-KC70G,15.6인치,1920x1080,i7-1360P,정보없음,정보없음,인텔,2.2GHz,내장그래픽,Iris Xe,1,256GB,68Wh,1.11kg,윈도우11홈,"['사무/인강용', '휴대용']"
삼성전자,갤럭시북 프로 SE,NT950XFG,16GB,삼성전자 갤럭시북 프로 SE NT950XFG i7 WIN11,15.6인치,1920x1080,i7-1360P,정보없음,정보없음,인텔,2.2GHz,내장그래픽,Iris Xe,1,256GB,68Wh,1.11kg,윈도우11,"['사무/인강용', '휴대용']"
삼성전자,갤럭시북 프로 SE,NT950XFG-KC70S,16GB,삼성전자 갤럭시북 프로 SE NT950XFG-KC70S,15.6인치,1920x1080,i7-1360P,정보없음,정보없음,인텔,2.2GHz,내장그래픽,Iris Xe,1,256GB,68Wh,1.11kg,윈도우11홈,"['사무/인강용', '휴대용']"
삼성전자,갤럭시북 프로 SE,NT950XGK-KP51S,16GB,삼성전자 갤럭시북 프로 SE NT950XGK-KP51S,15.6인치,1920x1080,코어 울트라5,정보없음,정보없음,인텔,4.5GHz,내장그래픽,Arc,7core,512GB,68Wh,1.11kg,윈도우11프로,"['사무/인강용', '휴대용']"
삼성전자,갤럭시북 프로 SE,NT950XGK-KC50S,16GB,삼성전자 갤럭시북 프로 SE NT950XGK-KC50S,15.6인치,1920x1080,코어 울트라5,정보없음,정보없음,인텔,4.5GHz,내장그래픽,Arc,7core,256GB,68Wh,1.11kg,윈도우11홈,"['사무/인강용', '휴대용']"
삼성전자,갤럭시북 프로 SE,NT950XGK-KA51S,16GB,삼성전자 갤럭시북 프로 SE NT950XGK-KA51S,15.6인치,1920x1080,코어 울트라5,정보없음,정보없음,인텔,4.5GHz,내장그래픽,Arc,7core,512GB,68Wh,1.11kg,윈도우11홈,"['사무/인강용', '휴대용']"
삼성전자,갤럭시북 프로 SE NEW,NT950XGK-KG51S,16GB,삼성전자 갤럭시북 프로 SE NT950XGK-KG51S NEW,15.6인치,1920x1080,코어 울트라5,정보없음,정보없음,인텔,4.5GHz,내장그래픽,Arc,7core,512GB,68Wh,1.13kg,윈도우11프로,"['사무/인강용', '휴대용']"
삼성전자,갤럭시북 프로360,NT950QDB-K71A,16GB,삼성전자 갤럭시북 프로360 NT950QDB-K71A,15.6인치,1920x1080,i7-1165G,정보없음,정보없음,인텔,2.8GHz,내장그래픽,Iris Xe,1,512GB,68Wh,1.39kg,윈도우10,"['사무/인강용', '휴대용']"
삼성전자,갤럭시북 프로360,NT950QDB-KC52G,16GB,삼성전자 갤럭시북 프로360 NT950QDB-KC52G,15.6인치,1920x1080,i5-1135G,정보없음,정보없음,인텔,2.4GHz,내장그래픽,Iris Xe,1,256GB,68Wh,1.39kg,윈도우11홈,"['사무/인강용', '휴대용']"
삼성전자,갤럭시북 프로360,NT950QDB-KC59G,8GB,삼성전자 갤럭시북 프로360 NT950QDB-KC59G,15.6인치,1920x1080,i5-1135G,정보없음,정보없음,인텔,2.4GHz,내장그래픽,Iris Xe,1,256GB,68Wh,1.39kg,윈도우11홈,"['사무/인강용', '휴대용']"
삼성전자,갤럭시북 프로360,NT930QDB-K71A,16GB,삼성전자 갤럭시북 프로360 NT930QDB-K71A,13.3인치,1920x1080,i7-1165G,정보없음,정보없음,인텔,2.8GHz,내장그래픽,Iris Xe,1,512GB,63Wh,1.04kg,윈도우10,"['사무/인강용', '휴대용']"
삼성전자,갤럭시북 프로360,NT950QDB-KC72N,16GB,삼성전자 갤럭시북 프로360 NT950QDB-KC72N,15.6인치,1920x1080,i7-1165G,정보없음,정보없음,인텔,2.8GHz,내장그래픽,Iris Xe,1,512GB,68Wh,1.39kg,윈도우11홈,"['사무/인강용', '휴대용']"
삼성전자,갤럭시북 프로360,NT950QDB-KC72S,16GB,삼성전자 갤럭시북 프로360 NT950QDB-KC72S,15.6인치,1920x1080,i7-1165G,정보없음,정보없음,인텔,2.8GHz,내장그래픽,Iris Xe,1,512GB,68Wh,1.39kg,윈도우11홈,"['사무/인강용', '휴대용']"
삼성전자,갤럭시북 프로360,NT950QDB-KC72G,16GB,삼성전자 갤럭시북 프로360 NT950QDB-KC72G,15.6인치,1920x1080,i7-1165G,정보없음,정보없음,인텔,2.8GHz,내장그래픽,Iris Xe,1,512GB,68Wh,1.39kg,윈도우11홈,"['사무/인강용', '휴대용']"
삼성전자,갤럭시북 프로360,NT950QDB-KD72N,16GB,삼성전자 갤럭시북 프로360 NT950QDB-KD72N,15.6인치,1920x1080,i7-1165G,정보없음,정보없음,인텔,2.8GHz,내장그래픽,Iris Xe,1,1TB,68Wh,1.39kg,윈도우11홈,"['사무/인강용', '휴대용']"
삼성전자,갤럭시북 프로360,NT950QDY-A51A,16GB,삼성전자 갤럭시북 프로360 NT950QDY-A51A,15.6인치,1920x1080,i5-1135G,정보없음,정보없음,인텔,2.4GHz,내장그래픽,Iris Xe,1,256GB,68Wh,1.39kg,정보없음,"['사무/인강용', '휴대용']"
삼성전자,갤럭시북 프로360,NT930QDB-KC58N,8GB,삼성전자 갤럭시북 프로360 NT930QDB-KC58N,13.3인치,1920x1080,i5-1135G,정보없음,정보없음,인텔,2.4GHz,내장그래픽,Iris Xe,1,256GB,63Wh,1.04kg,윈도우10,"['사무/인강용', '휴대용']"
삼성전자,갤럭시북 프로360,NT950QDB-KC58G,8GB,삼성전자 갤럭시북 프로360 NT950QDB-KC58G,15.6인치,1920x1080,i5-1135G,정보없음,정보없음,인텔,2.4GHz,내장그래픽,Iris Xe,1,256GB,68Wh,1.39kg,윈도우10,"['사무/인강용', '휴대용']"
삼성전자,갤럭시북 프로360,NT950QDB-KC71N,16GB,삼성전자 갤럭시북 프로360 NT950QDB-KC71N,15.6인치,1920x1080,i7-1165G,정보없음,정보없음,인텔,2.8GHz,내장그래픽,Iris Xe,1,512GB,68Wh,1.39kg,윈도우10,"['사무/인강용', '휴대용']"
삼성전자,갤럭시북 프로360,NT950QDB-KD72S,16GB,삼성전자 갤럭시북 프로360 NT950QDB-KD72S,15.6인치,1920x1080,i7-1165G,정보없음,정보없음,인텔,2.8GHz,내장그래픽,Iris Xe,1,1TB,68Wh,1.39kg,윈도우11홈,"['사무/인강용', '휴대용']"
삼성전자,갤럭시북 프로360,NT930QDB-KC52G,16GB,삼성전자 갤럭시북 프로360 NT930QDB-KC52G,13.3인치,1920x1080,i5-1135G,정보없음,정보없음,인텔,2.4GHz,내장그래픽,Iris Xe,1,256GB,63Wh,1.04kg,윈도우11홈,"['사무/인강용', '휴대용']"
삼성전자,갤럭시북 프로360,NT950QDB-KC59N,8GB,삼성전자 갤럭시북 프로360 NT950QDB-KC59N,15.6인치,1920x1080,i5-1135G,정보없음,정보없음,인텔,2.4GHz,내장그래픽,Iris Xe,1,256GB,68Wh,1.39kg,윈도우11홈,"['사무/인강용', '휴대용']"
삼성전자,갤럭시북 프로360,NT950QDB-KC71G,16GB,삼성전자 갤럭시북 프로360 NT950QDB-KC71G,15.6인치,1920x1080,i7-1165G,정보없음,정보없음,인텔,2.8GHz,내장그래픽,Iris Xe,1,512GB,68Wh,1.39kg,윈도우10,"['사무/인강용', '휴대용']"
삼성전자,갤럭시북 프로360,NT950QDB-KC52S,16GB,삼성전자 갤럭시북 프로360 NT950QDB-KC52S,15.6인치,1920x1080,i5-1135G,정보없음,정보없음,인텔,2.4GHz,내장그래픽,Iris Xe,1,256GB,68Wh,1.39kg,윈도우11홈,"['사무/인강용', '휴대용']"
삼성전자,갤럭시북 프로360,NT930QDB-KC52N,16GB,삼성전자 갤럭시북 프로360 NT930QDB-KC52N,13.3인치,1920x1080,i5-1135G,정보없음,정보없음,인텔,2.4GHz,내장그래픽,Iris Xe,1,256GB,63Wh,1.04kg,윈도우11홈,"['사무/인강용', '휴대용']"
삼성전자,갤럭시북 프로360,NT930QDB-KC59S,8GB,삼성전자 갤럭시북 프로360 NT930QDB-KC59S,13.3인치,1920x1080,i5-1135G,정보없음,정보없음,인텔,2.4GHz,내장그래픽,Iris Xe,1,256GB,63Wh,1.04kg,윈도우11홈,"['사무/인강용', '휴대용']"
삼성전자,갤럭시북 프로360,NT950QDB-KC71S,16GB,삼성전자 갤럭시북 프로360 NT950QDB-KC71S,15.6인치,1920x1080,i7-1165G,정보없음,정보없음,인텔,2.8GHz,내장그래픽,Iris Xe,1,512GB,68Wh,1.39kg,윈도우10,"['사무/인강용', '휴대용']"
삼성전자,갤럭시북 프로360,NT930QDB-KC38G,8GB,삼성전자 갤럭시북 프로360 NT930QDB-KC38G,13.3인치,1920x1080,i3-1115G,정보없음,정보없음,인텔,3.0GHz,내장그래픽,UHD Graphics,1,256GB,63Wh,1.04kg,윈도우10,"['사무/인강용', '휴대용']"
삼성전자,갤럭시북 프로360,NT950QDB-KC59S,8GB,삼성전자 갤럭시북 프로360 NT950QDB-KC59S,15.6인치,1920x1080,i5-1135G,정보없음,정보없음,인텔,2.4GHz,내장그래픽,Iris Xe,1,256GB,68Wh,1.39kg,윈도우11홈,"['사무/인강용', '휴대용']"
삼성전자,갤럭시북 프로360,NT950QDB-KC58S,8GB,삼성전자 갤럭시북 프로360 NT950QDB-KC58S,15.6인치,1920x1080,i5-1135G,정보없음,정보없음,인텔,2.4GHz,내장그래픽,Iris Xe,1,256GB,68Wh,1.39kg,윈도우10,"['사무/인강용', '휴대용']"
삼성전자,갤럭시북 프로360,NT930QDB-KC58G,8GB,삼성전자 갤럭시북 프로360 NT930QDB-KC58G,13.3인치,1920x1080,i5-1135G,정보없음,정보없음,인텔,2.4GHz,내장그래픽,Iris Xe,1,256GB,63Wh,1.04kg,윈도우10,"['사무/인강용', '휴대용']"
삼성전자,갤럭시북 프로360,NT950QDB-KI72N,16GB,삼성전자 갤럭시북 프로360 NT950QDB-KI72N,15.6인치,1920x1080,i7-1165G,정보없음,정보없음,인텔,2.8GHz,내장그래픽,Iris Xe,1,512GB,68Wh,1.39kg,윈도우11홈,"['사무/인강용', '휴대용']"
삼성전자,갤럭시북 프로360,NT950QDB-KC58N,8GB,삼성전자 갤럭시북 프로360 NT950QDB-KC58N,15.6인치,1920x1080,i5-1135G,정보없음,정보없음,인텔,2.4GHz,내장그래픽,Iris Xe,1,256GB,68Wh,1.39kg,윈도우10,"['사무/인강용', '휴대용']"
삼성전자,갤럭시북 플렉스,NT950QCG-X716A,16GB,삼성전자 갤럭시북 플렉스 NT950QCG-X716A,15.6인치,1920x1080,i7-1065G,정보없음,정보없음,인텔,1.3GHz,외장그래픽,MX250,1,512GB,정보없음,1.57kg,윈도우10,['그래픽작업용/무선 배터리 공유']
삼성전자,갤럭시북 플렉스,NT950QCG-X716,16GB,삼성전자 갤럭시북 플렉스 NT950QCG-X716,15.6인치,1920x1080,i7-1065G,600nit,정보없음,인텔,1.3GHz,외장그래픽,MX250,1,512GB,정보없음,1.57kg,윈도우10,['그래픽작업용']
삼성전자,갤럭시북 플렉스,NT930QCG-K58,8GB,삼성전자 갤럭시북 플렉스 NT930QCG-K58,13.3인치,1920x1080,i5-1035G,정보없음,정보없음,인텔,1.1GHz,내장그래픽,Iris Plus,1,256GB,정보없음,1.16kg,윈도우10,"['사무/인강용', '휴대용/무선 배터리 공유']"
삼성전자,갤럭시북 플렉스 알파,NT750QCJ-KC38,8GB,삼성전자 갤럭시북 플렉스 알파 NT750QCJ-KC38,15.6인치,1920x1080,i3-10110U,정보없음,정보없음,인텔,2.1GHz,내장그래픽,UHD Graphics,1,256GB,54Wh,1.63kg,윈도우10,['사무/인강용']
삼성전자,갤럭시북 플렉스 알파,NT750QCJ-KC58,8GB,삼성전자 갤럭시북 플렉스 알파 NT750QCJ-KC58,15.6인치,1920x1080,i5-10210U,정보없음,정보없음,인텔,1.6GHz,내장그래픽,UHD Graphics,1,256GB,54Wh,1.63kg,윈도우10,['사무/인강용']
삼성전자,갤럭시북 플렉스 알파,NT750QCJ-KC78,8GB,삼성전자 갤럭시북 플렉스 알파 NT750QCJ-KC78,15.6인치,1920x1080,i7-10510U,정보없음,정보없음,인텔,1.8GHz,내장그래픽,UHD Graphics,1,256GB,54Wh,1.63kg,윈도우10,['사무/인강용']
삼성전자,갤럭시북 플렉스 알파,NT730QCR-A716A,16GB,삼성전자 갤럭시북 플렉스 알파 NT730QCR-A716A,13.3인치,1920x1080,i7-10510U,정보없음,정보없음,인텔,1.8GHz,내장그래픽,UHD Graphics,1,256GB,54Wh,1.19kg,정보없음,"['사무/인강용', '휴대용']"
삼성전자,갤럭시북 플렉스 알파,NT750QCJ-K58A,8GB,삼성전자 갤럭시북 플렉스 알파 NT750QCJ-K58A,15.6인치,1920x1080,i5-10210U,정보없음,정보없음,인텔,1.6GHz,내장그래픽,UHD Graphics,1,256GB,54Wh,1.63kg,윈도우10,['사무/인강용']
삼성전자,갤럭시북 플렉스 알파,NT750QCJ-KF58,8GB,삼성전자 갤럭시북 플렉스 알파 NT750QCJ-KF58,15.6인치,1920x1080,i5-10210U,정보없음,정보없음,인텔,1.6GHz,내장그래픽,UHD Graphics,1,256GB,54Wh,1.63kg,윈도우10,['사무/인강용']
삼성전자,갤럭시북 플렉스 알파,NT750QCR-A38A,8GB,삼성전자 갤럭시북 플렉스 알파 NT750QCR-A38A,15.6인치,1920x1080,i3-10110U,정보없음,정보없음,인텔,2.1GHz,내장그래픽,UHD Graphics,1,256GB,54Wh,1.63kg,정보없음,['사무/인강용']
삼성전자,갤럭시북 플렉스 알파,NT750QCJ-K78A,8GB,삼성전자 갤럭시북 플렉스 알파 NT750QCJ-K78A,15.6인치,1920x1080,i7-10510U,정보없음,정보없음,인텔,1.8GHz,내장그래픽,UHD Graphics,1,256GB,54Wh,1.63kg,윈도우10,['사무/인강용']
삼성전자,갤럭시북 플렉스 알파,NT750QCR-A58A,8GB,삼성전자 갤럭시북 플렉스 알파 NT750QCR-A58A,15.6인치,1920x1080,i5-10210U,정보없음,정보없음,인텔,1.6GHz,내장그래픽,UHD Graphics,1,256GB,54Wh,1.63kg,정보없음,['사무/인강용']
삼성전자,갤럭시북 플렉스 알파,NT750QCR-A38A,8GB,삼성전자 갤럭시북 플렉스 알파 NT750QCR-A38A WIN10,15.6인치,1920x1080,i3-10110U,정보없음,정보없음,인텔,2.1GHz,내장그래픽,UHD Graphics,1,256GB,54Wh,1.63kg,윈도우10(설치),['사무/인강용']
삼성전자,갤럭시북 플렉스 알파,NT730QCJ-KC38,8GB,삼성전자 갤럭시북 플렉스 알파 NT730QCJ-KC38,13.3인치,1920x1080,i3-10110U,정보없음,정보없음,인텔,2.1GHz,내장그래픽,UHD Graphics,1,256GB,54Wh,1.19kg,윈도우10,"['사무/인강용', '휴대용']"
삼성전자,갤럭시북 플렉스2,NT950QDA-XC71B,16GB,삼성전자 갤럭시북 플렉스2 NT950QDA-XC71B,15.6인치,1920x1080,i7-1165G,600nit,정보없음,인텔,2.8GHz,외장그래픽,MX450,1,512GB,정보없음,1.57kg,윈도우10,['그래픽작업용/무선 배터리 공유']
삼성전자,갤럭시북 플렉스2,NT950QDA-X71AZ,16GB,삼성전자 갤럭시북 플렉스2 NT950QDA-X71AZ,15.6인치,1920x1080,i7-1165G,600nit,정보없음,인텔,2.8GHz,외장그래픽,MX450,1,512GB,정보없음,1.57kg,윈도우10,['그래픽작업용/무선 배터리 공유']
삼성전자,갤럭시북 플렉스2,NT950QDA-XC58Z,8GB,삼성전자 갤럭시북 플렉스2 NT950QDA-XC58Z,15.6인치,1920x1080,i5-1135G,600nit,정보없음,인텔,2.4GHz,외장그래픽,MX450,1,256GB,정보없음,1.57kg,윈도우10,['그래픽작업용/무선 배터리 공유']
삼성전자,갤럭시북 플렉스2,NT930QDA-KC58B,8GB,삼성전자 갤럭시북 플렉스2 NT930QDA-KC58B,13.3인치,1920x1080,i5-1130G,600nit,정보없음,인텔,1.8GHz,내장그래픽,Iris Xe,1,256GB,정보없음,1.16kg,윈도우10,"['사무/인강용', '휴대용/무선 배터리 공유']"
삼성전자,갤럭시북 플렉스2,NT950QDA-XC58B,8GB,삼성전자 갤럭시북 플렉스2 NT950QDA-XC58B,15.6인치,1920x1080,i5-1135G,600nit,정보없음,인텔,2.4GHz,외장그래픽,MX450,1,256GB,정보없음,1.57kg,윈도우10,['그래픽작업용/무선 배터리 공유']
삼성전자,갤럭시북 플렉스2,NT950QDA-XC71Z,16GB,삼성전자 갤럭시북 플렉스2 NT950QDA-XC71Z,15.6인치,1920x1080,i7-1165G,600nit,정보없음,인텔,2.8GHz,외장그래픽,MX450,1,512GB,정보없음,1.57kg,윈도우10,['그래픽작업용/무선 배터리 공유']
삼성전자,갤럭시북2,NT550XEZ-A58A,8GB,28 삼성전자 갤럭시북2 NT550XEZ-A58A,15.6인치,1920x1080,i5-1235U,정보없음,정보없음,인텔,1.3GHz,내장그래픽,UHD Graphics,1,256GB,43Wh,1.8kg,정보없음,['사무/인강용']
삼성전자,갤럭시북2,NT550XED-K58G,32GB,삼성전자 갤럭시북2 NT550XED-K58G 32GB램,15.6인치,1920x1080,i5-1235U,정보없음,정보없음,인텔,1.3GHz,내장그래픽,UHD Graphics,1,256GB,43Wh,1.8kg,윈도우11홈,['사무/인강용']
삼성전자,갤럭시북2,NT550XEZ-A38A,8GB,삼성전자 갤럭시북2 NT550XEZ-A38A,15.6인치,1920x1080,i3-1215U,정보없음,정보없음,인텔,1.2GHz,내장그래픽,UHD Graphics,1,256GB,43Wh,1.8kg,정보없음,['사무/인강용']
삼성전자,갤럭시북2,NT550XEZ-A58A,8GB,삼성전자 갤럭시북2 NT550XEZ-A58A WIN11,15.6인치,1920x1080,i5-1235U,정보없음,정보없음,인텔,1.3GHz,내장그래픽,UHD Graphics,1,256GB,43Wh,1.8kg,윈도우11(설치),['사무/인강용']
삼성전자,갤럭시북2,NT550XEZ-A58A,32GB,삼성전자 갤럭시북2 NT550XEZ-A58A 32GB램,15.6인치,1920x1080,i5-1235U,정보없음,정보없음,인텔,1.3GHz,내장그래픽,UHD Graphics,1,256GB,43Wh,1.8kg,정보없음,['사무/인강용']
삼성전자,갤럭시북2,NT550XED-K58G,16GB,삼성전자 갤럭시북2 NT550XED-K58G 16GB램,15.6인치,1920x1080,i5-1235U,정보없음,정보없음,인텔,1.3GHz,내장그래픽,UHD Graphics,1,256GB,43Wh,1.8kg,윈도우11홈,['사무/인강용']
삼성전자,갤럭시북2,NT750XED-KC38S,8GB,삼성전자 갤럭시북2 NT750XED-KC38S,15.6인치,1920x1080,i3-1215U,정보없음,정보없음,인텔,1.2GHz,내장그래픽,UHD Graphics,1,256GB,54Wh,1.57kg,윈도우11홈,['사무/인강용']
삼성전자,갤럭시북2,NT550XEZ-A38A,8GB,삼성전자 갤럭시북2 NT550XEZ-A38A WIN11,15.6인치,1920x1080,i3-1215U,정보없음,정보없음,인텔,1.2GHz,내장그래픽,UHD Graphics,1,256GB,43Wh,1.8kg,윈도우11(설치),['사무/인강용']
삼성전자,갤럭시북2,NT550XEZ-A58A,8GB,삼성전자 갤럭시북2 NT550XEZ-A58A WIN10,15.6인치,1920x1080,i5-1235U,정보없음,정보없음,인텔,1.3GHz,내장그래픽,UHD Graphics,1,256GB,43Wh,1.8kg,윈도우10(설치),['사무/인강용']
삼성전자,갤럭시북2,NT550XEZ-A38A,8GB,삼성전자 갤럭시북2 NT550XEZ-A38A WIN10,15.6인치,1920x1080,i3-1215U,정보없음,정보없음,인텔,1.2GHz,내장그래픽,UHD Graphics,1,256GB,43Wh,1.8kg,윈도우10(설치),['사무/인강용']
삼성전자,갤럭시북2,NT750XEE-XC58S,8GB,삼성전자 갤럭시북2 NT750XEE-XC58S,15.6인치,1920x1080,i5-1240P,정보없음,정보없음,인텔,1.7GHz,외장그래픽,Arc A350M,6core,256GB,54Wh,1.6kg,윈도우11홈,['그래픽작업용']
삼성전자,갤럭시북2,NT750XED-KH39G,8GB,삼성전자 갤럭시북2 NT750XED-KH39G,15.6인치,1920x1080,i3-1215U,정보없음,정보없음,인텔,1.2GHz,내장그래픽,UHD Graphics,1,512GB,54Wh,1.57kg,윈도우11홈,['사무/인강용']
삼성전자,갤럭시북2,NT750XED-KH39S,8GB,삼성전자 갤럭시북2 NT750XED-KH39S,15.6인치,1920x1080,i3-1215U,정보없음,정보없음,인텔,1.2GHz,내장그래픽,UHD Graphics,1,512GB,54Wh,1.57kg,윈도우11홈,['사무/인강용']
삼성전자,갤럭시북2,NT750XEW-A51A,16GB,삼성전자 갤럭시북2 NT750XEW-A51A,15.6인치,1920x1080,i5-1235U,정보없음,정보없음,인텔,1.3GHz,내장그래픽,Iris Xe,1,256GB,54Wh,1.57kg,정보없음,['사무/인강용']
삼성전자,갤럭시북2,NT550XED-KH38G,8GB,삼성전자 갤럭시북2 NT550XED-KH38G,15.6인치,1920x1080,i3-1215U,정보없음,정보없음,인텔,1.2GHz,내장그래픽,UHD Graphics,1,256GB,43Wh,1.8kg,윈도우11홈,['사무/인강용']
삼성전자,갤럭시북2,NT750XEW-A71A,16GB,삼성전자 갤럭시북2 NT750XEW-A71A,15.6인치,1920x1080,i7-1255U,정보없음,정보없음,인텔,1.7GHz,내장그래픽,Iris Xe,1,512GB,54Wh,1.57kg,정보없음,['사무/인강용']
삼성전자,갤럭시북2,NT550XED-K24A,4GB,삼성전자 갤럭시북2 NT550XED-K24A,15.6인치,1920x1080,정보없음,정보없음,정보없음,인텔,1.2GHz,내장그래픽,UHD Graphics,1,128GB,43Wh,1.8kg,윈도우11프로,['사무/인강용']
삼성전자,갤럭시북2,NT750XEV-G51A,16GB,삼성전자 갤럭시북2 NT750XEV-G51A,15.6인치,1920x1080,i5-1240P,정보없음,정보없음,인텔,1.7GHz,외장그래픽,Arc A350M,6core,256GB,54Wh,1.6kg,정보없음,['그래픽작업용']
삼성전자,갤럭시북2,NT550XED-K78A,8GB,삼성전자 갤럭시북2 NT550XED-K78A,15.6인치,1920x1080,i7-1255U,정보없음,정보없음,인텔,1.7GHz,내장그래픽,UHD Graphics,1,256GB,43Wh,1.8kg,윈도우11홈,['사무/인강용']
삼성전자,갤럭시북2,NT750XED-KF58S,8GB,삼성전자 갤럭시북2 NT750XED-KF58S,15.6인치,1920x1080,i5-1235U,정보없음,정보없음,인텔,1.3GHz,내장그래픽,Iris Xe,1,256GB,54Wh,1.57kg,윈도우11홈,['사무/인강용']
삼성전자,갤럭시북2,NT750XEW-A71A,16GB,삼성전자 갤럭시북2 NT750XEW-A71A WIN11,15.6인치,1920x1080,i7-1255U,정보없음,정보없음,인텔,1.7GHz,내장그래픽,Iris Xe,1,512GB,54Wh,1.57kg,윈도우11(설치),['사무/인강용']
삼성전자,갤럭시북2,NT550XED-KH38S,8GB,삼성전자 갤럭시북2 NT550XED-KH38S,15.6인치,1920x1080,i3-1215U,정보없음,정보없음,인텔,1.2GHz,내장그래픽,UHD Graphics,1,256GB,43Wh,1.8kg,윈도우11홈,['사무/인강용']
삼성전자,갤럭시북2,NT750XEW-A51A,16GB,삼성전자 갤럭시북2 NT750XEW-A51A WIN11,15.6인치,1920x1080,i5-1235U,정보없음,정보없음,인텔,1.3GHz,내장그래픽,Iris Xe,1,256GB,54Wh,1.57kg,윈도우11(설치),['사무/인강용']
삼성전자,갤럭시북2,NT550XED-KH34S,4GB,삼성전자 갤럭시북2 NT550XED-KH34S,15.6인치,1920x1080,i3-1215U,정보없음,정보없음,인텔,1.2GHz,내장그래픽,UHD Graphics,1,128GB,43Wh,1.8kg,윈도우11홈,['사무/인강용']
삼성전자,갤럭시북2,NT750XED-KC58S,8GB,삼성전자 갤럭시북2 NT750XED-KC58S,15.6인치,1920x1080,i5-1235U,정보없음,정보없음,인텔,1.3GHz,내장그래픽,Iris Xe,1,256GB,54Wh,1.57kg,윈도우11홈,['사무/인강용']
삼성전자,갤럭시북2,NT550XEZ-A58A,24GB,삼성전자 갤럭시북2 NT550XEZ-A58A 24GB램,15.6인치,1920x1080,i5-1235U,정보없음,정보없음,인텔,1.3GHz,내장그래픽,UHD Graphics,1,256GB,43Wh,1.8kg,정보없음,['사무/인강용']
삼성전자,갤럭시북2,NT750XEE-X71A,16GB,삼성전자 갤럭시북2 NT750XEE-X71A,15.6인치,1920x1080,i7-1260P,정보없음,정보없음,인텔,2.1GHz,외장그래픽,Arc A350M,6core,512GB,54Wh,1.6kg,윈도우11홈,['그래픽작업용']
삼성전자,갤럭시북2,NT750XED-KC58G,8GB,삼성전자 갤럭시북2 NT750XED-KC58G,15.6인치,1920x1080,i5-1235U,정보없음,정보없음,인텔,1.3GHz,내장그래픽,Iris Xe,1,256GB,54Wh,1.57kg,윈도우11홈,['사무/인강용']
삼성전자,갤럭시북2,NT750XED-KF58G,8GB,삼성전자 갤럭시북2 NT750XED-KF58G,15.6인치,1920x1080,i5-1235U,정보없음,정보없음,인텔,1.3GHz,내장그래픽,Iris Xe,1,256GB,54Wh,1.57kg,윈도우11홈,['사무/인강용']
삼성전자,갤럭시북2,NT750XED-KC38G,8GB,삼성전자 갤럭시북2 NT750XED-KC38G,15.6인치,1920x1080,i3-1215U,정보없음,정보없음,인텔,1.2GHz,내장그래픽,UHD Graphics,1,256GB,54Wh,1.57kg,윈도우11홈,['사무/인강용']
삼성전자,갤럭시북2,NT550XED-K58G,8GB,삼성전자 갤럭시북2 NT550XED-K58G,15.6인치,1920x1080,i5-1235U,정보없음,정보없음,인텔,1.3GHz,내장그래픽,UHD Graphics,1,256GB,43Wh,1.8kg,윈도우11홈,['사무/인강용']
삼성전자,갤럭시북2,NT550XED-K78A,32GB,삼성전자 갤럭시북2 NT550XED-K78A 32GB램,15.6인치,1920x1080,i7-1255U,정보없음,정보없음,인텔,1.7GHz,내장그래픽,UHD Graphics,1,256GB,43Wh,1.8kg,윈도우11홈,['사무/인강용']
삼성전자,갤럭시북2,NT550XEZ-A58A,40GB,삼성전자 갤럭시북2 NT550XEZ-A58A WIN11 40GB램,15.6인치,1920x1080,i5-1235U,정보없음,정보없음,인텔,1.3GHz,내장그래픽,UHD Graphics,1,256GB,43Wh,1.8kg,윈도우11(설치),['사무/인강용']
삼성전자,갤럭시북2,NT750XEE-XL51G,16GB,삼성전자 갤럭시북2 NT750XEE-XL51G,15.6인치,1920x1080,i5-1240P,정보없음,정보없음,인텔,1.7GHz,외장그래픽,Arc A350M,6core,256GB,54Wh,1.6kg,윈도우11홈,['그래픽작업용']
삼성전자,갤럭시북2,NT550XEZ-A58A,64GB,삼성전자 갤럭시북2 NT550XEZ-A58A WIN11 64GB램,15.6인치,1920x1080,i5-1235U,정보없음,정보없음,인텔,1.3GHz,내장그래픽,UHD Graphics,1,256GB,43Wh,1.8kg,윈도우11(설치),['사무/인강용']
삼성전자,갤럭시북2,NT550XEZ-A58A,24GB,삼성전자 갤럭시북2 NT550XEZ-A58A WIN11 24GB램,15.6인치,1920x1080,i5-1235U,정보없음,정보없음,인텔,1.3GHz,내장그래픽,UHD Graphics,1,256GB,43Wh,1.8kg,윈도우11(설치),['사무/인강용']
삼성전자,갤럭시북2,NT550XEZ-A58A,40GB,삼성전자 갤럭시북2 NT550XEZ-A58A 40GB램,15.6인치,1920x1080,i5-1235U,정보없음,정보없음,인텔,1.3GHz,내장그래픽,UHD Graphics,1,256GB,43Wh,1.8kg,정보없음,['사무/인강용']
삼성전자,갤럭시북2,NT750XED-KH38G,8GB,삼성전자 갤럭시북2 NT750XED-KH38G,15.6인치,1920x1080,i3-1215U,정보없음,정보없음,인텔,1.2GHz,내장그래픽,UHD Graphics,1,256GB,54Wh,1.57kg,윈도우11홈,['사무/인강용']
삼성전자,갤럭시북2,NT550XED-K24A,8GB,삼성전자 갤럭시북2 NT550XED-K24A 8GB램,15.6인치,1920x1080,정보없음,정보없음,정보없음,인텔,1.2GHz,내장그래픽,UHD Graphics,1,128GB,43Wh,1.8kg,윈도우11프로,['사무/인강용']
삼성전자,갤럭시북2,NT550XEZ-A58A,24GB,삼성전자 갤럭시북2 NT550XEZ-A58A WIN10 24GB램,15.6인치,1920x1080,i5-1235U,정보없음,정보없음,인텔,1.3GHz,내장그래픽,UHD Graphics,1,256GB,43Wh,1.8kg,윈도우10(설치),['사무/인강용']
삼성전자,갤럭시북2,NT750XEE-XC58G,8GB,삼성전자 갤럭시북2 NT750XEE-XC58G,15.6인치,1920x1080,i5-1240P,정보없음,정보없음,인텔,1.7GHz,외장그래픽,Arc A350M,6core,256GB,54Wh,1.6kg,윈도우11홈,['그래픽작업용']
삼성전자,갤럭시북2,NT550XED-KH38G,16GB,삼성전자 갤럭시북2 NT550XED-KH38G 16GB램,15.6인치,1920x1080,i3-1215U,정보없음,정보없음,인텔,1.2GHz,내장그래픽,UHD Graphics,1,256GB,43Wh,1.8kg,윈도우11홈,['사무/인강용']
삼성전자,갤럭시북2,NT550XEZ-A38A,32GB,삼성전자 갤럭시북2 NT550XEZ-A38A WIN11 32GB램,15.6인치,1920x1080,i3-1215U,정보없음,정보없음,인텔,1.2GHz,내장그래픽,UHD Graphics,1,256GB,43Wh,1.8kg,윈도우11(설치),['사무/인강용']
삼성전자,갤럭시북2,NT550XEZ-A38A,16GB,삼성전자 갤럭시북2 NT550XEZ-A38A WIN10 16GB램,15.6인치,1920x1080,i3-1215U,정보없음,정보없음,인텔,1.2GHz,내장그래픽,UHD Graphics,1,256GB,43Wh,1.8kg,윈도우10(설치),['사무/인강용']
삼성전자,갤럭시북2,NT750XEW-A51A,16GB,삼성전자 갤럭시북2 NT750XEW-A51A WIN10,15.6인치,1920x1080,i5-1235U,정보없음,정보없음,인텔,1.3GHz,내장그래픽,Iris Xe,1,256GB,54Wh,1.57kg,윈도우10(설치),['사무/인강용']
삼성전자,갤럭시북2,NT550XEZ-A58A,40GB,삼성전자 갤럭시북2 NT550XEZ-A58A WIN10 40GB램,15.6인치,1920x1080,i5-1235U,정보없음,정보없음,인텔,1.3GHz,내장그래픽,UHD Graphics,1,256GB,43Wh,1.8kg,윈도우10(설치),['사무/인강용']
삼성전자,갤럭시북2,NT750XEV-G51A,16GB,삼성전자 갤럭시북2 NT750XEV-G51A WIN11,15.6인치,1920x1080,i5-1240P,정보없음,정보없음,인텔,1.7GHz,외장그래픽,Arc A350M,6core,256GB,54Wh,1.6kg,윈도우11(설치),['그래픽작업용']
삼성전자,갤럭시북2,NT550XED,64GB,삼성전자 갤럭시북2 NT550XED i5 WIN11 64GB램,15.6인치,1920x1080,i5-1235U,정보없음,정보없음,인텔,1.3GHz,내장그래픽,UHD Graphics,1,256GB,43Wh,1.8kg,윈도우11,['사무/인강용']
삼성전자,갤럭시북2,NT550XEZ-A58A,64GB,삼성전자 갤럭시북2 NT550XEZ-A58A 64GB램,15.6인치,1920x1080,i5-1235U,정보없음,정보없음,인텔,1.3GHz,내장그래픽,UHD Graphics,1,256GB,43Wh,1.8kg,정보없음,['사무/인강용']
삼성전자,갤럭시북2,NT750XEE-XC51S,16GB,삼성전자 갤럭시북2 NT750XEE-XC51S,15.6인치,1920x1080,i5-1240P,정보없음,정보없음,인텔,1.7GHz,외장그래픽,Arc A350M,6core,256GB,54Wh,1.6kg,윈도우11홈,['그래픽작업용']
삼성전자,갤럭시북2,NT550XED-K24A,16GB,삼성전자 갤럭시북2 NT550XED-K24A 16GB램,15.6인치,1920x1080,정보없음,정보없음,정보없음,인텔,1.2GHz,내장그래픽,UHD Graphics,1,128GB,43Wh,1.8kg,윈도우11프로,['사무/인강용']
삼성전자,갤럭시북2,NT750XEE-XL52G,16GB,삼성전자 갤럭시북2 NT750XEE-XL52G,15.6인치,1920x1080,i5-1240P,정보없음,정보없음,인텔,1.7GHz,외장그래픽,Arc A350M,6core,256GB,54Wh,1.6kg,윈도우11홈,['그래픽작업용']
삼성전자,갤럭시북2,NT750XEW-A71A,16GB,삼성전자 갤럭시북2 NT750XEW-A71A WIN10,15.6인치,1920x1080,i7-1255U,정보없음,정보없음,인텔,1.7GHz,내장그래픽,Iris Xe,1,512GB,54Wh,1.57kg,윈도우10(설치),['사무/인강용']
삼성전자,갤럭시북2,NT550XEZ-A38A,24GB,삼성전자 갤럭시북2 NT550XEZ-A38A 24GB램,15.6인치,1920x1080,i3-1215U,정보없음,정보없음,인텔,1.2GHz,내장그래픽,UHD Graphics,1,256GB,43Wh,1.8kg,정보없음,['사무/인강용']
삼성전자,갤럭시북2,NT550XEZ-A38A,24GB,삼성전자 갤럭시북2 NT550XEZ-A38A WIN10 24GB램,15.6인치,1920x1080,i3-1215U,정보없음,정보없음,인텔,1.2GHz,내장그래픽,UHD Graphics,1,256GB,43Wh,1.8kg,윈도우10(설치),['사무/인강용']
삼성전자,갤럭시북2,NT550XEZ-A38A,24GB,삼성전자 갤럭시북2 NT550XEZ-A38A WIN11 24GB램,15.6인치,1920x1080,i3-1215U,정보없음,정보없음,인텔,1.2GHz,내장그래픽,UHD Graphics,1,256GB,43Wh,1.8kg,윈도우11(설치),['사무/인강용']
삼성전자,갤럭시북2,NT550XEZ-A38A,32GB,삼성전자 갤럭시북2 NT550XEZ-A38A 32GB램,15.6인치,1920x1080,i3-1215U,정보없음,정보없음,인텔,1.2GHz,내장그래픽,UHD Graphics,1,256GB,43Wh,1.8kg,정보없음,['사무/인강용']
삼성전자,갤럭시북2,NT550XEZ-A38A,32GB,삼성전자 갤럭시북2 NT550XEZ-A38A WIN10 32GB램,15.6인치,1920x1080,i3-1215U,정보없음,정보없음,인텔,1.2GHz,내장그래픽,UHD Graphics,1,256GB,43Wh,1.8kg,윈도우10(설치),['사무/인강용']
삼성전자,갤럭시북2,NT550XEZ-A38A,40GB,삼성전자 갤럭시북2 NT550XEZ-A38A 40GB램,15.6인치,1920x1080,i3-1215U,정보없음,정보없음,인텔,1.2GHz,내장그래픽,UHD Graphics,1,256GB,43Wh,1.8kg,정보없음,['사무/인강용']
삼성전자,갤럭시북2,NT550XEZ-A38A,40GB,삼성전자 갤럭시북2 NT550XEZ-A38A WIN10 40GB램,15.6인치,1920x1080,i3-1215U,정보없음,정보없음,인텔,1.2GHz,내장그래픽,UHD Graphics,1,256GB,43Wh,1.8kg,윈도우10(설치),['사무/인강용']
삼성전자,갤럭시북2,NT550XEZ-A38A,40GB,삼성전자 갤럭시북2 NT550XEZ-A38A WIN11 40GB램,15.6인치,1920x1080,i3-1215U,정보없음,정보없음,인텔,1.2GHz,내장그래픽,UHD Graphics,1,256GB,43Wh,1.8kg,윈도우11(설치),['사무/인강용']
삼성전자,갤럭시북2,NT750XED-KH29S,8GB,삼성전자 갤럭시북2 NT750XED-KH29S,15.6인치,1920x1080,정보없음,정보없음,정보없음,인텔,1.2GHz,내장그래픽,UHD Graphics,1,512GB,54Wh,1.57kg,윈도우11홈,['사무/인강용']
삼성전자,갤럭시북2,NT750XED-KC59G,8GB,삼성전자 갤럭시북2 NT750XED-KC59G,15.6인치,1920x1080,i5-1235U,정보없음,정보없음,인텔,1.3GHz,내장그래픽,Iris Xe,1,256GB,54Wh,1.57kg,윈도우11홈,['사무/인강용']
삼성전자,갤럭시북2,NT550XED,16GB,삼성전자 갤럭시북2 NT550XED i7 WIN11 16GB램,15.6인치,1920x1080,i7-1255U,정보없음,정보없음,인텔,1.7GHz,내장그래픽,UHD Graphics,1,256GB,43Wh,1.8kg,윈도우11,['사무/인강용']
삼성전자,갤럭시북2,NT550XED-K58G,64GB,삼성전자 갤럭시북2 NT550XED-K58G 64GB램,15.6인치,1920x1080,i5-1235U,정보없음,정보없음,인텔,1.3GHz,내장그래픽,UHD Graphics,1,256GB,43Wh,1.8kg,윈도우11홈,['사무/인강용']
삼성전자,갤럭시북2,NT550XED,32GB,삼성전자 갤럭시북2 NT550XED i7 WIN11 32GB램,15.6인치,1920x1080,i7-1255U,정보없음,정보없음,인텔,1.7GHz,내장그래픽,UHD Graphics,1,256GB,43Wh,1.8kg,윈도우11,['사무/인강용']
삼성전자,갤럭시북2,NT550XED,8GB,삼성전자 갤럭시북2 NT550XED i7 WIN11,15.6인치,1920x1080,i7-1255U,정보없음,정보없음,인텔,1.7GHz,내장그래픽,UHD Graphics,1,256GB,43Wh,1.8kg,윈도우11,['사무/인강용']
삼성전자,갤럭시북2,NT550XED,16GB,삼성전자 갤럭시북2 NT550XED i5 WIN11 16GB램,15.6인치,1920x1080,i5-1235U,정보없음,정보없음,인텔,1.3GHz,내장그래픽,UHD Graphics,1,256GB,43Wh,1.8kg,윈도우11,['사무/인강용']
삼성전자,갤럭시북2,NT550XED-KH38S,16GB,삼성전자 갤럭시북2 NT550XED-KH38S 16GB램,15.6인치,1920x1080,i3-1215U,정보없음,정보없음,인텔,1.2GHz,내장그래픽,UHD Graphics,1,256GB,43Wh,1.8kg,윈도우11홈,['사무/인강용']
삼성전자,갤럭시북2,NT750XEE-XD71G,16GB,삼성전자 갤럭시북2 NT750XEE-XD71G,15.6인치,1920x1080,i7-1260P,정보없음,정보없음,인텔,2.1GHz,외장그래픽,Arc A350M,6core,1TB,54Wh,1.6kg,윈도우11홈,['그래픽작업용']
삼성전자,갤럭시북2,NT750XED-KC51S,16GB,삼성전자 갤럭시북2 NT750XED-KC51S,15.6인치,1920x1080,i5-1235U,정보없음,정보없음,인텔,1.3GHz,내장그래픽,Iris Xe,1,256GB,54Wh,1.57kg,윈도우11홈,['사무/인강용']
삼성전자,갤럭시북2,NT550XED,64GB,삼성전자 갤럭시북2 NT550XED i7 WIN11 64GB램,15.6인치,1920x1080,i7-1255U,정보없음,정보없음,인텔,1.7GHz,내장그래픽,UHD Graphics,1,256GB,43Wh,1.8kg,윈도우11,['사무/인강용']
삼성전자,갤럭시북2,NT550XED-K78A,24GB,삼성전자 갤럭시북2 NT550XED-K78A 24GB램,15.6인치,1920x1080,i7-1255U,정보없음,정보없음,인텔,1.7GHz,내장그래픽,UHD Graphics,1,256GB,43Wh,1.8kg,윈도우11홈,['사무/인강용']
삼성전자,갤럭시북2,NT750XED-KC59S,8GB,삼성전자 갤럭시북2 NT750XED-KC59S,15.6인치,1920x1080,i5-1235U,정보없음,정보없음,인텔,1.3GHz,내장그래픽,Iris Xe,1,256GB,54Wh,1.57kg,윈도우11홈,['사무/인강용']
삼성전자,갤럭시북2,NT750XEE-X71AS,16GB,삼성전자 갤럭시북2 NT750XEE-X71AS,15.6인치,1920x1080,i7-1260P,정보없음,정보없음,인텔,2.1GHz,외장그래픽,Arc A350M,6core,512GB,54Wh,1.6kg,윈도우11홈,['그래픽작업용']
삼성전자,갤럭시북2,NT550XEZ-A38A,64GB,삼성전자 갤럭시북2 NT550XEZ-A38A 64GB램,15.6인치,1920x1080,i3-1215U,정보없음,정보없음,인텔,1.2GHz,내장그래픽,UHD Graphics,1,256GB,43Wh,1.8kg,정보없음,['사무/인강용']
삼성전자,갤럭시북2,NT550XED,8GB,삼성전자 갤럭시북2 NT550XED i5 WIN11,15.6인치,1920x1080,i5-1235U,정보없음,정보없음,인텔,1.3GHz,내장그래픽,UHD Graphics,1,256GB,43Wh,1.8kg,윈도우11,['사무/인강용']
삼성전자,갤럭시북2,NT750XED-KC51G,16GB,삼성전자 갤럭시북2 NT750XED-KC51G,15.6인치,1920x1080,i5-1235U,정보없음,정보없음,인텔,1.3GHz,내장그래픽,Iris Xe,1,256GB,54Wh,1.57kg,윈도우11홈,['사무/인강용']
삼성전자,갤럭시북2,NT750XED-KF51S,16GB,삼성전자 갤럭시북2 NT750XED-KF51S,15.6인치,1920x1080,i5-1235U,정보없음,정보없음,인텔,1.3GHz,내장그래픽,Iris Xe,1,256GB,54Wh,1.57kg,윈도우11홈,['사무/인강용']
삼성전자,갤럭시북2,NT750XED-KH29G,8GB,삼성전자 갤럭시북2 NT750XED-KH29G,15.6인치,1920x1080,정보없음,정보없음,정보없음,인텔,1.2GHz,내장그래픽,UHD Graphics,1,512GB,54Wh,1.57kg,윈도우11홈,['사무/인강용']
삼성전자,갤럭시북2,NT550XED-KC39G,8GB,삼성전자 갤럭시북2 NT550XED-KC39G,15.6인치,1920x1080,i3-1215U,정보없음,정보없음,인텔,1.2GHz,내장그래픽,UHD Graphics,1,512GB,43Wh,1.8kg,윈도우11홈,['사무/인강용']
삼성전자,갤럭시북2,NT550XED-KH38G,32GB,삼성전자 갤럭시북2 NT550XED-KH38G 32GB램,15.6인치,1920x1080,i3-1215U,정보없음,정보없음,인텔,1.2GHz,내장그래픽,UHD Graphics,1,256GB,43Wh,1.8kg,윈도우11홈,['사무/인강용']
삼성전자,갤럭시북2,NT750XED-KF51G,16GB,삼성전자 갤럭시북2 NT750XED-KF51G,15.6인치,1920x1080,i5-1235U,정보없음,정보없음,인텔,1.3GHz,내장그래픽,Iris Xe,1,256GB,54Wh,1.57kg,윈도우11홈,['사무/인강용']
삼성전자,갤럭시북2,NT750XEV-G51A,16GB,삼성전자 갤럭시북2 NT750XEV-G51A WIN10,15.6인치,1920x1080,i5-1240P,정보없음,정보없음,인텔,1.7GHz,외장그래픽,Arc A350M,6core,256GB,54Wh,1.6kg,윈도우10(설치),['그래픽작업용']
삼성전자,갤럭시북2,NT550XED-KH24S,4GB,삼성전자 갤럭시북2 NT550XED-KH24S,15.6인치,1920x1080,정보없음,정보없음,정보없음,인텔,1.2GHz,내장그래픽,UHD Graphics,1,128GB,43Wh,1.8kg,윈도우11홈,['사무/인강용']
삼성전자,갤럭시북2,NT750XED,8GB,삼성전자 갤럭시북2 NT750XED i5 WIN11,15.6인치,1920x1080,i5-1235U,정보없음,정보없음,인텔,1.3GHz,내장그래픽,Iris Xe,1,256GB,54Wh,1.57kg,윈도우11,['사무/인강용']
삼성전자,갤럭시북2,NT550XED-KH34S,64GB,삼성전자 갤럭시북2 NT550XED-KH34S 64GB램,15.6인치,1920x1080,i3-1215U,정보없음,정보없음,인텔,1.2GHz,내장그래픽,UHD Graphics,1,128GB,43Wh,1.8kg,윈도우11홈,['사무/인강용']
삼성전자,갤럭시북2,NT550XED,32GB,삼성전자 갤럭시북2 NT550XED i5 WIN11 32GB램,15.6인치,1920x1080,i5-1235U,정보없음,정보없음,인텔,1.3GHz,내장그래픽,UHD Graphics,1,256GB,43Wh,1.8kg,윈도우11,['사무/인강용']
삼성전자,갤럭시북2,NT550XED-KC39S,8GB,삼성전자 갤럭시북2 NT550XED-KC39S,15.6인치,1920x1080,i3-1215U,정보없음,정보없음,인텔,1.2GHz,내장그래픽,UHD Graphics,1,512GB,43Wh,1.8kg,윈도우11홈,['사무/인강용']
삼성전자,갤럭시북2,NT550XED-KH39S,8GB,삼성전자 갤럭시북2 NT550XED-KH39S,15.6인치,1920x1080,i3-1215U,정보없음,정보없음,인텔,1.2GHz,내장그래픽,UHD Graphics,1,512GB,43Wh,1.8kg,윈도우11홈,['사무/인강용']
삼성전자,갤럭시북2,NT550XED-KH39G,8GB,삼성전자 갤럭시북2 NT550XED-KH39G,15.6인치,1920x1080,i3-1215U,정보없음,정보없음,인텔,1.2GHz,내장그래픽,UHD Graphics,1,512GB,43Wh,1.8kg,윈도우11홈,['사무/인강용']
삼성전자,갤럭시북2,NT550XED-KH34S,8GB,삼성전자 갤럭시북2 NT550XED-KH34S 8GB램,15.6인치,1920x1080,i3-1215U,정보없음,정보없음,인텔,1.2GHz,내장그래픽,UHD Graphics,1,128GB,43Wh,1.8kg,윈도우11홈,['사무/인강용']
삼성전자,갤럭시북2,NT750XEW-A58A,8GB,삼성전자 갤럭시북2 NT750XEW-A58A,15.6인치,1920x1080,i5-1235U,정보없음,정보없음,인텔,1.3GHz,내장그래픽,Iris Xe,1,256GB,54Wh,1.57kg,정보없음,['사무/인강용']
삼성전자,갤럭시북2,NT750XED-KH28G,8GB,삼성전자 갤럭시북2 NT750XED-KH28G,15.6인치,1920x1080,정보없음,정보없음,정보없음,인텔,1.2GHz,내장그래픽,UHD Graphics,1,256GB,54Wh,1.57kg,윈도우11홈,['사무/인강용']
삼성전자,갤럭시북2,NT550XED-K24A,32GB,삼성전자 갤럭시북2 NT550XED-K24A 32GB램,15.6인치,1920x1080,정보없음,정보없음,정보없음,인텔,1.2GHz,내장그래픽,UHD Graphics,1,128GB,43Wh,1.8kg,윈도우11프로,['사무/인강용']
삼성전자,갤럭시북2,NT550XEZ-A38A,16GB,삼성전자 갤럭시북2 NT550XEZ-A38A WIN11 16GB램,15.6인치,1920x1080,i3-1215U,정보없음,정보없음,인텔,1.2GHz,내장그래픽,UHD Graphics,1,256GB,43Wh,1.8kg,윈도우11(설치),['사무/인강용']
삼성전자,갤럭시북2,NT550XEZ-A58A,16GB,삼성전자 갤럭시북2 NT550XEZ-A58A 16GB램,15.6인치,1920x1080,i5-1235U,정보없음,정보없음,인텔,1.3GHz,내장그래픽,UHD Graphics,1,256GB,43Wh,1.8kg,정보없음,['사무/인강용']
삼성전자,갤럭시북2,NT550XEZ-A58A,16GB,삼성전자 갤럭시북2 NT550XEZ-A58A WIN11 16GB램,15.6인치,1920x1080,i5-1235U,정보없음,정보없음,인텔,1.3GHz,내장그래픽,UHD Graphics,1,256GB,43Wh,1.8kg,윈도우11(설치),['사무/인강용']
삼성전자,갤럭시북2,NT550XEZ-A38A,16GB,삼성전자 갤럭시북2 NT550XEZ-A38A 16GB램,15.6인치,1920x1080,i3-1215U,정보없음,정보없음,인텔,1.2GHz,내장그래픽,UHD Graphics,1,256GB,43Wh,1.8kg,정보없음,['사무/인강용']
삼성전자,갤럭시북2,NT550XEZ-A58A,16GB,삼성전자 갤럭시북2 NT550XEZ-A58A WIN10 16GB램,15.6인치,1920x1080,i5-1235U,정보없음,정보없음,인텔,1.3GHz,내장그래픽,UHD Graphics,1,256GB,43Wh,1.8kg,윈도우10(설치),['사무/인강용']
삼성전자,갤럭시북2,NT550XED-K78A,16GB,삼성전자 갤럭시북2 NT550XED-K78A 16GB램,15.6인치,1920x1080,i7-1255U,정보없음,정보없음,인텔,1.7GHz,내장그래픽,UHD Graphics,1,256GB,43Wh,1.8kg,윈도우11홈,['사무/인강용']
삼성전자,갤럭시북2,NT550XEZ-A58A,32GB,삼성전자 갤럭시북2 NT550XEZ-A58A WIN11 32GB램,15.6인치,1920x1080,i5-1235U,정보없음,정보없음,인텔,1.3GHz,내장그래픽,UHD Graphics,1,256GB,43Wh,1.8kg,윈도우11(설치),['사무/인강용']
삼성전자,갤럭시북2,NT550XEZ-A58A,32GB,삼성전자 갤럭시북2 NT550XEZ-A58A WIN10 32GB램,15.6인치,1920x1080,i5-1235U,정보없음,정보없음,인텔,1.3GHz,내장그래픽,UHD Graphics,1,256GB,43Wh,1.8kg,윈도우10(설치),['사무/인강용']
삼성전자,갤럭시북2,NT550XED-KG01G,64GB,삼성전자 갤럭시북2 NT550XED-KG01G 64GB램,15.6인치,1920x1080,i5-1235U,정보없음,정보없음,인텔,1.3GHz,내장그래픽,UHD Graphics,1,512GB,43Wh,1.8kg,윈도우11홈,['사무/인강용']
삼성전자,갤럭시북2 프로,NT950XEV-G51A,16GB,삼성전자 갤럭시북2 프로 NT950XEV-G51A,15.6인치,1920x1080,i5-1240P,정보없음,정보없음,인텔,1.7GHz,외장그래픽,Arc A350M,6core,정보없음,정보없음,1.17kg,정보없음,[]
삼성전자,갤럭시북2 프로,NT930XED-KC51G,16GB,삼성전자 갤럭시북2 프로 NT930XED-KC51G,13.3인치,1920x1080,i5-1240P,정보없음,정보없음,인텔,1.7GHz,내장그래픽,Iris Xe,1,256GB,63Wh,870g,윈도우11홈,"['사무/인강용', '휴대용']"
삼성전자,갤럭시북2 프로,NT950XEE-XL51G,16GB,삼성전자 갤럭시북2 프로 NT950XEE-XL51G,15.6인치,1920x1080,i5-1240P,정보없음,정보없음,인텔,1.7GHz,외장그래픽,Arc A350M,6core,256GB,68Wh,1.17kg,윈도우11홈,"['그래픽작업용', '휴대용']"
삼성전자,갤럭시북2 프로,NT950XED-KC51S,16GB,삼성전자 갤럭시북2 프로 NT950XED-KC51S,15.6인치,1920x1080,i5-1240P,정보없음,정보없음,인텔,1.7GHz,내장그래픽,Iris Xe,1,256GB,68Wh,1.11kg,윈도우11홈,"['사무/인강용', '휴대용']"
삼성전자,갤럭시북2 프로,NT950XEV-G51A,16GB,삼성전자 갤럭시북2 프로 NT950XEV-G51A WIN11,15.6인치,1920x1080,i5-1240P,정보없음,정보없음,인텔,1.7GHz,외장그래픽,Arc A350M,6core,256GB,68Wh,1.17kg,윈도우11(설치),"['그래픽작업용', '휴대용']"
삼성전자,갤럭시북2 프로,NT950XED-KC51G,16GB,삼성전자 갤럭시북2 프로 NT950XED-KC51G,15.6인치,1920x1080,i5-1240P,정보없음,정보없음,인텔,1.7GHz,내장그래픽,Iris Xe,1,256GB,68Wh,1.11kg,윈도우11홈,"['사무/인강용', '휴대용']"
삼성전자,갤럭시북2 프로,NT950XEE-XC71S,16GB,삼성전자 갤럭시북2 프로 NT950XEE-XC71S,15.6인치,1920x1080,i7-1260P,정보없음,정보없음,인텔,2.1GHz,외장그래픽,Arc A350M,6core,512GB,68Wh,1.17kg,윈도우11홈,"['그래픽작업용', '휴대용']"
삼성전자,갤럭시북2 프로,NT950XED-KH58S,8GB,삼성전자 갤럭시북2 프로 NT950XED-KH58S,15.6인치,1920x1080,i5-1240P,정보없음,정보없음,인텔,1.7GHz,내장그래픽,Iris Xe,1,256GB,68Wh,1.11kg,윈도우11홈,"['사무/인강용', '휴대용']"
삼성전자,갤럭시북2 프로,NT950XED-KC58G,8GB,삼성전자 갤럭시북2 프로 NT950XED-KC58G,15.6인치,1920x1080,i5-1240P,정보없음,정보없음,인텔,1.7GHz,내장그래픽,Iris Xe,1,256GB,68Wh,1.11kg,윈도우11홈,"['사무/인강용', '휴대용']"
삼성전자,갤럭시북2 프로,NT950XEW-A51A,16GB,삼성전자 갤럭시북2 프로 NT950XEW-A51A,15.6인치,1920x1080,i5-1240P,정보없음,정보없음,인텔,1.7GHz,내장그래픽,Iris Xe,1,256GB,68Wh,1.11kg,정보없음,"['사무/인강용', '휴대용']"
삼성전자,갤럭시북2 프로,NT950XEE-XC71G,16GB,삼성전자 갤럭시북2 프로 NT950XEE-XC71G,15.6인치,1920x1080,i7-1260P,정보없음,정보없음,인텔,2.1GHz,외장그래픽,Arc A350M,6core,512GB,68Wh,1.17kg,윈도우11홈,"['그래픽작업용', '휴대용']"
삼성전자,갤럭시북2 프로,NT950XEE-XC58S,8GB,삼성전자 갤럭시북2 프로 NT950XEE-XC58S,15.6인치,1920x1080,i5-1240P,정보없음,정보없음,인텔,1.7GHz,외장그래픽,Arc A350M,6core,256GB,68Wh,1.17kg,윈도우11홈,"['그래픽작업용', '휴대용']"
삼성전자,갤럭시북2 프로,NT950XED-K71A,16GB,삼성전자 갤럭시북2 프로 NT950XED-K71A,15.6인치,1920x1080,i7-1260P,정보없음,정보없음,인텔,2.1GHz,내장그래픽,Iris Xe,1,256GB,68Wh,1.11kg,윈도우11홈,"['사무/인강용', '휴대용']"
삼성전자,갤럭시북2 프로,NT950XGK,정보없음,삼성전자 갤럭시북2 프로 NT950XGK U5,15.6인치,1920x1080,코어 울트라5,정보없음,정보없음,인텔,4.5GHz,내장그래픽,Arc,7core,정보없음,정보없음,1.13kg,윈도우11,[]
삼성전자,갤럭시북2 프로,NT950XEE-XC72S,16GB,삼성전자 갤럭시북2 프로 NT950XEE-XC72S,15.6인치,1920x1080,i7-1260P,정보없음,정보없음,인텔,2.1GHz,외장그래픽,Arc A350M,6core,512GB,68Wh,1.17kg,윈도우11홈,"['그래픽작업용', '휴대용']"
삼성전자,갤럭시북2 프로,NT950XED-KC58S,8GB,삼성전자 갤럭시북2 프로 NT950XED-KC58S,15.6인치,1920x1080,i5-1240P,정보없음,정보없음,인텔,1.7GHz,내장그래픽,Iris Xe,1,256GB,68Wh,1.11kg,윈도우11홈,"['사무/인강용', '휴대용']"
삼성전자,갤럭시북2 프로,NT950XED-KH58G,8GB,삼성전자 갤럭시북2 프로 NT950XED-KH58G,15.6인치,1920x1080,i5-1240P,정보없음,정보없음,인텔,1.7GHz,내장그래픽,Iris Xe,1,256GB,68Wh,1.11kg,윈도우11홈,"['사무/인강용', '휴대용']"
삼성전자,갤럭시북2 프로,NT950XEW-A51A,16GB,삼성전자 갤럭시북2 프로 NT950XEW-A51A WIN11,15.6인치,1920x1080,i5-1240P,정보없음,정보없음,인텔,1.7GHz,내장그래픽,Iris Xe,1,256GB,68Wh,1.11kg,윈도우11(설치),"['사무/인강용', '휴대용']"
삼성전자,갤럭시북2 프로,NT930XED-KH58S,8GB,삼성전자 갤럭시북2 프로 NT930XED-KH58S,13.3인치,1920x1080,i5-1240P,정보없음,정보없음,인텔,1.7GHz,내장그래픽,Iris Xe,1,256GB,63Wh,870g,윈도우11홈,"['사무/인강용', '휴대용']"
삼성전자,갤럭시북2 프로,NT950XEE-XD72S,32GB,삼성전자 갤럭시북2 프로 NT950XEE-XD72S,15.6인치,1920x1080,i7-1260P,정보없음,정보없음,인텔,2.1GHz,외장그래픽,Arc A350M,6core,1TB,68Wh,1.17kg,윈도우11홈,"['그래픽작업용', '휴대용']"
삼성전자,갤럭시북2 프로,NT950XEE-XF58S,8GB,삼성전자 갤럭시북2 프로 NT950XEE-XF58S,15.6인치,1920x1080,i5-1240P,정보없음,정보없음,인텔,1.7GHz,외장그래픽,Arc A350M,6core,256GB,68Wh,1.17kg,윈도우11홈,"['그래픽작업용', '휴대용']"
삼성전자,갤럭시북2 프로,NT950XEV-G51A,16GB,삼성전자 갤럭시북2 프로 NT950XEV-G51A WIN10,15.6인치,1920x1080,i5-1240P,정보없음,정보없음,인텔,1.7GHz,외장그래픽,Arc A350M,6core,256GB,68Wh,1.17kg,윈도우10(설치),"['그래픽작업용', '휴대용']"
삼성전자,갤럭시북2 프로,NT950XEE-X71A,16GB,삼성전자 갤럭시북2 프로 NT950XEE-X71A,15.6인치,1920x1080,i7-1260P,정보없음,정보없음,인텔,2.1GHz,외장그래픽,Arc A350M,6core,512GB,68Wh,1.17kg,윈도우11홈,"['그래픽작업용', '휴대용']"
삼성전자,갤럭시북2 프로,NT950XED-KF58S,8GB,삼성전자 갤럭시북2 프로 NT950XED-KF58S,15.6인치,1920x1080,i5-1240P,정보없음,정보없음,인텔,1.7GHz,내장그래픽,Iris Xe,1,256GB,68Wh,1.11kg,윈도우11홈,"['사무/인강용', '휴대용']"
삼성전자,갤럭시북2 프로,NT950XEE-X71AR,32GB,삼성전자 갤럭시북2 프로 NT950XEE-X71AR,15.6인치,1920x1080,i7-1260P,정보없음,정보없음,인텔,2.1GHz,외장그래픽,Arc A350M,6core,1TB,68Wh,1.17kg,윈도우11홈,"['그래픽작업용', '휴대용']"
삼성전자,갤럭시북2 프로,NT950XEW-A51A,16GB,삼성전자 갤럭시북2 프로 NT950XEW-A51A WIN10,15.6인치,1920x1080,i5-1240P,정보없음,정보없음,인텔,1.7GHz,내장그래픽,Iris Xe,1,256GB,68Wh,1.11kg,윈도우10(설치),"['사무/인강용', '휴대용']"
삼성전자,갤럭시북2 프로,NT930XED-KC51S,16GB,삼성전자 갤럭시북2 프로 NT930XED-KC51S,13.3인치,1920x1080,i5-1240P,정보없음,정보없음,인텔,1.7GHz,내장그래픽,Iris Xe,1,256GB,63Wh,870g,윈도우11홈,"['사무/인강용', '휴대용']"
삼성전자,갤럭시북2 프로,NT950XEE-XC58G,8GB,삼성전자 갤럭시북2 프로 NT950XEE-XC58G,15.6인치,1920x1080,i5-1240P,정보없음,정보없음,인텔,1.7GHz,외장그래픽,Arc A350M,6core,256GB,68Wh,1.17kg,윈도우11홈,"['그래픽작업용', '휴대용']"
삼성전자,갤럭시북2 프로,NT930XEW-A51A,16GB,삼성전자 갤럭시북2 프로 NT930XEW-A51A,13.3인치,1920x1080,i5-1240P,정보없음,정보없음,인텔,1.7GHz,내장그래픽,Iris Xe,1,256GB,63Wh,870g,정보없음,"['사무/인강용', '휴대용']"
삼성전자,갤럭시북2 프로,NT950XED-KD72S,32GB,삼성전자 갤럭시북2 프로 NT950XED-KD72S,15.6인치,1920x1080,i7-1260P,정보없음,정보없음,인텔,2.1GHz,내장그래픽,Iris Xe,1,1TB,68Wh,1.11kg,윈도우11홈,"['사무/인강용', '휴대용']"
삼성전자,갤럭시북2 프로,NT950XGK,정보없음,삼성전자 갤럭시북2 프로 NT950XGK U7,15.6인치,1920x1080,코어 울트라7,정보없음,정보없음,인텔,4.8GHz,내장그래픽,Arc,7core,정보없음,정보없음,1.13kg,윈도우11,[]
삼성전자,갤럭시북2 프로,NT950XEE-X51A,16GB,삼성전자 갤럭시북2 프로 NT950XEE-X51A,15.6인치,1920x1080,i5-1240P,정보없음,정보없음,인텔,1.7GHz,외장그래픽,Arc A350M,6core,256GB,68Wh,1.17kg,윈도우11홈,"['그래픽작업용', '휴대용']"
삼성전자,갤럭시북2 프로,NT930XED-KC58S,8GB,삼성전자 갤럭시북2 프로 NT930XED-KC58S,13.3인치,1920x1080,i5-1240P,정보없음,정보없음,인텔,1.7GHz,내장그래픽,Iris Xe,1,256GB,63Wh,870g,윈도우11홈,"['사무/인강용', '휴대용']"
삼성전자,갤럭시북2 프로,NT930XED-K71A,16GB,삼성전자 갤럭시북2 프로 NT930XED-K71A,13.3인치,1920x1080,i7-1260P,정보없음,정보없음,인텔,2.1GHz,내장그래픽,Iris Xe,1,512GB,63Wh,870g,윈도우11홈,"['사무/인강용', '휴대용']"
삼성전자,갤럭시북2 프로,NT950XED-K51A,16GB,삼성전자 갤럭시북2 프로 NT950XED-K51A,15.6인치,1920x1080,i5-1240P,정보없음,정보없음,인텔,1.7GHz,내장그래픽,Iris Xe,1,256GB,68Wh,1.11kg,윈도우11홈,"['사무/인강용', '휴대용']"
삼성전자,갤럭시북2 프로,NT950XED-KD72G,32GB,삼성전자 갤럭시북2 프로 NT950XED-KD72G,15.6인치,1920x1080,i7-1260P,정보없음,정보없음,인텔,2.1GHz,내장그래픽,Iris Xe,1,1TB,68Wh,1.11kg,윈도우11홈,"['사무/인강용', '휴대용']"
삼성전자,갤럭시북2 프로,NT950XEE-XD72G,32GB,삼성전자 갤럭시북2 프로 NT950XEE-XD72G,15.6인치,1920x1080,i7-1260P,정보없음,정보없음,인텔,2.1GHz,외장그래픽,Arc A350M,6core,1TB,68Wh,1.17kg,윈도우11홈,"['그래픽작업용', '휴대용']"
삼성전자,갤럭시북2 프로 5G,NT955XED-KC51G,16GB,삼성전자 갤럭시북2 프로 5G NT955XED-KC51G,15.6인치,1920x1080,i5-1240P,정보없음,정보없음,인텔,1.7GHz,내장그래픽,Iris Xe,1,256GB,68Wh,1.16kg,윈도우11홈,"['사무/인강용', '휴대용']"
삼성전자,갤럭시북2 프로360,NT950QED-K71AR,32GB,삼성전자 갤럭시북2 프로360 NT950QED-K71AR,15.6인치,1920x1080,i7-1260P,정보없음,정보없음,인텔,2.1GHz,내장그래픽,Iris Xe,1,1TB,68Wh,1.41kg,윈도우11홈,"['사무/인강용', '휴대용']"
삼성전자,갤럭시북2 프로360,NT950QED-KC51G,16GB,삼성전자 갤럭시북2 프로360 NT950QED-KC51G,15.6인치,1920x1080,i5-1240P,정보없음,정보없음,인텔,1.7GHz,내장그래픽,Iris Xe,1,256GB,68Wh,1.41kg,윈도우11홈,"['사무/인강용', '휴대용']"
삼성전자,갤럭시북2 프로360,NT950QED-K71A,16GB,삼성전자 갤럭시북2 프로360 NT950QED-K71A,15.6인치,1920x1080,i7-1260P,정보없음,정보없음,인텔,2.1GHz,내장그래픽,Iris Xe,1,512GB,68Wh,1.41kg,윈도우11홈,"['사무/인강용', '휴대용']"
삼성전자,갤럭시북2 프로360,NT950QED-KC71G,16GB,삼성전자 갤럭시북2 프로360 NT950QED-KC71G,15.6인치,1920x1080,i7-1260P,정보없음,정보없음,인텔,2.1GHz,내장그래픽,Iris Xe,1,512GB,68Wh,1.41kg,윈도우11홈,"['사무/인강용', '휴대용']"
삼성전자,갤럭시북2 프로360,NT950QED-KC51S,16GB,삼성전자 갤럭시북2 프로360 NT950QED-KC51S,15.6인치,1920x1080,i5-1240P,정보없음,정보없음,인텔,1.7GHz,내장그래픽,Iris Xe,1,256GB,68Wh,1.41kg,윈도우11홈,"['사무/인강용', '휴대용']"
삼성전자,갤럭시북2 프로360,NT950QED-KC71D,16GB,삼성전자 갤럭시북2 프로360 NT950QED-KC71D,15.6인치,1920x1080,i7-1260P,정보없음,정보없음,인텔,2.1GHz,내장그래픽,Iris Xe,1,512GB,68Wh,1.41kg,윈도우11홈,"['사무/인강용', '휴대용']"
삼성전자,갤럭시북2 프로360,NT950QED-KF51S,16GB,삼성전자 갤럭시북2 프로360 NT950QED-KF51S,15.6인치,1920x1080,i5-1240P,정보없음,정보없음,인텔,1.7GHz,내장그래픽,Iris Xe,1,256GB,68Wh,1.41kg,윈도우11홈,"['사무/인강용', '휴대용']"
삼성전자,갤럭시북2 프로360,NT930QED-KC51D,16GB,삼성전자 갤럭시북2 프로360 NT930QED-KC51D,13.3인치,1920x1080,i5-1240P,정보없음,정보없음,인텔,1.7GHz,내장그래픽,Iris Xe,1,256GB,63Wh,1.04kg,윈도우11홈,"['사무/인강용', '휴대용']"
삼성전자,갤럭시북2 프로360,NT950QED-KC71S,16GB,삼성전자 갤럭시북2 프로360 NT950QED-KC71S,15.6인치,1920x1080,i7-1260P,정보없음,정보없음,인텔,2.1GHz,내장그래픽,Iris Xe,1,512GB,68Wh,1.41kg,윈도우11홈,"['사무/인강용', '휴대용']"
삼성전자,갤럭시북2 프로360,NT950QED-KD72S,32GB,삼성전자 갤럭시북2 프로360 NT950QED-KD72S,15.6인치,1920x1080,i7-1260P,정보없음,정보없음,인텔,2.1GHz,내장그래픽,Iris Xe,1,1TB,68Wh,1.41kg,윈도우11홈,"['사무/인강용', '휴대용']"
삼성전자,갤럭시북2 프로360,NT950QED-KD72D,32GB,삼성전자 갤럭시북2 프로360 NT950QED-KD72D,15.6인치,1920x1080,i7-1260P,정보없음,정보없음,인텔,2.1GHz,내장그래픽,Iris Xe,1,1TB,68Wh,1.41kg,윈도우11홈,"['사무/인강용', '휴대용']"
삼성전자,갤럭시북2 프로360,NT950QED-KF51G,16GB,삼성전자 갤럭시북2 프로360 NT950QED-KF51G,15.6인치,1920x1080,i5-1240P,정보없음,정보없음,인텔,1.7GHz,내장그래픽,Iris Xe,1,256GB,68Wh,1.41kg,윈도우11홈,"['사무/인강용', '휴대용']"
삼성전자,갤럭시북2 프로360,NT930QED-KC51S,16GB,삼성전자 갤럭시북2 프로360 NT930QED-KC51S,13.3인치,1920x1080,i5-1240P,정보없음,정보없음,인텔,1.7GHz,내장그래픽,Iris Xe,1,256GB,63Wh,1.04kg,윈도우11홈,"['사무/인강용', '휴대용']"
삼성전자,갤럭시북2 프로360,NT930QED-K71A,16GB,삼성전자 갤럭시북2 프로360 NT930QED-K71A,13.3인치,1920x1080,i7-1260P,정보없음,정보없음,인텔,2.1GHz,내장그래픽,Iris Xe,1,512GB,63Wh,1.04kg,윈도우11홈,"['사무/인강용', '휴대용']"
삼성전자,갤럭시북2 프로360,NT950QED-KC72G,16GB,삼성전자 갤럭시북2 프로360 NT950QED-KC72G,15.6인치,1920x1080,i7-1260P,정보없음,정보없음,인텔,2.1GHz,내장그래픽,Iris Xe,1,512GB,68Wh,1.41kg,윈도우11홈,"['사무/인강용', '휴대용']"
삼성전자,갤럭시북2 프로360,NT930QED-KD71S,16GB,삼성전자 갤럭시북2 프로360 NT930QED-KD71S,13.3인치,1920x1080,i7-1260P,정보없음,정보없음,인텔,2.1GHz,내장그래픽,Iris Xe,1,1TB,63Wh,1.04kg,윈도우11홈,"['사무/인강용', '휴대용']"
삼성전자,갤럭시북2 프로360,NT930QEW-A51A,16GB,삼성전자 갤럭시북2 프로360 NT930QEW-A51A,13.3인치,1920x1080,i5-1240P,정보없음,정보없음,인텔,1.7GHz,내장그래픽,Iris Xe,1,256GB,63Wh,1.04kg,정보없음,"['사무/인강용', '휴대용']"
삼성전자,갤럭시북2 프로360,NT930QED-KD71G,16GB,삼성전자 갤럭시북2 프로360 NT930QED-KD71G,13.3인치,1920x1080,i7-1260P,정보없음,정보없음,인텔,2.1GHz,내장그래픽,Iris Xe,1,1TB,63Wh,1.04kg,윈도우11홈,"['사무/인강용', '휴대용']"
삼성전자,갤럭시북2 프로360,NT950QEW-A51A,16GB,삼성전자 갤럭시북2 프로360 NT950QEW-A51A,15.6인치,1920x1080,i5-1240P,정보없음,정보없음,인텔,1.7GHz,내장그래픽,Iris Xe,1,256GB,68Wh,1.41kg,정보없음,"['사무/인강용', '휴대용']"
삼성전자,갤럭시북2 프로360,NT950QED-KD72G,32GB,삼성전자 갤럭시북2 프로360 NT950QED-KD72G,15.6인치,1920x1080,i7-1260P,정보없음,정보없음,인텔,2.1GHz,내장그래픽,Iris Xe,1,1TB,68Wh,1.41kg,윈도우11홈,"['사무/인강용', '휴대용']"
삼성전자,갤럭시북2 프로360,NT930QED-KC51G,16GB,삼성전자 갤럭시북2 프로360 NT930QED-KC51G,13.3인치,1920x1080,i5-1240P,정보없음,정보없음,인텔,1.7GHz,내장그래픽,Iris Xe,1,256GB,63Wh,1.04kg,윈도우11홈,"['사무/인강용', '휴대용']"
삼성전자,갤럭시북2 프로360,NT950QED,정보없음,삼성전자 갤럭시북2 프로360 NT950QED i5,15.6인치,1920x1080,i5-1240P,정보없음,정보없음,인텔,1.7GHz,내장그래픽,Iris Xe,1,정보없음,정보없음,1.41kg,윈도우11프로,[]
삼성전자,갤럭시북2 프로360,NT930QEW-A51A,16GB,삼성전자 갤럭시북2 프로360 NT930QEW-A51A WIN10,13.3인치,1920x1080,i5-1240P,정보없음,정보없음,인텔,1.7GHz,내장그래픽,Iris Xe,1,256GB,63Wh,1.04kg,윈도우10(설치),"['사무/인강용', '휴대용']"
삼성전자,갤럭시북2 프로360,NT950QED,16GB,삼성전자 갤럭시북2 프로360 NT950QED i5 16G,15.6인치,1920x1080,i5-1240P,정보없음,정보없음,인텔,1.7GHz,내장그래픽,Iris Xe,1,256GB,68Wh,1.41kg,윈도우11프로,"['사무/인강용', '휴대용']"
삼성전자,갤럭시북2 프로360,NT950QEW-A51A,16GB,삼성전자 갤럭시북2 프로360 NT950QEW-A51A WIN11,15.6인치,1920x1080,i5-1240P,정보없음,정보없음,인텔,1.7GHz,내장그래픽,Iris Xe,1,256GB,68Wh,1.41kg,윈도우11(설치),"['사무/인강용', '휴대용']"
삼성전자,갤럭시북2 프로360,NT950QED,정보없음,삼성전자 갤럭시북2 프로360 NT950QED i7,15.6인치,1920x1080,i7-1260P,정보없음,정보없음,인텔,2.1GHz,내장그래픽,Iris Xe,1,정보없음,정보없음,1.41kg,윈도우11프로,[]
삼성전자,갤럭시북2 프로360,NT950QEW-A51A,16GB,삼성전자 갤럭시북2 프로360 NT950QEW-A51A WIN10,15.6인치,1920x1080,i5-1240P,정보없음,정보없음,인텔,1.7GHz,내장그래픽,Iris Xe,1,256GB,68Wh,1.41kg,윈도우10(설치),"['사무/인강용', '휴대용']"
삼성전자,갤럭시북2 프로360,NT930QEW-A51A,16GB,삼성전자 갤럭시북2 프로360 NT930QEW-A51A WIN11,13.3인치,1920x1080,i5-1240P,정보없음,정보없음,인텔,1.7GHz,내장그래픽,Iris Xe,1,256GB,63Wh,1.04kg,윈도우11(설치),"['사무/인강용', '휴대용']"
삼성전자,갤럭시북3,NT750XFT-A71A,16GB,삼성전자 갤럭시북3 NT750XFT-A71A WIN11,15.6인치,1920x1080,i7-1355U,정보없음,정보없음,인텔,1.7GHz,내장그래픽,Iris Xe,1,256GB,54Wh,1.57kg,윈도우11(설치),['사무/인강용']
삼성전자,갤럭시북3,NT750XFG-KC71G,16GB,삼성전자 갤럭시북3 NT750XFG-KC71G,15.6인치,1920x1080,i7-1355U,정보없음,정보없음,인텔,1.7GHz,내장그래픽,Iris Xe,1,512GB,54Wh,1.57kg,윈도우11홈,['사무/인강용']
삼성전자,갤럭시북3,NT750XFT-A51A,16GB,삼성전자 갤럭시북3 NT750XFT-A51A,15.6인치,1920x1080,i5-1335U,정보없음,정보없음,인텔,1.3GHz,내장그래픽,Iris Xe,1,256GB,54Wh,1.57kg,정보없음,['사무/인강용']
삼성전자,갤럭시북3,NT750XFG,정보없음,삼성전자 갤럭시북3 NT750XFG i7,15.6인치,1920x1080,i7-1355U,정보없음,정보없음,인텔,1.7GHz,내장그래픽,Iris Xe,1,정보없음,정보없음,1.57kg,윈도우11프로,[]
삼성전자,갤럭시북3,NT750XFT-A51A,16GB,삼성전자 갤럭시북3 NT750XFT-A51A WIN11,15.6인치,1920x1080,i5-1335U,정보없음,정보없음,인텔,1.3GHz,내장그래픽,Iris Xe,1,256GB,54Wh,1.57kg,윈도우11(설치),['사무/인강용']
삼성전자,갤럭시북3,NT750XFG-KC51S,16GB,삼성전자 갤럭시북3 NT750XFG-KC51S,15.6인치,1920x1080,i5-1335U,정보없음,정보없음,인텔,1.3GHz,내장그래픽,Iris Xe,1,256GB,54Wh,1.57kg,윈도우11홈,['사무/인강용']
삼성전자,갤럭시북3,NT750XFT-A71A,16GB,삼성전자 갤럭시북3 NT750XFT-A71A,15.6인치,1920x1080,i7-1355U,정보없음,정보없음,인텔,1.7GHz,내장그래픽,Iris Xe,1,512GB,54Wh,1.57kg,정보없음,[]
삼성전자,갤럭시북3,NT750XFG-KC58S,8GB,삼성전자 갤럭시북3 NT750XFG-KC58S,15.6인치,1920x1080,i5-1335U,정보없음,정보없음,인텔,1.3GHz,내장그래픽,Iris Xe,1,256GB,54Wh,1.57kg,윈도우11홈,['사무/인강용']
삼성전자,갤럭시북3,NT750XFG-KH29S,8GB,삼성전자 갤럭시북3 NT750XFG-KH29S,15.6인치,1920x1080,정보없음,정보없음,정보없음,인텔,1.2GHz,내장그래픽,UHD Graphics,1,512GB,54Wh,1.57kg,윈도우11홈,['사무/인강용']
삼성전자,갤럭시북3,NT750XFG-KC71S,16GB,삼성전자 갤럭시북3 NT750XFG-KC71S,15.6인치,1920x1080,i7-1355U,정보없음,정보없음,인텔,1.7GHz,내장그래픽,Iris Xe,1,512GB,54Wh,1.57kg,윈도우11홈,['사무/인강용']
삼성전자,갤럭시북3,NT750XFG-KH39G,8GB,삼성전자 갤럭시북3 NT750XFG-KH39G,15.6인치,1920x1080,i3-1315U,정보없음,정보없음,인텔,1.2GHz,내장그래픽,UHD Graphics,1,512GB,54Wh,1.57kg,윈도우11홈,['사무/인강용']
삼성전자,갤럭시북3,NT750XFG-KH38S,8GB,삼성전자 갤럭시북3 NT750XFG-KH38S,15.6인치,1920x1080,i3-1315U,정보없음,정보없음,인텔,1.2GHz,내장그래픽,UHD Graphics,1,256GB,54Wh,1.57kg,윈도우11홈,['사무/인강용']
삼성전자,갤럭시북3,NT750XFG-KC58G,8GB,삼성전자 갤럭시북3 NT750XFG-KC58G,15.6인치,1920x1080,i5-1335U,정보없음,정보없음,인텔,1.3GHz,내장그래픽,Iris Xe,1,256GB,54Wh,1.57kg,윈도우11홈,['사무/인강용']
삼성전자,갤럭시북3,NT750XFG-KC38S,8GB,삼성전자 갤럭시북3 NT750XFG-KC38S,15.6인치,1920x1080,i3-1315U,정보없음,정보없음,인텔,1.2GHz,내장그래픽,UHD Graphics,1,256GB,54Wh,1.57kg,윈도우11홈,['사무/인강용']
삼성전자,갤럭시북3,NT750XFH-X71A,16GB,삼성전자 갤럭시북3 NT750XFH-X71A,15.6인치,1920x1080,i7-1360P,정보없음,정보없음,인텔,2.2GHz,외장그래픽,Arc A350M,6core,512GB,54Wh,1.6kg,윈도우11홈,['그래픽작업용']
삼성전자,갤럭시북3,NT750XFG-KH28S,8GB,삼성전자 갤럭시북3 NT750XFG-KH28S,15.6인치,1920x1080,정보없음,정보없음,정보없음,인텔,1.2GHz,내장그래픽,UHD Graphics,1,256GB,54Wh,1.57kg,윈도우11홈,['사무/인강용']
삼성전자,갤럭시북3,NT750XFS-G51A,16GB,삼성전자 갤럭시북3 NT750XFS-G51A,15.6인치,1920x1080,i5-1340P,정보없음,정보없음,인텔,1.9GHz,외장그래픽,Arc A350M,6core,256GB,54Wh,1.6kg,정보없음,['사무/인강용']
삼성전자,갤럭시북3,NT750XFH-XC58S,8GB,삼성전자 갤럭시북3 NT750XFH-XC58S,15.6인치,1920x1080,i5-1340P,정보없음,정보없음,인텔,1.9GHz,외장그래픽,Arc A350M,6core,256GB,54Wh,1.6kg,윈도우11홈,['그래픽작업용']
삼성전자,갤럭시북3,NT750XFH-XC51S,16GB,삼성전자 갤럭시북3 NT750XFH-XC51S,15.6인치,1920x1080,i5-1340P,정보없음,정보없음,인텔,1.9GHz,외장그래픽,Arc A350M,6core,256GB,54Wh,1.6kg,윈도우11홈,['그래픽작업용']
삼성전자,갤럭시북3,NT750XFG-KH39S,8GB,삼성전자 갤럭시북3 NT750XFG-KH39S,15.6인치,1920x1080,i3-1315U,정보없음,정보없음,인텔,1.2GHz,내장그래픽,UHD Graphics,1,512GB,54Wh,1.57kg,윈도우11홈,['사무/인강용']
삼성전자,갤럭시북3,NT750XFG-KC51G,16GB,삼성전자 갤럭시북3 NT750XFG-KC51G,15.6인치,1920x1080,i5-1335U,정보없음,정보없음,인텔,1.3GHz,내장그래픽,Iris Xe,1,256GB,54Wh,1.57kg,윈도우11홈,['사무/인강용']
삼성전자,갤럭시북3,NT750XFG-KH29G,8GB,삼성전자 갤럭시북3 NT750XFG-KH29G,15.6인치,1920x1080,정보없음,정보없음,정보없음,인텔,1.2GHz,내장그래픽,UHD Graphics,1,512GB,54Wh,1.57kg,윈도우11홈,['사무/인강용']
삼성전자,갤럭시북3,NT750XFT-A51A,16GB,삼성전자 갤럭시북3 NT750XFT-A51A WIN10,15.6인치,1920x1080,i5-1335U,정보없음,정보없음,인텔,1.3GHz,내장그래픽,Iris Xe,1,256GB,54Wh,1.57kg,윈도우10(설치),['사무/인강용']
삼성전자,갤럭시북3,NT750XFS-G51A,16GB,삼성전자 갤럭시북3 NT750XFS-G51A WIN11,15.6인치,1920x1080,i5-1340P,정보없음,정보없음,인텔,1.9GHz,외장그래픽,Arc A350M,6core,256GB,54Wh,1.6kg,윈도우11(설치),['사무/인강용']
삼성전자,갤럭시북3,NT750XFG-KG51G,16GB,삼성전자 갤럭시북3 NT750XFG-KG51G,15.6인치,1920x1080,i5-1335U,정보없음,정보없음,인텔,1.3GHz,내장그래픽,Iris Xe,1,512GB,54Wh,1.55kg,윈도우11프로,['사무/인강용']
삼성전자,갤럭시북3,NT750XFH,16GB,삼성전자 갤럭시북3 NT750XFH i5 WIN11,15.6인치,1920x1080,i5-1340P,정보없음,정보없음,인텔,1.9GHz,외장그래픽,Arc A350M,6core,256GB,54Wh,1.6kg,윈도우11,['그래픽작업용']
삼성전자,갤럭시북3,NT750XFG-KC38G,8GB,삼성전자 갤럭시북3 NT750XFG-KC38G,15.6인치,1920x1080,i3-1315U,정보없음,정보없음,인텔,1.2GHz,내장그래픽,UHD Graphics,1,256GB,54Wh,1.57kg,윈도우11홈,['사무/인강용']
삼성전자,갤럭시북3,NT750XFH-XP51G,16GB,삼성전자 갤럭시북3 NT750XFH-XP51G,15.6인치,1920x1080,i5-1340P,정보없음,정보없음,인텔,1.9GHz,외장그래픽,Arc A350M,6core,256GB,54Wh,1.6kg,윈도우11홈,['그래픽작업용']
삼성전자,갤럭시북3,NT750XFH,16GB,삼성전자 갤럭시북3 NT750XFH i7 WIN11,15.6인치,1920x1080,i7-1360P,정보없음,정보없음,인텔,2.2GHz,외장그래픽,Arc A350M,6core,256GB,54Wh,1.6kg,윈도우11,['그래픽작업용']
삼성전자,갤럭시북3,NT750XFH-XC51G,16GB,삼성전자 갤럭시북3 NT750XFH-XC51G,15.6인치,1920x1080,i5-1340P,정보없음,정보없음,인텔,1.9GHz,외장그래픽,Arc A350M,6core,256GB,54Wh,1.6kg,윈도우11홈,['그래픽작업용']
삼성전자,갤럭시북3,NT750XFT-A71A,16GB,삼성전자 갤럭시북3 NT750XFT-A71A WIN10,15.6인치,1920x1080,i7-1355U,정보없음,정보없음,인텔,1.7GHz,내장그래픽,Iris Xe,1,256GB,54Wh,1.57kg,윈도우10(설치),['사무/인강용']
삼성전자,갤럭시북3,NT750XFG-KF51G,16GB,삼성전자 갤럭시북3 NT750XFG-KF51G,15.6인치,1920x1080,i5-1335U,정보없음,정보없음,인텔,1.3GHz,내장그래픽,Iris Xe,1,256GB,54Wh,1.57kg,윈도우11홈,['사무/인강용']
삼성전자,갤럭시북3,NT750XFG-KF51S,16GB,삼성전자 갤럭시북3 NT750XFG-KF51S,15.6인치,1920x1080,i5-1335U,정보없음,정보없음,인텔,1.3GHz,내장그래픽,Iris Xe,1,256GB,54Wh,1.57kg,윈도우11홈,['사무/인강용']
삼성전자,갤럭시북3 360,NT750QFG-K71AS,16GB,삼성전자 갤럭시북3 360 NT750QFG-K71AS,15.6인치,1920x1080,i7-1360P,정보없음,정보없음,인텔,2.2GHz,내장그래픽,Iris Xe,1,512GB,68Wh,1.46kg,윈도우11홈,['사무/인강용']
삼성전자,갤럭시북3 360,NT750QFG-KP71G,16GB,삼성전자 갤럭시북3 360 NT750QFG-KP71G,15.6인치,1920x1080,i7-1360P,정보없음,정보없음,인텔,2.2GHz,내장그래픽,Iris Xe,1,512GB,68Wh,1.46kg,윈도우11홈,['사무/인강용']
삼성전자,갤럭시북3 360,NT750QFT-A51A,16GB,삼성전자 갤럭시북3 360 NT750QFT-A51A WIN11,15.6인치,1920x1080,i5-1340P,정보없음,정보없음,인텔,1.9GHz,내장그래픽,Iris Xe,1,256GB,68Wh,1.46kg,윈도우11(설치),['사무/인강용']
삼성전자,갤럭시북3 360,NT750QFT-A51A,16GB,삼성전자 갤럭시북3 360 NT750QFT-A51A,15.6인치,1920x1080,i5-1340P,정보없음,정보없음,인텔,1.9GHz,내장그래픽,Iris Xe,1,256GB,68Wh,1.46kg,정보없음,['사무/인강용']
삼성전자,갤럭시북3 360,NT750QFG-KC51S,16GB,삼성전자 갤럭시북3 360 NT750QFG-KC51S,15.6인치,1920x1080,i5-1340P,정보없음,정보없음,인텔,1.9GHz,내장그래픽,Iris Xe,1,256GB,68Wh,1.46kg,윈도우11홈,['사무/인강용']
삼성전자,갤럭시북3 360,NT750QFG-KH51S,16GB,삼성전자 갤럭시북3 360 NT750QFG-KH51S,15.6인치,1920x1080,i5-1340P,정보없음,정보없음,인텔,1.9GHz,내장그래픽,Iris Xe,1,256GB,68Wh,1.46kg,윈도우11홈,['사무/인강용']
삼성전자,갤럭시북3 360,NT750QFG-KH51G,16GB,삼성전자 갤럭시북3 360 NT750QFG-KH51G,15.6인치,1920x1080,i5-1340P,정보없음,정보없음,인텔,1.9GHz,내장그래픽,Iris Xe,1,256GB,68Wh,1.46kg,윈도우11홈,['사무/인강용']
삼성전자,갤럭시북3 360,NT750QFG-KP51S,16GB,삼성전자 갤럭시북3 360 NT750QFG-KP51S,15.6인치,1920x1080,i5-1340P,정보없음,정보없음,인텔,1.9GHz,내장그래픽,Iris Xe,1,512GB,68Wh,1.46kg,윈도우11홈,['사무/인강용']
삼성전자,갤럭시북3 360,NT730QFG-KP51S,16GB,삼성전자 갤럭시북3 360 NT730QFG-KP51S,13.3인치,1920x1080,i5-1340P,정보없음,정보없음,인텔,1.9GHz,내장그래픽,Iris Xe,1,512GB,정보없음,1.16kg,윈도우11홈,"['사무/인강용', '휴대용']"
삼성전자,갤럭시북3 360,NT750QFG-KC51G,16GB,삼성전자 갤럭시북3 360 NT750QFG-KC51G,15.6인치,1920x1080,i5-1340P,정보없음,정보없음,인텔,1.9GHz,내장그래픽,Iris Xe,1,256GB,68Wh,1.46kg,윈도우11홈,['사무/인강용']
삼성전자,갤럭시북3 360,NT730QFG-KC51S,16GB,삼성전자 갤럭시북3 360 NT730QFG-KC51S,13.3인치,1920x1080,i5-1340P,정보없음,정보없음,인텔,1.9GHz,내장그래픽,Iris Xe,1,256GB,정보없음,1.16kg,윈도우11홈,"['사무/인강용', '휴대용']"
삼성전자,갤럭시북3 360,NT730QFG-K71A,16GB,삼성전자 갤럭시북3 360 NT730QFG-K71A,13.3인치,1920x1080,i7-1360P,정보없음,정보없음,인텔,2.2GHz,내장그래픽,Iris Xe,1,512GB,정보없음,1.16kg,윈도우11홈,"['사무/인강용', '휴대용']"
삼성전자,갤럭시북3 360,NT750QFG-KC71G,16GB,삼성전자 갤럭시북3 360 NT750QFG-KC71G,15.6인치,1920x1080,i7-1360P,정보없음,정보없음,인텔,2.2GHz,내장그래픽,Iris Xe,1,512GB,68Wh,1.46kg,윈도우11홈,['사무/인강용']
삼성전자,갤럭시북3 360,NT750QFG-KD72G,32GB,삼성전자 갤럭시북3 360 NT750QFG-KD72G,15.6인치,1920x1080,i7-1360P,정보없음,정보없음,인텔,2.2GHz,내장그래픽,Iris Xe,1,1TB,68Wh,1.46kg,윈도우11홈,['사무/인강용']
삼성전자,갤럭시북3 360,NT750QFG-KP70G,16GB,삼성전자 갤럭시북3 360 NT750QFG-KP70G,15.6인치,1920x1080,i7-1360P,정보없음,정보없음,인텔,2.2GHz,내장그래픽,Iris Xe,1,256GB,68Wh,1.46kg,윈도우11홈,['사무/인강용']
삼성전자,갤럭시북3 360,NT750QFT-A51A,16GB,삼성전자 갤럭시북3 360 NT750QFT-A51A WIN10,15.6인치,1920x1080,i5-1340P,정보없음,정보없음,인텔,1.9GHz,내장그래픽,Iris Xe,1,256GB,68Wh,1.46kg,윈도우10(설치),['사무/인강용']
삼성전자,갤럭시북3 360,NT750QFG-KM58S,8GB,삼성전자 갤럭시북3 360 NT750QFG-KM58S,15.6인치,1920x1080,i5-1340P,정보없음,정보없음,인텔,1.9GHz,내장그래픽,Iris Xe,1,256GB,68Wh,1.46kg,윈도우11홈,['사무/인강용']
삼성전자,갤럭시북3 360,NT730QFT-A51A,16GB,삼성전자 갤럭시북3 360 NT730QFT-A51A,13.3인치,1920x1080,i5-1340P,정보없음,정보없음,인텔,1.9GHz,내장그래픽,Iris Xe,1,256GB,정보없음,1.16kg,정보없음,"['사무/인강용', '휴대용']"
삼성전자,갤럭시북3 360,NT750QFG-KD72S,32GB,삼성전자 갤럭시북3 360 NT750QFG-KD72S,15.6인치,1920x1080,i7-1360P,정보없음,정보없음,인텔,2.2GHz,내장그래픽,Iris Xe,1,1TB,68Wh,1.46kg,윈도우11홈,['사무/인강용']
삼성전자,갤럭시북3 360,NT730QFG-KH51S,16GB,삼성전자 갤럭시북3 360 NT730QFG-KH51S,13.3인치,1920x1080,i5-1340P,정보없음,정보없음,인텔,1.9GHz,내장그래픽,Iris Xe,1,256GB,정보없음,1.16kg,윈도우11홈,"['사무/인강용', '휴대용']"
삼성전자,갤럭시북3 고 5G,NT345XPA-KC04S,4GB,삼성전자 갤럭시북3 고 5G NT345XPA-KC04S,14인치,1920x1080,정보없음,정보없음,정보없음,퀄컴,정보없음,내장그래픽,Adreno,1,128GB,정보없음,1.43kg,윈도우11홈,"['사무/인강용', '휴대용']"
삼성전자,갤럭시북3 고 5G,NT345XPA-K14A,정보없음,삼성전자 갤럭시북3 고 5G NT345XPA-K14A,14인치,1920x1080,정보없음,정보없음,정보없음,퀄컴,정보없음,내장그래픽,Adreno,1,정보없음,정보없음,1.43kg,윈도우11홈,[]
삼성전자,갤럭시북3 울트라,NT960XFH-X92A,32GB,삼성전자 갤럭시북3 울트라 NT960XFH-X92A,16인치,2880x1800,i9-13900H,정보없음,120Hz,인텔,2.6GHz,외장그래픽,RTX4070,1,1TB,76Wh,1.79kg,윈도우11홈,"['게임용', '그래픽작업용']"
삼성전자,갤럭시북3 울트라,NT960XFH-XD92G,32GB,삼성전자 갤럭시북3 울트라 NT960XFH-XD92G,16인치,2880x1800,i9-13900H,400nit,120Hz,인텔,2.6GHz,외장그래픽,RTX4070,1,1TB,76Wh,1.79kg,윈도우11홈,"['게임용', '그래픽작업용']"
삼성전자,갤럭시북3 울트라,NT960XFH-XD72G,32GB,삼성전자 갤럭시북3 울트라 NT960XFH-XD72G,16인치,2880x1800,i7-13700H,400nit,120Hz,인텔,2.4GHz,외장그래픽,RTX4050,1,1TB,76Wh,1.79kg,윈도우11홈,"['게임용', '그래픽작업용']"
삼성전자,갤럭시북3 울트라,NT960XFH-X72A,32GB,삼성전자 갤럭시북3 울트라 NT960XFH-X72A,16인치,2880x1800,i7-13700H,정보없음,120Hz,인텔,2.4GHz,외장그래픽,RTX4050,1,1TB,76Wh,1.79kg,윈도우11홈,"['게임용', '그래픽작업용']"
삼성전자,갤럭시북3 울트라,NT960XFS-G72A,32GB,삼성전자 갤럭시북3 울트라 NT960XFS-G72A,16인치,2880x1800,i7-13700H,정보없음,120Hz,인텔,2.4GHz,외장그래픽,RTX4050,1,512GB,76Wh,1.79kg,정보없음,"['게임용', '그래픽작업용']"
삼성전자,갤럭시북3 울트라,NT960XFS-G72A,32GB,삼성전자 갤럭시북3 울트라 NT960XFS-G72A WIN11,16인치,2880x1800,i7-13700H,정보없음,120Hz,인텔,2.4GHz,외장그래픽,RTX4050,1,512GB,76Wh,1.79kg,윈도우11(설치),"['게임용', '그래픽작업용']"
삼성전자,갤럭시북3 울트라,NT960XFH-XC70G,16GB,삼성전자 갤럭시북3 울트라 NT960XFH-XC70G,16인치,2880x1800,i7-13700H,정보없음,120Hz,인텔,2.4GHz,외장그래픽,RTX4050,1,512GB,76Wh,1.79kg,윈도우11홈,"['게임용', '그래픽작업용']"
삼성전자,갤럭시북3 울트라,NT960XFH-XC71G,16GB,삼성전자 갤럭시북3 울트라 NT960XFH-XC71G,16인치,2880x1800,i7-13700H,정보없음,120Hz,인텔,2.4GHz,외장그래픽,RTX4050,1,1TB,76Wh,1.79kg,윈도우11홈,"['게임용', '그래픽작업용']"
삼성전자,갤럭시북3 울트라,NT960XFH-XD90G,32GB,삼성전자 갤럭시북3 울트라 NT960XFH-XD90G,16인치,2880x1800,i9-13900H,정보없음,120Hz,인텔,2.6GHz,외장그래픽,RTX4070,1,512GB,76Wh,1.79kg,윈도우11홈,"['게임용', '그래픽작업용']"
삼성전자,갤럭시북3 울트라,NT960XFS,32GB,삼성전자 갤럭시북3 울트라 NT960XFS i7 WIN11,16인치,2880x1800,i7-13700H,정보없음,120Hz,인텔,2.4GHz,외장그래픽,RTX4050,1,512GB,76Wh,1.79kg,윈도우11(설치),"['게임용', '그래픽작업용']"
삼성전자,갤럭시북3 울트라,NT960XFH-XD70G,32GB,삼성전자 갤럭시북3 울트라 NT960XFH-XD70G,16인치,2880x1800,i7-13700H,정보없음,120Hz,인텔,2.4GHz,외장그래픽,RTX4050,1,512GB,76Wh,1.79kg,윈도우11홈,"['게임용', '그래픽작업용']"
삼성전자,갤럭시북3 울트라,NT960XFS,32GB,삼성전자 갤럭시북3 울트라 NT960XFS i7,16인치,2880x1800,i7-13700H,정보없음,120Hz,인텔,2.4GHz,외장그래픽,RTX4050,1,512GB,76Wh,1.79kg,정보없음,"['게임용', '그래픽작업용']"
삼성전자,갤럭시북3 울트라,NT961XFH,32GB,삼성전자 갤럭시북3 울트라 NT961XFH i7 WIN11,16인치,2880x1800,i7-13700H,정보없음,120Hz,인텔,2.4GHz,외장그래픽,RTX4050,1,512GB,76Wh,1.79kg,윈도우11프로,"['게임용', '그래픽작업용']"
삼성전자,갤럭시북3 울트라,NT960XFS-G72A,32GB,삼성전자 갤럭시북3 울트라 NT960XFS-G72A WIN10,16인치,2880x1800,i7-13700H,정보없음,120Hz,인텔,2.4GHz,외장그래픽,RTX4050,1,512GB,76Wh,1.79kg,윈도우10(설치),"['게임용', '그래픽작업용']"
삼성전자,갤럭시북3 울트라,NT960XFH,32GB,삼성전자 갤럭시북3 울트라 NT960XFH i7 WIN11,16인치,2880x1800,i7-13700H,정보없음,120Hz,인텔,2.4GHz,외장그래픽,RTX4050,1,256GB,76Wh,1.79kg,윈도우11,"['게임용', '그래픽작업용']"
삼성전자,갤럭시북3 울트라,NT960XFH,32GB,삼성전자 갤럭시북3 울트라 NT960XFH i9 WIN11,16인치,2880x1800,i9-13900H,정보없음,120Hz,인텔,2.6GHz,외장그래픽,RTX4070,1,256GB,76Wh,1.79kg,윈도우11,"['게임용', '그래픽작업용']"
삼성전자,갤럭시북3 프로,NT940XFG-KC51G,16GB,삼성전자 갤럭시북3 프로 NT940XFG-KC51G,14인치,2880x1800,i5-1340P,400nit,120Hz,인텔,1.9GHz,내장그래픽,Iris Xe,1,256GB,63Wh,1.17kg,윈도우11홈,"['사무/인강용', '휴대용']"
삼성전자,갤럭시북3 프로,NT940XFT-A51A,16GB,삼성전자 갤럭시북3 프로 NT940XFT-A51A,14인치,2880x1800,i5-1340P,400nit,120Hz,인텔,1.9GHz,내장그래픽,Iris Xe,1,256GB,63Wh,1.17kg,정보없음,[]
삼성전자,갤럭시북3 프로,NT960XFG-K71A,16GB,삼성전자 갤럭시북3 프로 NT960XFG-K71A,16인치,2880x1800,i7-1360P,400nit,120Hz,인텔,2.2GHz,내장그래픽,Iris Xe,1,512GB,76Wh,1.56kg,윈도우11홈,[]
삼성전자,갤럭시북3 프로,NT960XFT-A51A,16GB,삼성전자 갤럭시북3 프로 NT960XFT-A51A,16인치,2880x1800,i5-1340P,400nit,120Hz,인텔,1.9GHz,내장그래픽,Iris Xe,1,256GB,76Wh,1.56kg,정보없음,['사무/인강용']
삼성전자,갤럭시북3 프로,NT940XFG-KC51E,16GB,삼성전자 갤럭시북3 프로 NT940XFG-KC51E,14인치,2880x1800,i5-1340P,400nit,120Hz,인텔,1.9GHz,내장그래픽,Iris Xe,1,256GB,63Wh,1.17kg,윈도우11홈,"['사무/인강용', '휴대용']"
삼성전자,갤럭시북3 프로,NT960XFG-KC71G,16GB,삼성전자 갤럭시북3 프로 NT960XFG-KC71G,16인치,2880x1800,i7-1360P,400nit,120Hz,인텔,2.2GHz,내장그래픽,Iris Xe,1,512GB,76Wh,1.56kg,윈도우11홈,['사무/인강용']
삼성전자,갤럭시북3 프로,NT960XFG-KC71E,16GB,삼성전자 갤럭시북3 프로 NT960XFG-KC71E,16인치,2880x1800,i7-1360P,400nit,120Hz,인텔,2.2GHz,내장그래픽,Iris Xe,1,512GB,76Wh,1.56kg,윈도우11홈,['사무/인강용']
삼성전자,갤럭시북3 프로,NT940XFG-K71A,16GB,삼성전자 갤럭시북3 프로 NT940XFG-K71A,14인치,2880x1800,i7-1360P,400nit,120Hz,인텔,2.2GHz,내장그래픽,Iris Xe,1,512GB,63Wh,1.17kg,윈도우11홈,"['사무/인강용', '휴대용']"
삼성전자,갤럭시북3 프로,NT940XFT-A51A,16GB,삼성전자 갤럭시북3 프로 NT940XFT-A51A WIN11,14인치,2880x1800,i5-1340P,400nit,120Hz,인텔,1.9GHz,내장그래픽,Iris Xe,1,256GB,63Wh,1.17kg,윈도우11(설치),"['사무/인강용', '휴대용']"
삼성전자,갤럭시북3 프로,NT960XFG-KC51E,16GB,삼성전자 갤럭시북3 프로 NT960XFG-KC51E,16인치,2880x1800,i5-1340P,400nit,120Hz,인텔,1.9GHz,내장그래픽,Iris Xe,1,256GB,76Wh,1.56kg,윈도우11홈,['사무/인강용']
삼성전자,갤럭시북3 프로,NT960XFG-KC51G,16GB,삼성전자 갤럭시북3 프로 NT960XFG-KC51G,16인치,2880x1800,i5-1340P,400nit,120Hz,인텔,1.9GHz,내장그래픽,Iris Xe,1,256GB,76Wh,1.56kg,윈도우11홈,['사무/인강용']
삼성전자,갤럭시북3 프로,NT960XFT-A51A,16GB,삼성전자 갤럭시북3 프로 NT960XFT-A51A WIN11,16인치,2880x1800,i5-1340P,400nit,120Hz,인텔,1.9GHz,내장그래픽,Iris Xe,1,256GB,76Wh,1.56kg,윈도우11(설치),['사무/인강용']
삼성전자,갤럭시북3 프로,NT960XFG-KH51E,16GB,삼성전자 갤럭시북3 프로 NT960XFG-KH51E,16인치,2880x1800,i5-1340P,400nit,120Hz,인텔,1.9GHz,내장그래픽,Iris Xe,1,256GB,76Wh,1.56kg,윈도우11홈,['사무/인강용']
삼성전자,갤럭시북3 프로,NT940XFG-KH51E,16GB,삼성전자 갤럭시북3 프로 NT940XFG-KH51E,14인치,2880x1800,i5-1340P,400nit,120Hz,인텔,1.9GHz,내장그래픽,Iris Xe,1,256GB,63Wh,1.17kg,윈도우11홈,"['사무/인강용', '휴대용']"
삼성전자,갤럭시북3 프로,NT960XFT-A51AR,32GB,삼성전자 갤럭시북3 프로 NT960XFT-A51AR,16인치,2880x1800,i5-1340P,400nit,120Hz,인텔,1.9GHz,내장그래픽,Iris Xe,1,512GB,76Wh,1.56kg,정보없음,['사무/인강용']
삼성전자,갤럭시북3 프로,NT940XFG-KD72E,32GB,삼성전자 갤럭시북3 프로 NT940XFG-KD72E,14인치,2880x1800,i7-1360P,400nit,120Hz,인텔,2.2GHz,내장그래픽,Iris Xe,1,1TB,63Wh,1.17kg,윈도우11홈,"['사무/인강용', '휴대용']"
삼성전자,갤럭시북3 프로,NT960XFG-KH51G,16GB,삼성전자 갤럭시북3 프로 NT960XFG-KH51G,16인치,2880x1800,i5-1340P,400nit,120Hz,인텔,1.9GHz,내장그래픽,Iris Xe,1,256GB,76Wh,1.56kg,윈도우11홈,['사무/인강용']
삼성전자,갤럭시북3 프로,NT960XFG-K71AR,32GB,삼성전자 갤럭시북3 프로 NT960XFG-K71AR,16인치,2880x1800,i7-1360P,400nit,120Hz,인텔,2.2GHz,내장그래픽,Iris Xe,1,1TB,76Wh,1.56kg,윈도우11홈,['사무/인강용']
삼성전자,갤럭시북3 프로,NT940XFG-KP51G,16GB,삼성전자 갤럭시북3 프로 NT940XFG-KP51G,14인치,2880x1800,i5-1340P,400nit,120Hz,인텔,1.9GHz,내장그래픽,Iris Xe,1,512GB,63Wh,1.17kg,윈도우11홈,"['사무/인강용', '휴대용']"
삼성전자,갤럭시북3 프로,NT960XFG-KP71G,16GB,삼성전자 갤럭시북3 프로 NT960XFG-KP71G,16인치,2880x1800,i7-1360P,400nit,120Hz,인텔,2.2GHz,내장그래픽,Iris Xe,1,512GB,76Wh,1.56kg,윈도우11홈,['사무/인강용']
삼성전자,갤럭시북3 프로,NT940XFG-KP51E,16GB,삼성전자 갤럭시북3 프로 NT940XFG-KP51E,14인치,2880x1800,i5-1340P,400nit,120Hz,인텔,1.9GHz,내장그래픽,Iris Xe,1,512GB,63Wh,1.17kg,윈도우11홈,"['사무/인강용', '휴대용']"
삼성전자,갤럭시북3 프로,NT960XFG-KD72E,32GB,삼성전자 갤럭시북3 프로 NT960XFG-KD72E,16인치,2880x1800,i7-1360P,400nit,120Hz,인텔,2.2GHz,내장그래픽,Iris Xe,1,1TB,76Wh,1.56kg,윈도우11홈,['사무/인강용']
삼성전자,갤럭시북3 프로,NT960XFT-A51AR,32GB,삼성전자 갤럭시북3 프로 NT960XFT-A51AR WIN11,16인치,2880x1800,i5-1340P,400nit,120Hz,인텔,1.9GHz,내장그래픽,Iris Xe,1,512GB,76Wh,1.56kg,윈도우11(설치),['사무/인강용']
삼성전자,갤럭시북3 프로,NT960XFG-KP71E,16GB,삼성전자 갤럭시북3 프로 NT960XFG-KP71E,16인치,2880x1800,i7-1360P,400nit,120Hz,인텔,2.2GHz,내장그래픽,Iris Xe,1,512GB,76Wh,1.56kg,윈도우11홈,['사무/인강용']
삼성전자,갤럭시북3 프로,NT960XFG-KD72G,32GB,삼성전자 갤럭시북3 프로 NT960XFG-KD72G,16인치,2880x1800,i7-1360P,400nit,120Hz,인텔,2.2GHz,내장그래픽,Iris Xe,1,1TB,76Wh,1.56kg,윈도우11홈,['사무/인강용']
삼성전자,갤럭시북3 프로,NT940XFG-KD72G,32GB,삼성전자 갤럭시북3 프로 NT940XFG-KD72G,14인치,2880x1800,i7-1360P,400nit,120Hz,인텔,2.2GHz,내장그래픽,Iris Xe,1,1TB,63Wh,1.17kg,윈도우11홈,"['사무/인강용', '휴대용']"
삼성전자,갤럭시북3 프로,NT960XFT-A51A,16GB,삼성전자 갤럭시북3 프로 NT960XFT-A51A WIN10,16인치,2880x1800,i5-1340P,400nit,120Hz,인텔,1.9GHz,내장그래픽,Iris Xe,1,256GB,76Wh,1.56kg,윈도우10(설치),['사무/인강용']
삼성전자,갤럭시북3 프로,NT960XFG-KP51G,16GB,삼성전자 갤럭시북3 프로 NT960XFG-KP51G,16인치,2880x1800,i5-1340P,400nit,120Hz,인텔,1.9GHz,내장그래픽,Iris Xe,1,512GB,76Wh,1.56kg,윈도우11홈,['사무/인강용']
삼성전자,갤럭시북3 프로,NT960XFG-KP51E,16GB,삼성전자 갤럭시북3 프로 NT960XFG-KP51E,16인치,2880x1800,i5-1340P,400nit,120Hz,인텔,1.9GHz,내장그래픽,Iris Xe,1,512GB,76Wh,1.56kg,윈도우11홈,['사무/인강용']
삼성전자,갤럭시북3 프로,NT960XFT-E,32GB,삼성전자 갤럭시북3 프로 NT960XFT-E i5 WIN11,16인치,2880x1800,i5-1340P,400nit,120Hz,인텔,1.9GHz,내장그래픽,Iris Xe,1,512GB,76Wh,1.56kg,윈도우11,['사무/인강용']
삼성전자,갤럭시북3 프로,NT960XFT-G,32GB,삼성전자 갤럭시북3 프로 NT960XFT-G i5 WIN11,16인치,2880x1800,i5-1340P,400nit,120Hz,인텔,1.9GHz,내장그래픽,Iris Xe,1,512GB,76Wh,1.56kg,윈도우11,['사무/인강용']
삼성전자,갤럭시북3 프로,NT960XFT-AD51E,16GB,삼성전자 갤럭시북3 프로 NT960XFT-AD51E,16인치,2880x1800,i5-1340P,400nit,120Hz,인텔,1.9GHz,내장그래픽,Iris Xe,1,512GB,76Wh,1.56kg,정보없음,['사무/인강용']
삼성전자,갤럭시북3 프로,NT940XFG-KD70G,32GB,삼성전자 갤럭시북3 프로 NT940XFG-KD70G,14인치,2880x1800,i7-1360P,400nit,120Hz,인텔,2.2GHz,내장그래픽,Iris Xe,1,512GB,63Wh,1.17kg,윈도우11홈,"['사무/인강용', '휴대용']"
삼성전자,갤럭시북3 프로,NT940XFT-A51A,16GB,삼성전자 갤럭시북3 프로 NT940XFT-A51A WIN10,14인치,2880x1800,i5-1340P,400nit,120Hz,인텔,1.9GHz,내장그래픽,Iris Xe,1,256GB,63Wh,1.17kg,윈도우10(설치),"['사무/인강용', '휴대용']"
삼성전자,갤럭시북3 프로,NT960XFT-A51AR,32GB,삼성전자 갤럭시북3 프로 NT960XFT-A51AR WIN10,16인치,2880x1800,i5-1340P,400nit,120Hz,인텔,1.9GHz,내장그래픽,Iris Xe,1,512GB,76Wh,1.56kg,윈도우10(설치),['사무/인강용']
삼성전자,갤럭시북3 프로,NT940XFG-KD70E,32GB,삼성전자 갤럭시북3 프로 NT940XFG-KD70E,14인치,2880x1800,i7-1360P,400nit,120Hz,인텔,2.2GHz,내장그래픽,Iris Xe,1,512GB,63Wh,1.17kg,윈도우11홈,"['사무/인강용', '휴대용']"
삼성전자,갤럭시북3 프로,NT960XFT-AD51E,16GB,삼성전자 갤럭시북3 프로 NT960XFT-AD51E WIN11,16인치,2880x1800,i5-1340P,400nit,120Hz,인텔,1.9GHz,내장그래픽,Iris Xe,1,512GB,76Wh,1.56kg,윈도우11(설치),['사무/인강용']
삼성전자,갤럭시북3 프로,NT960XFG-KD70G,32GB,삼성전자 갤럭시북3 프로 NT960XFG-KD70G,16인치,2880x1800,i7-1360P,400nit,120Hz,인텔,2.2GHz,내장그래픽,Iris Xe,1,512GB,76Wh,1.56kg,윈도우11홈,['사무/인강용']
삼성전자,갤럭시북3 프로,NT960XFG-KC58G,8GB,삼성전자 갤럭시북3 프로 NT960XFG-KC58G,16인치,2880x1800,i5-1340P,정보없음,120Hz,인텔,1.9GHz,내장그래픽,Iris Xe,1,256GB,76Wh,1.56kg,윈도우11홈,['사무/인강용']
삼성전자,갤럭시북3 프로,NT960XFG,32GB,삼성전자 갤럭시북3 프로 NT960XFG i7 32G WIN11,16인치,2880x1800,i7-1360P,400nit,120Hz,인텔,2.2GHz,내장그래픽,Iris Xe,1,256GB,76Wh,1.56kg,윈도우11,['사무/인강용']
삼성전자,갤럭시북3 프로,NT960XFT-AD72E,32GB,삼성전자 갤럭시북3 프로 NT960XFT-AD72E,16인치,2880x1800,i7-1360P,400nit,120Hz,인텔,2.2GHz,내장그래픽,Iris Xe,1,1TB,76Wh,1.56kg,정보없음,['사무/인강용']
삼성전자,갤럭시북3 프로,NT960XFG-KD70E,32GB,삼성전자 갤럭시북3 프로 NT960XFG-KD70E,16인치,2880x1800,i7-1360P,400nit,120Hz,인텔,2.2GHz,내장그래픽,Iris Xe,1,512GB,76Wh,1.56kg,윈도우11홈,['사무/인강용']
삼성전자,갤럭시북3 프로,NT960XFG,16GB,삼성전자 갤럭시북3 프로 NT960XFG i7 NEW,16인치,2880x1800,i7-1360P,400nit,120Hz,인텔,2.2GHz,내장그래픽,Iris Xe,1,256GB,76Wh,1.56kg,윈도우11프로,['사무/인강용']
삼성전자,갤럭시북3 프로,NT960XFG,16GB,삼성전자 갤럭시북3 프로 NT960XFG i5 NEW,16인치,2880x1800,i5-1340P,400nit,120Hz,인텔,1.9GHz,내장그래픽,Iris Xe,1,256GB,76Wh,1.56kg,윈도우11프로,['사무/인강용']
삼성전자,갤럭시북3 프로360,NT960QFG-K71AR,32GB,삼성전자 갤럭시북3 프로360 NT960QFG-K71AR,16인치,2880x1800,i7-1360P,400nit,120Hz,인텔,2.2GHz,내장그래픽,Iris Xe,1,1TB,76Wh,1.66kg,윈도우11홈,['사무/인강용']
삼성전자,갤럭시북3 프로360,NT960QFG-KC71G,16GB,삼성전자 갤럭시북3 프로360 NT960QFG-KC71G,16인치,2880x1800,i7-1360P,400nit,120Hz,인텔,2.2GHz,내장그래픽,Iris Xe,1,512GB,76Wh,1.66kg,윈도우11홈,['사무/인강용']
삼성전자,갤럭시북3 프로360,NT960QFG-KC52E,16GB,삼성전자 갤럭시북3 프로360 NT960QFG-KC52E,16인치,2880x1800,i5-1340P,400nit,120Hz,인텔,1.9GHz,내장그래픽,Iris Xe,1,512GB,76Wh,1.66kg,윈도우11홈,['사무/인강용']
삼성전자,갤럭시북3 프로360,NT960QFG-KC71E,16GB,삼성전자 갤럭시북3 프로360 NT960QFG-KC71E,16인치,2880x1800,i7-1360P,400nit,120Hz,인텔,2.2GHz,내장그래픽,Iris Xe,1,512GB,76Wh,1.66kg,윈도우11홈,['사무/인강용']
삼성전자,갤럭시북3 프로360,NT960QFG-KC52G,16GB,삼성전자 갤럭시북3 프로360 NT960QFG-KC52G,16인치,2880x1800,i5-1340P,400nit,120Hz,인텔,1.9GHz,내장그래픽,Iris Xe,1,512GB,76Wh,1.66kg,윈도우11홈,['사무/인강용']
삼성전자,갤럭시북3 프로360,NT960QFG-K71A,16GB,삼성전자 갤럭시북3 프로360 NT960QFG-K71A,16인치,2880x1800,i7-1360P,400nit,120Hz,인텔,2.2GHz,내장그래픽,Iris Xe,1,512GB,76Wh,1.66kg,윈도우11홈,['사무/인강용']
삼성전자,갤럭시북3 프로360,NT960QFG-KD72E,32GB,삼성전자 갤럭시북3 프로360 NT960QFG-KD72E,16인치,2880x1800,i7-1360P,400nit,120Hz,인텔,2.2GHz,내장그래픽,Iris Xe,1,1TB,76Wh,1.66kg,윈도우11홈,['사무/인강용']
삼성전자,갤럭시북3 프로360,NT960QFG-KC51G,16GB,삼성전자 갤럭시북3 프로360 NT960QFG-KC51G,16인치,2880x1800,i5-1340P,400nit,120Hz,인텔,1.9GHz,내장그래픽,Iris Xe,1,256GB,76Wh,1.66kg,윈도우11홈,['사무/인강용']
삼성전자,갤럭시북3 프로360,NT960QFG-KD72G,32GB,삼성전자 갤럭시북3 프로360 NT960QFG-KD72G,16인치,2880x1800,i7-1360P,400nit,120Hz,인텔,2.2GHz,내장그래픽,Iris Xe,1,1TB,76Wh,1.66kg,윈도우11홈,['사무/인강용']
삼성전자,갤럭시북3 프로360,NT960QFG-KP71E,16GB,삼성전자 갤럭시북3 프로360 NT960QFG-KP71E,16인치,2880x1800,i7-1360P,400nit,120Hz,인텔,2.2GHz,내장그래픽,Iris Xe,1,512GB,76Wh,1.66kg,윈도우11홈,['사무/인강용']
삼성전자,갤럭시북3 프로360,NT960QFG-KC51E,16GB,삼성전자 갤럭시북3 프로360 NT960QFG-KC51E,16인치,2880x1800,i5-1340P,400nit,120Hz,인텔,1.9GHz,내장그래픽,Iris Xe,1,256GB,76Wh,1.66kg,윈도우11홈,['사무/인강용']
삼성전자,갤럭시북3 프로360,NT960QFG-KP71G,16GB,삼성전자 갤럭시북3 프로360 NT960QFG-KP71G,16인치,2880x1800,i7-1360P,400nit,120Hz,인텔,2.2GHz,내장그래픽,Iris Xe,1,512GB,76Wh,1.66kg,윈도우11홈,['사무/인강용']
삼성전자,갤럭시북3 프로360,NT960QFG-KD70E,32GB,삼성전자 갤럭시북3 프로360 NT960QFG-KD70E,16인치,2880x1800,i7-1360P,400nit,120Hz,인텔,2.2GHz,내장그래픽,Iris Xe,1,512GB,76Wh,1.66kg,윈도우11홈,['사무/인강용']
삼성전자,갤럭시북3 프로360,NT960QFG-KD70G,32GB,삼성전자 갤럭시북3 프로360 NT960QFG-KD70G,16인치,2880x1800,i7-1360P,400nit,120Hz,인텔,2.2GHz,내장그래픽,Iris Xe,1,512GB,76Wh,1.66kg,윈도우11홈,['사무/인강용']
삼성전자,갤럭시북3 프로360,NT960QFG,32GB,삼성전자 갤럭시북3 프로360 NT960QFG i7 WIN11,16인치,2880x1800,i7-1360P,400nit,120Hz,인텔,2.2GHz,내장그래픽,Iris Xe,1,256GB,76Wh,1.66kg,윈도우11,['사무/인강용']
삼성전자,갤럭시북3 프로360,NT961QFG,32GB,삼성전자 갤럭시북3 프로360 NT961QFG i7 WIN11,16인치,2880x1800,i7-1360P,400nit,120Hz,인텔,2.2GHz,내장그래픽,Iris Xe,1,256GB,76Wh,1.66kg,윈도우11,['사무/인강용']
삼성전자,갤럭시북4,NT750XGR-A51A,16GB,3 삼성전자 갤럭시북4 NT750XGR-A51A,15.6인치,1920x1080,i5-1335U,정보없음,정보없음,인텔,1.3GHz,내장그래픽,Iris Xe,1,256GB,54Wh,1.55kg,정보없음,['사무/인강용']
삼성전자,갤럭시북4,NT750XGR-A51A,16GB,4 삼성전자 갤럭시북4 NT750XGR-A51A WIN11,15.6인치,1920x1080,i5-1335U,정보없음,정보없음,인텔,1.3GHz,내장그래픽,Iris Xe,1,256GB,54Wh,1.55kg,윈도우11(설치),['사무/인강용']
삼성전자,갤럭시북4,NT750XGR-A31A,16GB,20 삼성전자 갤럭시북4 NT750XGR-A31A,15.6인치,1920x1080,i3-1315U,정보없음,정보없음,인텔,1.2GHz,내장그래픽,UHD Graphics,1,256GB,54Wh,1.55kg,정보없음,['사무/인강용']
삼성전자,갤럭시북4,NT750XGP-G72A,16GB,29 삼성전자 갤럭시북4 NT750XGP-G72A WIN11,15.6인치,1920x1080,정보없음,정보없음,정보없음,인텔,5.4GHz,외장그래픽,MX570 A,1,512GB,54Wh,1.57kg,윈도우11(설치),['그래픽작업용']
삼성전자,갤럭시북4,NT750XGJ-KP51S,16GB,삼성전자 갤럭시북4 NT750XGJ-KP51S,15.6인치,1920x1080,i5-1335U,정보없음,정보없음,인텔,1.3GHz,내장그래픽,Iris Xe,1,256GB,54Wh,1.55kg,윈도우11홈,['사무/인강용']
삼성전자,갤럭시북4,NT750XGR-A71A,16GB,삼성전자 갤럭시북4 NT750XGR-A71A WIN11,15.6인치,1920x1080,i7-1355U,정보없음,정보없음,인텔,1.7GHz,내장그래픽,Iris Xe,1,512GB,54Wh,1.55kg,윈도우11(설치),['사무/인강용']
삼성전자,갤럭시북4,NT750XGP-G72A,16GB,삼성전자 갤럭시북4 NT750XGP-G72A,15.6인치,1920x1080,정보없음,정보없음,정보없음,인텔,5.4GHz,외장그래픽,MX570 A,1,512GB,54Wh,1.57kg,정보없음,['그래픽작업용']
삼성전자,갤럭시북4,NT750XGR-A31A,16GB,삼성전자 갤럭시북4 NT750XGR-A31A WIN11,15.6인치,1920x1080,i3-1315U,정보없음,정보없음,인텔,1.2GHz,내장그래픽,UHD Graphics,1,256GB,54Wh,1.55kg,윈도우11(설치),['사무/인강용']
삼성전자,갤럭시북4,NT750XGR-A38A,8GB,삼성전자 갤럭시북4 NT750XGR-A38A,15.6인치,1920x1080,i3-1315U,정보없음,정보없음,인텔,1.2GHz,내장그래픽,UHD Graphics,1,256GB,54Wh,1.55kg,정보없음,['사무/인강용']
삼성전자,갤럭시북4,NT750XGR-A71A,16GB,삼성전자 갤럭시북4 NT750XGR-A71A,15.6인치,1920x1080,i7-1355U,정보없음,정보없음,인텔,1.7GHz,내장그래픽,Iris Xe,1,512GB,54Wh,1.55kg,정보없음,['사무/인강용']
삼성전자,갤럭시북4,NT750XGL-XC52G,32GB,삼성전자 갤럭시북4 NT750XGL-XC52G,15.6인치,1920x1080,정보없음,정보없음,정보없음,인텔,5.0GHz,외장그래픽,MX570 A,1,512GB,54Wh,1.57kg,윈도우11홈,['그래픽작업용']
삼성전자,갤럭시북4,NT750XGJ-KP51G,16GB,삼성전자 갤럭시북4 NT750XGJ-KP51G,15.6인치,1920x1080,i5-1335U,정보없음,정보없음,인텔,1.3GHz,내장그래픽,Iris Xe,1,256GB,54Wh,1.55kg,윈도우11홈,['사무/인강용']
삼성전자,갤럭시북4,NT750XGR-A58A,8GB,삼성전자 갤럭시북4 NT750XGR-A58A,15.6인치,1920x1080,i5-1335U,정보없음,정보없음,인텔,1.3GHz,내장그래픽,Iris Xe,1,256GB,54Wh,1.55kg,정보없음,['사무/인강용']
삼성전자,갤럭시북4,NT750XGJ-KH51G,16GB,삼성전자 갤럭시북4 NT750XGJ-KH51G,15.6인치,1920x1080,i5-1335U,정보없음,정보없음,인텔,1.3GHz,내장그래픽,Iris Xe,1,256GB,54Wh,1.55kg,윈도우11홈,['사무/인강용']
삼성전자,갤럭시북4,NT750XGK-KP51S,16GB,삼성전자 갤럭시북4 NT750XGK-KP51S,15.6인치,1920x1080,정보없음,정보없음,정보없음,인텔,5.0GHz,내장그래픽,Intel Graphics,1,512GB,54Wh,1.55kg,윈도우11프로,['사무/인강용']
삼성전자,갤럭시북4,NT750XGJ-KC51G,16GB,삼성전자 갤럭시북4 NT750XGJ-KC51G,15.6인치,1920x1080,i5-1335U,정보없음,정보없음,인텔,1.3GHz,내장그래픽,Iris Xe,1,256GB,54Wh,1.55kg,윈도우11홈,['사무/인강용']
삼성전자,갤럭시북4,NT750XGR-A58A,8GB,삼성전자 갤럭시북4 NT750XGR-A58A WIN11,15.6인치,1920x1080,i5-1335U,정보없음,정보없음,인텔,1.3GHz,내장그래픽,Iris Xe,1,256GB,54Wh,1.55kg,윈도우11(설치),['사무/인강용']
삼성전자,갤럭시북4,NT750XGJ-KC31S,16GB,삼성전자 갤럭시북4 NT750XGJ-KC31S,15.6인치,1920x1080,i3-1315U,정보없음,정보없음,인텔,1.2GHz,내장그래픽,UHD Graphics,1,256GB,54Wh,1.55kg,윈도우11홈,['사무/인강용']
삼성전자,갤럭시북4,NT750XGK-KC38G,8GB,삼성전자 갤럭시북4 NT750XGK-KC38G,15.6인치,1920x1080,정보없음,정보없음,정보없음,인텔,4.7GHz,내장그래픽,Intel Graphics,1,256GB,54Wh,1.55kg,윈도우11홈,['사무/인강용']
삼성전자,갤럭시북4,NT750XGK-KC51S,16GB,삼성전자 갤럭시북4 NT750XGK-KC51S,15.6인치,1920x1080,정보없음,정보없음,정보없음,인텔,5.0GHz,내장그래픽,Intel Graphics,1,512GB,54Wh,1.55kg,윈도우11홈,['사무/인강용']
삼성전자,갤럭시북4,NT750XGK-KC51G,16GB,삼성전자 갤럭시북4 NT750XGK-KC51G,15.6인치,1920x1080,정보없음,정보없음,정보없음,인텔,5.0GHz,내장그래픽,Intel Graphics,1,512GB,54Wh,1.55kg,윈도우11홈,['사무/인강용']
삼성전자,갤럭시북4,NT750XGL-XC51S,16GB,삼성전자 갤럭시북4 NT750XGL-XC51S,15.6인치,1920x1080,정보없음,정보없음,정보없음,인텔,5.0GHz,외장그래픽,MX570 A,1,512GB,54Wh,1.57kg,윈도우11홈,['그래픽작업용']
삼성전자,갤럭시북4,NT750XGL-XL51G,16GB,삼성전자 갤럭시북4 NT750XGL-XL51G,15.6인치,1920x1080,정보없음,정보없음,정보없음,인텔,5.0GHz,외장그래픽,MX570 A,1,256GB,54Wh,1.57kg,윈도우11홈,['그래픽작업용']
삼성전자,갤럭시북4,NT750XGK-KC38S,8GB,삼성전자 갤럭시북4 NT750XGK-KC38S,15.6인치,1920x1080,정보없음,정보없음,정보없음,인텔,4.7GHz,내장그래픽,Intel Graphics,1,256GB,54Wh,1.55kg,윈도우11홈,['사무/인강용']
삼성전자,갤럭시북4,NT750XGL-XD72G,32GB,삼성전자 갤럭시북4 NT750XGL-XD72G,15.6인치,1920x1080,정보없음,정보없음,정보없음,인텔,5.4GHz,외장그래픽,MX570 A,1,1TB,54Wh,1.57kg,윈도우11홈,['그래픽작업용']
삼성전자,갤럭시북4,NT750XGQ-A51A,16GB,삼성전자 갤럭시북4 NT750XGQ-A51A,15.6인치,1920x1080,정보없음,정보없음,정보없음,인텔,5.0GHz,내장그래픽,Intel Graphics,1,256GB,54Wh,1.55kg,정보없음,['사무/인강용']
삼성전자,갤럭시북4,NT750XGQ-A71A,16GB,삼성전자 갤럭시북4 NT750XGQ-A71A WIN11,15.6인치,1920x1080,정보없음,정보없음,정보없음,인텔,5.4GHz,내장그래픽,Intel Graphics,1,512GB,54Wh,1.55kg,윈도우11(설치),['사무/인강용']
삼성전자,갤럭시북4,NT750XGK-KH51G,16GB,삼성전자 갤럭시북4 NT750XGK-KH51G,15.6인치,1920x1080,정보없음,정보없음,정보없음,인텔,5.0GHz,내장그래픽,Intel Graphics,1,256GB,54Wh,1.55kg,윈도우11홈,['사무/인강용']
삼성전자,갤럭시북4,NT750XGK-KD51G,16GB,삼성전자 갤럭시북4 NT750XGK-KD51G,15.6인치,1920x1080,정보없음,정보없음,정보없음,인텔,5.0GHz,내장그래픽,Intel Graphics,1,256GB,54Wh,1.55kg,윈도우11홈,['사무/인강용']
삼성전자,갤럭시북4,NT750XGP-G52A,32GB,삼성전자 갤럭시북4 NT750XGP-G52A,15.6인치,1920x1080,정보없음,정보없음,정보없음,인텔,5.0GHz,외장그래픽,MX570 A,1,256GB,54Wh,1.57kg,정보없음,['그래픽작업용']
삼성전자,갤럭시북4,NT750XGQ-A51A,16GB,삼성전자 갤럭시북4 NT750XGQ-A51A WIN11,15.6인치,1920x1080,정보없음,정보없음,정보없음,인텔,5.0GHz,내장그래픽,Intel Graphics,1,256GB,54Wh,1.55kg,윈도우11(설치),['사무/인강용']
삼성전자,갤럭시북4,NT750XGQ-A71A,16GB,삼성전자 갤럭시북4 NT750XGQ-A71A,15.6인치,1920x1080,정보없음,정보없음,정보없음,인텔,5.4GHz,내장그래픽,Intel Graphics,1,512GB,54Wh,1.55kg,정보없음,['사무/인강용']
삼성전자,갤럭시북4,NT750XGL-XD72S,32GB,삼성전자 갤럭시북4 NT750XGL-XD72S,15.6인치,1920x1080,정보없음,정보없음,정보없음,인텔,5.4GHz,외장그래픽,MX570 A,1,1TB,54Wh,1.57kg,윈도우11홈,['그래픽작업용']
삼성전자,갤럭시북4,NT750XGP-G52A,32GB,삼성전자 갤럭시북4 NT750XGP-G52A WIN11,15.6인치,1920x1080,정보없음,정보없음,정보없음,인텔,5.0GHz,외장그래픽,MX570 A,1,256GB,54Wh,1.57kg,윈도우11(설치),['그래픽작업용']
삼성전자,갤럭시북4,NT750XGJ-KH31G,16GB,삼성전자 갤럭시북4 NT750XGJ-KH31G,15.6인치,1920x1080,i3-1315U,정보없음,정보없음,인텔,1.2GHz,내장그래픽,UHD Graphics,1,256GB,54Wh,1.55kg,윈도우11홈,['사무/인강용']
삼성전자,갤럭시북4,NT750XGR-A38A,8GB,삼성전자 갤럭시북4 NT750XGR-A38A WIN11,15.6인치,1920x1080,i3-1315U,정보없음,정보없음,인텔,1.2GHz,내장그래픽,UHD Graphics,1,256GB,54Wh,1.55kg,윈도우11(설치),['사무/인강용']
삼성전자,갤럭시북4,NT750XGJ-KH51Y,16GB,삼성전자 갤럭시북4 NT750XGJ-KH51Y,15.6인치,1920x1080,i5-1335U,정보없음,정보없음,인텔,1.3GHz,내장그래픽,Iris Xe,1,256GB,54Wh,1.55kg,윈도우11홈,['사무/인강용']
삼성전자,갤럭시북4,NT750XGL-XP71G,16GB,삼성전자 갤럭시북4 NT750XGL-XP71G,15.6인치,1920x1080,정보없음,정보없음,정보없음,인텔,5.4GHz,외장그래픽,MX570 A,1,512GB,54Wh,1.57kg,윈도우11홈,['그래픽작업용']
삼성전자,갤럭시북4,NT750XGQ-AD51G,16GB,삼성전자 갤럭시북4 NT750XGQ-AD51G,15.6인치,1920x1080,정보없음,정보없음,정보없음,인텔,5.0GHz,내장그래픽,Intel Graphics,1,512GB,54Wh,1.55kg,정보없음,['사무/인강용']
삼성전자,갤럭시북4,NT750XGK-KC58G,8GB,삼성전자 갤럭시북4 NT750XGK-KC58G,15.6인치,1920x1080,정보없음,정보없음,정보없음,인텔,5.0GHz,내장그래픽,Intel Graphics,1,256GB,54Wh,1.55kg,윈도우11홈,['사무/인강용']
삼성전자,갤럭시북4,NT750XGK,16GB,삼성전자 갤럭시북4 NT750XGK C7,15.6인치,1920x1080,정보없음,정보없음,정보없음,인텔,5.4GHz,내장그래픽,Intel Graphics,1,256GB,54Wh,1.55kg,윈도우11,['사무/인강용']
삼성전자,갤럭시북4,NT750XGL,16GB,삼성전자 갤럭시북4 NT750XGL C7 16GB램,15.6인치,1920x1080,정보없음,정보없음,정보없음,인텔,5.4GHz,외장그래픽,MX570 A,1,정보없음,정보없음,1.57kg,윈도우11,[]
삼성전자,갤럭시북4,NT750XGL,32GB,삼성전자 갤럭시북4 NT750XGL C7 32GB램,15.6인치,1920x1080,정보없음,정보없음,정보없음,인텔,5.4GHz,외장그래픽,MX570 A,1,정보없음,정보없음,1.57kg,윈도우11,[]
삼성전자,갤럭시북4,NT750XGJ-KC59G,8GB,삼성전자 갤럭시북4 NT750XGJ-KC59G,15.6인치,1920x1080,i5-1335U,정보없음,정보없음,인텔,1.3GHz,내장그래픽,Iris Xe,1,256GB,54Wh,1.55kg,윈도우11홈,['사무/인강용']
삼성전자,갤럭시북4,NT751XGJ-KR51G,16GB,삼성전자 갤럭시북4 NT751XGJ-KR51G,15.6인치,1920x1080,i5-1335U,정보없음,정보없음,인텔,1.3GHz,내장그래픽,Iris Xe,1,256GB,54Wh,1.55kg,윈도우11프로,['사무/인강용']
삼성전자,갤럭시북4,NT750XGL,16GB,삼성전자 갤럭시북4 NT750XGL C5 16GB램,15.6인치,1920x1080,정보없음,정보없음,정보없음,인텔,5.0GHz,외장그래픽,MX570 A,1,정보없음,정보없음,1.57kg,윈도우11,[]
삼성전자,갤럭시북4,NT750XGK-KH51S,16GB,삼성전자 갤럭시북4 NT750XGK-KH51S,15.6인치,1920x1080,정보없음,정보없음,정보없음,인텔,5.0GHz,내장그래픽,Intel Graphics,1,512GB,54Wh,1.55kg,윈도우11홈,['사무/인강용']
삼성전자,갤럭시북4,NT750XGJ-KH31S,16GB,삼성전자 갤럭시북4 NT750XGJ-KH31S,15.6인치,1920x1080,i3-1315U,정보없음,정보없음,인텔,1.2GHz,내장그래픽,UHD Graphics,1,512GB,54Wh,1.55kg,윈도우11홈,['사무/인강용']
삼성전자,갤럭시북4,NT750XGK-KA51G,16GB,삼성전자 갤럭시북4 NT750XGK-KA51G,15.6인치,1920x1080,정보없음,정보없음,정보없음,인텔,5.0GHz,내장그래픽,Intel Graphics,1,512GB,54Wh,1.55kg,윈도우11홈,['사무/인강용']
삼성전자,갤럭시북4,NT750XGK-KA51S,16GB,삼성전자 갤럭시북4 NT750XGK-KA51S,15.6인치,1920x1080,정보없음,정보없음,정보없음,인텔,5.0GHz,내장그래픽,Intel Graphics,1,512GB,54Wh,1.55kg,윈도우11홈,['사무/인강용']
삼성전자,갤럭시북4,NT750XGK-KC50G,16GB,삼성전자 갤럭시북4 NT750XGK-KC50G,15.6인치,1920x1080,정보없음,정보없음,정보없음,인텔,5.0GHz,내장그래픽,Intel Graphics,1,256GB,54Wh,1.55kg,윈도우11홈,['사무/인강용']
삼성전자,갤럭시북4,NT750XGL-XL51S,16GB,삼성전자 갤럭시북4 NT750XGL-XL51S,15.6인치,1920x1080,정보없음,정보없음,정보없음,인텔,5.0GHz,외장그래픽,MX570 A,1,256GB,54Wh,1.57kg,윈도우11홈,['그래픽작업용']
삼성전자,갤럭시북4,NT750XGJ-KH58S,8GB,삼성전자 갤럭시북4 NT750XGJ-KH58S,15.6인치,1920x1080,i5-1335U,정보없음,정보없음,인텔,1.3GHz,내장그래픽,Iris Xe,1,256GB,54Wh,1.55kg,윈도우11홈,['사무/인강용']
삼성전자,갤럭시북4,NT750XGJ-KC31G,16GB,삼성전자 갤럭시북4 NT750XGJ-KC31G,15.6인치,1920x1080,i3-1315U,정보없음,정보없음,인텔,1.2GHz,내장그래픽,UHD Graphics,1,256GB,54Wh,1.55kg,윈도우11홈,['사무/인강용']
삼성전자,갤럭시북4,NT750XGK-KP51G,16GB,삼성전자 갤럭시북4 NT750XGK-KP51G,15.6인치,1920x1080,정보없음,정보없음,정보없음,인텔,5.0GHz,내장그래픽,Intel Graphics,1,512GB,54Wh,1.55kg,윈도우11프로,['사무/인강용']
삼성전자,갤럭시북4,NT750XGJ-KC58G,8GB,삼성전자 갤럭시북4 NT750XGJ-KC58G,15.6인치,1920x1080,i5-1335U,정보없음,정보없음,인텔,1.3GHz,내장그래픽,Iris Xe,1,256GB,54Wh,1.55kg,윈도우11홈,['사무/인강용']
삼성전자,갤럭시북4,NT751XGK,32GB,삼성전자 갤럭시북4 NT751XGK C7 32GB램,15.6인치,1920x1080,정보없음,정보없음,정보없음,인텔,5.4GHz,내장그래픽,Intel Graphics,1,512GB,54Wh,1.55kg,윈도우11,['사무/인강용']
삼성전자,갤럭시북4,NT750XGL-XP51G,16GB,삼성전자 갤럭시북4 NT750XGL-XP51G,15.6인치,1920x1080,정보없음,정보없음,정보없음,인텔,5.0GHz,외장그래픽,MX570 A,1,512GB,54Wh,1.57kg,윈도우11프로,['그래픽작업용']
삼성전자,갤럭시북4,NT750XGL-XA51G,16GB,삼성전자 갤럭시북4 NT750XGL-XA51G,15.6인치,1920x1080,정보없음,정보없음,정보없음,인텔,5.0GHz,외장그래픽,MX570 A,1,512GB,54Wh,1.57kg,윈도우11홈,['그래픽작업용']
삼성전자,갤럭시북4,NT750XGK-KC50S,16GB,삼성전자 갤럭시북4 NT750XGK-KC50S,15.6인치,1920x1080,정보없음,정보없음,정보없음,인텔,5.0GHz,내장그래픽,Intel Graphics,1,256GB,54Wh,1.55kg,윈도우11홈,['사무/인강용']
삼성전자,갤럭시북4,NT750XGJ-KH51S,16GB,삼성전자 갤럭시북4 NT750XGJ-KH51S,15.6인치,1920x1080,i5-1335U,정보없음,정보없음,인텔,1.3GHz,내장그래픽,Iris Xe,1,256GB,54Wh,1.55kg,윈도우11홈,['사무/인강용']
삼성전자,갤럭시북4,NT750XGL-XL52G,32GB,삼성전자 갤럭시북4 NT750XGL-XL52G,15.6인치,1920x1080,정보없음,정보없음,정보없음,인텔,5.0GHz,외장그래픽,MX570 A,1,256GB,54Wh,1.57kg,윈도우11홈,['그래픽작업용']
삼성전자,갤럭시북4,NT750XGL-XH51G,16GB,삼성전자 갤럭시북4 NT750XGL-XH51G,15.6인치,1920x1080,정보없음,정보없음,정보없음,인텔,5.0GHz,외장그래픽,MX570 A,1,512GB,54Wh,1.57kg,윈도우11홈,['그래픽작업용']
삼성전자,갤럭시북4,NT750XGL-XC51G,16GB,삼성전자 갤럭시북4 NT750XGL-XC51G,15.6인치,1920x1080,정보없음,정보없음,정보없음,인텔,5.0GHz,외장그래픽,MX570 A,1,512GB,54Wh,1.57kg,윈도우11홈,['그래픽작업용']
삼성전자,갤럭시북4,NT750XGJ-KC51S,16GB,삼성전자 갤럭시북4 NT750XGJ-KC51S,15.6인치,1920x1080,i5-1335U,정보없음,정보없음,인텔,1.3GHz,내장그래픽,Iris Xe,1,256GB,54Wh,1.55kg,윈도우11홈,['사무/인강용']
삼성전자,갤럭시북4 ,NT750XGL,32GB램,삼성전자 갤럭시북4 NT750XGL C5 32GB램,15.6인치,1920x1080,정보없음,정보없음,정보없음,인텔,5.0GHz,외장그래픽,MX570 A,1,정보없음,정보없음,1.57kg,윈도우11,[]
삼성전자,갤럭시북4 360,NT750QGQ-A51A,16GB,삼성전자 갤럭시북4 360 NT750QGQ-A51A,15.6인치,1920x1080,정보없음,정보없음,정보없음,인텔,5.0GHz,내장그래픽,Intel Graphics,1,256GB,68Wh,1.46kg,정보없음,['사무/인강용']
삼성전자,갤럭시북4 360,NT750QGK-K51A,16GB,삼성전자 갤럭시북4 360 NT750QGK-K51A,15.6인치,1920x1080,정보없음,정보없음,정보없음,인텔,5.0GHz,내장그래픽,Intel Graphics,1,256GB,68Wh,1.46kg,윈도우11홈,['사무/인강용']
삼성전자,갤럭시북4 360,NT750QGQ-A51A,16GB,삼성전자 갤럭시북4 360 NT750QGQ-A51A WIN11,15.6인치,1920x1080,정보없음,정보없음,정보없음,인텔,5.0GHz,내장그래픽,Intel Graphics,1,256GB,68Wh,1.46kg,윈도우11(설치),['사무/인강용']
삼성전자,갤럭시북4,NT750XGK,16GB,삼성전자 갤럭시북4 NT750XGK C5,15.6인치,1920x1080,정보없음,정보없음,정보없음,인텔,5.0GHz,내장그래픽,Intel Graphics,1,256GB,54Wh,1.55kg,윈도우11,['사무/인강용']
삼성전자,갤럭시북4 엣지,NT940XMA-K01A,16GB,7 삼성전자 갤럭시북4 엣지 NT940XMA-K01A,14인치,2880x1800,정보없음,400nit,120Hz,퀄컴,3.4GHz,내장그래픽,Adreno (3.8TFLOPS),1,512GB,정보없음,1.16kg,윈도우11홈,"['사무/인강용', '휴대용']"
삼성전자,갤럭시북4 엣지,NT960XMB-K01A,16GB,삼성전자 갤럭시북4 엣지 NT960XMB-K01A,16인치,2880x1800,정보없음,400nit,120Hz,퀄컴,3.8GHz,내장그래픽,Adreno (4.6TFLOPS),1,1TB,정보없음,1.55kg,윈도우11홈,['사무/인강용']
삼성전자,갤럭시북4 엣지,NT750XQA-K02A,16GB,삼성전자 갤럭시북4 엣지 NT750XQA-K02A,15.6인치,1920x1080,정보없음,정보없음,정보없음,퀄컴,3.2GHz,내장그래픽,Adreno (1.7 TFLOPS),1,512GB,정보없음,1.5kg,윈도우11홈,['사무/인강용']
삼성전자,갤럭시북4 엣지,NT960XMA-K01A,16GB,삼성전자 갤럭시북4 엣지 NT960XMA-K01A,16인치,2880x1800,정보없음,400nit,120Hz,퀄컴,3.4GHz,내장그래픽,Adreno (3.8TFLOPS),1,512GB,정보없음,1.55kg,윈도우11홈,['사무/인강용']
삼성전자,갤럭시북4 엣지,NT960XMA-KC01B,16GB,삼성전자 갤럭시북4 엣지 NT960XMA-KC01B,16인치,2880x1800,정보없음,400nit,120Hz,퀄컴,3.4GHz,내장그래픽,Adreno (3.8TFLOPS),1,512GB,정보없음,1.55kg,윈도우11홈,['사무/인강용']
삼성전자,갤럭시북4 엣지,NT750XQA-KC01B,16GB,삼성전자 갤럭시북4 엣지 NT750XQA-KC01B,15.6인치,1920x1080,정보없음,정보없음,정보없음,퀄컴,3.2GHz,내장그래픽,Adreno (1.7 TFLOPS),1,256GB,정보없음,1.5kg,윈도우11홈,['사무/인강용']
삼성전자,갤럭시북4 엣지,NT960XMB-KA01B,16GB,삼성전자 갤럭시북4 엣지 NT960XMB-KA01B,16인치,2880x1800,정보없음,400nit,120Hz,퀄컴,3.8GHz,내장그래픽,Adreno (4.6TFLOPS),1,1TB,정보없음,1.55kg,윈도우11홈,['사무/인강용']
삼성전자,갤럭시북4 엣지,NT940XMA-KC01B,16GB,삼성전자 갤럭시북4 엣지 NT940XMA-KC01B,14인치,2880x1800,정보없음,400nit,120Hz,퀄컴,3.4GHz,내장그래픽,Adreno (3.8TFLOPS),1,512GB,정보없음,1.16kg,윈도우11홈,"['사무/인강용', '휴대용']"
삼성전자,갤럭시북4 엣지,NT940XMA-KA01B,16GB,삼성전자 갤럭시북4 엣지 NT940XMA-KA01B,14인치,2880x1800,정보없음,400nit,120Hz,퀄컴,3.4GHz,내장그래픽,Adreno (3.8TFLOPS),1,512GB,정보없음,1.16kg,윈도우11홈,"['사무/인강용', '휴대용']"
삼성전자,갤럭시북4 엣지,NT750XQA-KC02B,16GB,삼성전자 갤럭시북4 엣지 NT750XQA-KC02B,15.6인치,1920x1080,정보없음,정보없음,정보없음,퀄컴,3.2GHz,내장그래픽,Adreno (1.7 TFLOPS),1,512GB,정보없음,1.5kg,윈도우11홈,['사무/인강용']
삼성전자,갤럭시북4 엣지,NT960XMA-KA01B,16GB,삼성전자 갤럭시북4 엣지 NT960XMA-KA01B,16인치,2880x1800,정보없음,400nit,120Hz,퀄컴,3.4GHz,내장그래픽,Adreno (3.8TFLOPS),1,512GB,정보없음,1.55kg,윈도우11홈,['사무/인강용']
삼성전자,갤럭시북4 엣지,NT960XMB-KC01B,16GB,삼성전자 갤럭시북4 엣지 NT960XMB-KC01B,16인치,2880x1800,정보없음,400nit,120Hz,퀄컴,3.8GHz,내장그래픽,Adreno (4.6TFLOPS),1,1TB,정보없음,1.55kg,윈도우11홈,['사무/인강용']
삼성전자,갤럭시북4 울트라,NT960XGL-X92A,정보없음,삼성전자 갤럭시북4 울트라 NT960XGL-X92A,16인치,2880x1800,코어 울트라9,400nit,120Hz,인텔,5.1GHz,외장그래픽,RTX4070,1,정보없음,정보없음,1.86kg,윈도우11홈,[]
삼성전자,갤럭시북4 울트라,NT960XGL-XC92G,정보없음,삼성전자 갤럭시북4 울트라 NT960XGL-XC92G,16인치,2880x1800,코어 울트라9,400nit,120Hz,인텔,5.1GHz,외장그래픽,RTX4070,1,정보없음,정보없음,1.86kg,윈도우11홈,[]
삼성전자,갤럭시북4 울트라,NT960XGL-XC72G,정보없음,삼성전자 갤럭시북4 울트라 NT960XGL-XC72G,16인치,2880x1800,코어 울트라7,400nit,120Hz,인텔,4.8GHz,외장그래픽,RTX4050,1,정보없음,정보없음,1.86kg,윈도우11홈,[]
삼성전자,갤럭시북4 울트라,NT960XGL-X94A,정보없음,삼성전자 갤럭시북4 울트라 NT960XGL-X94A,16인치,2880x1800,코어 울트라9,400nit,120Hz,인텔,5.1GHz,외장그래픽,RTX4070,1,정보없음,정보없음,1.86kg,윈도우11홈,[]
삼성전자,갤럭시북4 울트라,NT960XGL-XD94G,정보없음,삼성전자 갤럭시북4 울트라 NT960XGL-XD94G,16인치,2880x1800,코어 울트라9,400nit,120Hz,인텔,5.1GHz,외장그래픽,RTX4070,1,정보없음,정보없음,1.86kg,윈도우11홈,[]
삼성전자,갤럭시북4 울트라,NT960XGP-G72A,정보없음,삼성전자 갤럭시북4 울트라 NT960XGP-G72A,16인치,2880x1800,코어 울트라7,400nit,120Hz,인텔,4.8GHz,외장그래픽,RTX4050,1,정보없음,정보없음,1.86kg,정보없음,[]
삼성전자,갤럭시북4 울트라,NT960XGL-XA94G,정보없음,삼성전자 갤럭시북4 울트라 NT960XGL-XA94G,16인치,2880x1800,코어 울트라9,400nit,120Hz,인텔,5.1GHz,외장그래픽,RTX4070,1,정보없음,정보없음,1.86kg,윈도우11홈,[]
삼성전자,갤럭시북4 울트라,NT960XGP-G72A,32GB,삼성전자 갤럭시북4 울트라 NT960XGP-G72A WIN11,16인치,2880x1800,코어 울트라7,400nit,120Hz,인텔,4.8GHz,외장그래픽,RTX4050,1,512GB,76Wh,1.86kg,윈도우11(설치),"['게임용', '그래픽작업용']"
삼성전자,갤럭시북4 울트라,NT960XGL-X72A,정보없음,삼성전자 갤럭시북4 울트라 NT960XGL-X72A,16인치,2880x1800,코어 울트라7,400nit,120Hz,인텔,4.8GHz,외장그래픽,RTX4050,1,정보없음,정보없음,1.86kg,윈도우11홈,[]
삼성전자,갤럭시북4 울트라,NT960XGL-XA92G,정보없음,삼성전자 갤럭시북4 울트라 NT960XGL-XA92G,16인치,2880x1800,코어 울트라9,400nit,120Hz,인텔,5.1GHz,외장그래픽,RTX4070,1,정보없음,정보없음,1.86kg,윈도우11홈,[]
삼성전자,갤럭시북4 울트라,NT960XGL-XA72G,정보없음,삼성전자 갤럭시북4 울트라 NT960XGL-XA72G,16인치,2880x1800,코어 울트라7,400nit,120Hz,인텔,4.8GHz,외장그래픽,RTX4050,1,정보없음,정보없음,1.86kg,윈도우11홈,[]
삼성전자,갤럭시북4 울트라,NT960XGL-XD90G,정보없음,삼성전자 갤럭시북4 울트라 NT960XGL-XD90G,16인치,2880x1800,코어 울트라9,400nit,120Hz,인텔,5.1GHz,외장그래픽,RTX4070,1,정보없음,정보없음,1.86kg,윈도우11홈,[]
삼성전자,갤럭시북4 울트라,NT960XGL,정보없음,삼성전자 갤럭시북4 울트라 NT960XGL U7,16인치,2880x1800,코어 울트라7,400nit,120Hz,인텔,4.8GHz,외장그래픽,RTX4050,1,정보없음,정보없음,1.86kg,윈도우11,[]
삼성전자,갤럭시북4 울트라,NT960XGL,정보없음,삼성전자 갤럭시북4 울트라 NT960XGL U9,16인치,2880x1800,코어 울트라9,400nit,120Hz,인텔,5.1GHz,외장그래픽,RTX4070,1,정보없음,정보없음,1.86kg,윈도우11프로,[]
삼성전자,갤럭시북4 프로,NT940XGK-KC51G,정보없음,27 삼성전자 갤럭시북4 프로 NT940XGK-KC51G,14인치,2880x1800,코어 울트라5,400nit,120Hz,인텔,4.5GHz,내장그래픽,Arc,7core,정보없음,정보없음,1.23kg,윈도우11홈,[]
삼성전자,갤럭시북4 프로,NT940XGQ-A51A,정보없음,삼성전자 갤럭시북4 프로 NT940XGQ-A51A,14인치,2880x1800,코어 울트라5,400nit,120Hz,인텔,4.5GHz,내장그래픽,Arc,7core,정보없음,정보없음,1.23kg,정보없음,[]
삼성전자,갤럭시북4 프로,NT940XGK-KD72S,정보없음,삼성전자 갤럭시북4 프로 NT940XGK-KD72S,14인치,2880x1800,코어 울트라7,400nit,120Hz,인텔,4.8GHz,내장그래픽,Arc,8core,정보없음,정보없음,1.23kg,윈도우11홈,[]
삼성전자,갤럭시북4 프로,NT960XGK,정보없음,삼성전자 갤럭시북4 프로 NT960XGK U5G,16인치,2880x1800,코어 울트라5,400nit,120Hz,인텔,4.5GHz,내장그래픽,Arc,7core,정보없음,정보없음,1.56kg,윈도우11,[]
삼성전자,갤럭시북4 프로,NT960XGK-KC71G,정보없음,삼성전자 갤럭시북4 프로 NT960XGK-KC71G,16인치,2880x1800,코어 울트라7,400nit,120Hz,인텔,4.8GHz,내장그래픽,Arc,8core,정보없음,정보없음,1.56kg,윈도우11홈,[]
삼성전자,갤럭시북4 프로,NT940XGK-K71AR,정보없음,삼성전자 갤럭시북4 프로 NT940XGK-K71AR,14인치,2880x1800,코어 울트라7,400nit,120Hz,인텔,4.8GHz,내장그래픽,Arc,8core,정보없음,정보없음,1.23kg,윈도우11홈,[]
삼성전자,갤럭시북4 프로,NT960XGK-KC51G,정보없음,삼성전자 갤럭시북4 프로 NT960XGK-KC51G,16인치,2880x1800,코어 울트라5,400nit,120Hz,인텔,4.5GHz,내장그래픽,Arc,7core,정보없음,정보없음,1.56kg,윈도우11홈,[]
삼성전자,갤럭시북4 프로,NT960XGQ-A51A,정보없음,삼성전자 갤럭시북4 프로 NT960XGQ-A51A,16인치,2880x1800,코어 울트라5,400nit,120Hz,인텔,4.5GHz,내장그래픽,Arc,7core,정보없음,정보없음,1.56kg,정보없음,[]
삼성전자,갤럭시북4 프로,NT960XGK-KC51S,정보없음,삼성전자 갤럭시북4 프로 NT960XGK-KC51S,16인치,2880x1800,코어 울트라5,400nit,120Hz,인텔,4.5GHz,내장그래픽,Arc,7core,정보없음,정보없음,1.56kg,윈도우11홈,[]
삼성전자,갤럭시북4 프로,NT940XGK-KC51S,정보없음,삼성전자 갤럭시북4 프로 NT940XGK-KC51S,14인치,2880x1800,코어 울트라5,400nit,120Hz,인텔,4.5GHz,내장그래픽,Arc,7core,정보없음,정보없음,1.23kg,윈도우11홈,[]
삼성전자,갤럭시북4 프로,NT940XGK-KC50G,정보없음,삼성전자 갤럭시북4 프로 NT940XGK-KC50G,14인치,2880x1800,코어 울트라5,400nit,120Hz,인텔,4.5GHz,내장그래픽,Arc,7core,정보없음,정보없음,1.23kg,윈도우11홈,[]
삼성전자,갤럭시북4 프로,NT960XGK-K71A,정보없음,삼성전자 갤럭시북4 프로 NT960XGK-K71A,16인치,2880x1800,코어 울트라7,400nit,120Hz,인텔,4.8GHz,내장그래픽,Arc,8core,정보없음,정보없음,1.56kg,윈도우11홈,[]
삼성전자,갤럭시북4 프로,NT940XGK-KH51G,정보없음,삼성전자 갤럭시북4 프로 NT940XGK-KH51G,14인치,2880x1800,코어 울트라5,400nit,120Hz,인텔,4.5GHz,내장그래픽,Arc,7core,정보없음,정보없음,1.23kg,윈도우11홈,[]
삼성전자,갤럭시북4 프로,NT940XGQ-A51A,정보없음,삼성전자 갤럭시북4 프로 NT940XGQ-A51A WIN11,14인치,2880x1800,코어 울트라5,400nit,120Hz,인텔,4.5GHz,내장그래픽,Arc,7core,정보없음,정보없음,1.23kg,윈도우11(설치),[]
삼성전자,갤럭시북4 프로,NT960XGK-KH51G,정보없음,삼성전자 갤럭시북4 프로 NT960XGK-KH51G,16인치,2880x1800,코어 울트라5,400nit,120Hz,인텔,4.5GHz,내장그래픽,Arc,7core,정보없음,정보없음,1.56kg,윈도우11홈,[]
삼성전자,갤럭시북4 프로,NT960XGQ-A52A,정보없음,삼성전자 갤럭시북4 프로 NT960XGQ-A52A,16인치,2880x1800,코어 울트라5,400nit,120Hz,인텔,4.5GHz,내장그래픽,Arc,7core,정보없음,정보없음,1.56kg,정보없음,[]
삼성전자,갤럭시북4 프로,NT960XGQ-A51A,16GB,삼성전자 갤럭시북4 프로 NT960XGQ-A51A WIN11,16인치,2880x1800,코어 울트라5,400nit,120Hz,인텔,4.5GHz,내장그래픽,Arc,7core,256GB,76Wh,1.56kg,윈도우11(설치),['사무/인강용']
삼성전자,갤럭시북4 프로,NT960XGK-KC71S,정보없음,삼성전자 갤럭시북4 프로 NT960XGK-KC71S,16인치,2880x1800,코어 울트라7,400nit,120Hz,인텔,4.8GHz,내장그래픽,Arc,8core,정보없음,정보없음,1.56kg,윈도우11홈,[]
삼성전자,갤럭시북4 프로,NT960XGK-KD72S,정보없음,삼성전자 갤럭시북4 프로 NT960XGK-KD72S,16인치,2880x1800,코어 울트라7,400nit,120Hz,인텔,4.8GHz,내장그래픽,Arc,8core,정보없음,정보없음,1.56kg,윈도우11홈,[]
삼성전자,갤럭시북4 프로,NT960XGK-K71AR,정보없음,삼성전자 갤럭시북4 프로 NT960XGK-K71AR,16인치,2880x1800,코어 울트라7,400nit,120Hz,인텔,4.8GHz,내장그래픽,Arc,8core,정보없음,정보없음,1.56kg,윈도우11홈,[]
삼성전자,갤럭시북4 프로,NT960XGQ-A52A,32GB,삼성전자 갤럭시북4 프로 NT960XGQ-A52A WIN11,16인치,2880x1800,코어 울트라5,400nit,120Hz,인텔,4.5GHz,내장그래픽,Arc,7core,256GB,76Wh,1.56kg,윈도우11(설치),['사무/인강용']
삼성전자,갤럭시북4 프로,NT960XGK-KP71G,정보없음,삼성전자 갤럭시북4 프로 NT960XGK-KP71G,16인치,2880x1800,코어 울트라7,400nit,120Hz,인텔,4.8GHz,내장그래픽,Arc,8core,정보없음,정보없음,1.56kg,윈도우11홈,[]
삼성전자,갤럭시북4 프로,NT960XGQ-AD51G,정보없음,삼성전자 갤럭시북4 프로 NT960XGQ-AD51G,16인치,2880x1800,코어 울트라5,400nit,120Hz,인텔,4.5GHz,내장그래픽,Arc,7core,정보없음,정보없음,1.56kg,정보없음,[]
삼성전자,갤럭시북4 프로,NT940XGQ-A71A,정보없음,삼성전자 갤럭시북4 프로 NT940XGQ-A71A,14인치,2880x1800,코어 울트라7,400nit,120Hz,인텔,4.8GHz,내장그래픽,Arc,8core,정보없음,정보없음,1.23kg,정보없음,[]
삼성전자,갤럭시북4 프로,NT940XGK-KD72G,정보없음,삼성전자 갤럭시북4 프로 NT940XGK-KD72G,14인치,2880x1800,코어 울트라7,400nit,120Hz,인텔,4.8GHz,내장그래픽,Arc,8core,정보없음,정보없음,1.23kg,윈도우11홈,[]
삼성전자,갤럭시북4 프로,NT940XGK-KP71S,정보없음,삼성전자 갤럭시북4 프로 NT940XGK-KP71S,14인치,2880x1800,코어 울트라7,400nit,120Hz,인텔,4.8GHz,내장그래픽,Arc,8core,정보없음,정보없음,1.23kg,윈도우11홈,[]
삼성전자,갤럭시북4 프로,NT960XGQ-AD51S,정보없음,삼성전자 갤럭시북4 프로 NT960XGQ-AD51S,16인치,2880x1800,코어 울트라5,400nit,120Hz,인텔,4.5GHz,내장그래픽,Arc,7core,정보없음,정보없음,1.56kg,정보없음,[]
삼성전자,갤럭시북4 프로,NT940XGK-KA72G,정보없음,삼성전자 갤럭시북4 프로 NT940XGK-KA72G,14인치,2880x1800,코어 울트라7,400nit,120Hz,인텔,4.8GHz,내장그래픽,Arc,8core,정보없음,정보없음,1.23kg,윈도우11홈,[]
삼성전자,갤럭시북4 프로,NT960XGK-KC50G,정보없음,삼성전자 갤럭시북4 프로 NT960XGK-KC50G,16인치,2880x1800,코어 울트라5,400nit,120Hz,인텔,4.5GHz,내장그래픽,Arc,7core,정보없음,정보없음,1.56kg,윈도우11홈,[]
삼성전자,갤럭시북4 프로,NT960XGQ-AD51G,정보없음,삼성전자 갤럭시북4 프로 NT960XGQ-AD51G WIN11,16인치,2880x1800,코어 울트라5,400nit,120Hz,인텔,4.5GHz,내장그래픽,Arc,7core,정보없음,정보없음,1.56kg,윈도우11(설치),[]
삼성전자,갤럭시북4 프로,NT960XGK-KA72G,정보없음,삼성전자 갤럭시북4 프로 NT960XGK-KA72G,16인치,2880x1800,코어 울트라7,400nit,120Hz,인텔,4.8GHz,내장그래픽,Arc,8core,정보없음,정보없음,1.56kg,윈도우11홈,[]
삼성전자,갤럭시북4 프로,NT940XGQ-AD51S,정보없음,삼성전자 갤럭시북4 프로 NT940XGQ-AD51S,14인치,2880x1800,코어 울트라5,400nit,120Hz,인텔,4.5GHz,내장그래픽,Arc,7core,정보없음,정보없음,1.23kg,정보없음,[]
삼성전자,갤럭시북4 프로,NT960XGK-KD72G,정보없음,삼성전자 갤럭시북4 프로 NT960XGK-KD72G,16인치,2880x1800,코어 울트라7,400nit,120Hz,인텔,4.8GHz,내장그래픽,Arc,8core,정보없음,정보없음,1.56kg,윈도우11홈,[]
삼성전자,갤럭시북4 프로,NT960XGQ-AD72G,정보없음,삼성전자 갤럭시북4 프로 NT960XGQ-AD72G,16인치,2880x1800,코어 울트라7,400nit,120Hz,인텔,4.8GHz,내장그래픽,Arc,8core,정보없음,정보없음,1.56kg,정보없음,[]
삼성전자,갤럭시북4 프로,NT940XGQ-A71A,정보없음,삼성전자 갤럭시북4 프로 NT940XGQ-A71A WIN11,14인치,2880x1800,코어 울트라7,400nit,120Hz,인텔,4.8GHz,내장그래픽,Arc,8core,정보없음,정보없음,1.23kg,윈도우11(설치),[]
삼성전자,갤럭시북4 프로,NT960XGQ-AD51S,정보없음,삼성전자 갤럭시북4 프로 NT960XGQ-AD51S WIN11,16인치,2880x1800,코어 울트라5,400nit,120Hz,인텔,4.5GHz,내장그래픽,Arc,7core,정보없음,정보없음,1.56kg,윈도우11(설치),[]
삼성전자,갤럭시북4 프로,NT960XGK-KA72S,정보없음,삼성전자 갤럭시북4 프로 NT960XGK-KA72S,16인치,2880x1800,코어 울트라7,400nit,120Hz,인텔,4.8GHz,내장그래픽,Arc,8core,정보없음,정보없음,1.56kg,윈도우11홈,[]
삼성전자,갤럭시북4 프로,NT940XGK-KA72S,정보없음,삼성전자 갤럭시북4 프로 NT940XGK-KA72S,14인치,2880x1800,코어 울트라7,400nit,120Hz,인텔,4.8GHz,내장그래픽,Arc,8core,정보없음,정보없음,1.23kg,윈도우11홈,[]
삼성전자,갤럭시북4 프로,NT940XGQ-AD51S,정보없음,삼성전자 갤럭시북4 프로 NT940XGQ-AD51S WIN11,14인치,2880x1800,코어 울트라5,400nit,120Hz,인텔,4.5GHz,내장그래픽,Arc,7core,정보없음,정보없음,1.23kg,윈도우11(설치),[]
삼성전자,갤럭시북4 프로,NT960XGQ-AD72G,32GB,삼성전자 갤럭시북4 프로 NT960XGQ-AD72G WIN11,16인치,2880x1800,코어 울트라7,400nit,120Hz,인텔,4.8GHz,내장그래픽,Arc,8core,1TB,76Wh,1.56kg,윈도우11(설치),['사무/인강용']
삼성전자,갤럭시북4 프로,NT940XGK,정보없음,삼성전자 갤럭시북4 프로 NT940XGK U7 WIN11,14인치,2880x1800,코어 울트라7,400nit,120Hz,인텔,4.8GHz,내장그래픽,Arc,8core,정보없음,정보없음,1.23kg,윈도우11(설치),[]
삼성전자,갤럭시북4 프로,NT960XGK-KG51G,정보없음,삼성전자 갤럭시북4 프로 NT960XGK-KG51G,16인치,2880x1800,코어 울트라5,400nit,120Hz,인텔,4.5GHz,내장그래픽,Arc,7core,정보없음,정보없음,1.56kg,윈도우11프로,[]
삼성전자,갤럭시북4 프로,NT940XGK-KA51G,정보없음,삼성전자 갤럭시북4 프로 NT940XGK-KA51G,14인치,2880x1800,코어 울트라5,400nit,120Hz,인텔,4.5GHz,내장그래픽,Arc,7core,정보없음,정보없음,1.23kg,윈도우11홈,[]
삼성전자,갤럭시북4 프로,NT960XGK-KA51G,정보없음,삼성전자 갤럭시북4 프로 NT960XGK-KA51G,16인치,2880x1800,코어 울트라5,400nit,120Hz,인텔,4.5GHz,내장그래픽,Arc,7core,정보없음,정보없음,1.56kg,윈도우11홈,[]
삼성전자,갤럭시북4 프로,NT960XGQ-G,32GB,삼성전자 갤럭시북4 프로 NT960XGQ-G U5 WIN11,16인치,2880x1800,코어 울트라5,400nit,120Hz,인텔,4.5GHz,내장그래픽,Arc,7core,512GB,76Wh,1.56kg,윈도우11,['사무/인강용']
삼성전자,갤럭시북4 프로,NT940XGK-KA51S,정보없음,삼성전자 갤럭시북4 프로 NT940XGK-KA51S,14인치,2880x1800,코어 울트라5,400nit,120Hz,인텔,4.5GHz,내장그래픽,Arc,7core,정보없음,정보없음,1.23kg,윈도우11홈,[]
삼성전자,갤럭시북4 프로,NT960XGK,32GB,삼성전자 갤럭시북4 프로 NT960XGK U7 32GB램,16인치,2880x1800,코어 울트라7,400nit,120Hz,인텔,4.8GHz,내장그래픽,Arc,8core,정보없음,정보없음,1.56kg,윈도우11,[]
삼성전자,갤럭시북4 프로,NT960XGK,16GB,삼성전자 갤럭시북4 프로 NT960XGK U7 WIN11 16GB램,16인치,2880x1800,코어 울트라7,400nit,120Hz,인텔,4.8GHz,내장그래픽,Arc,8core,정보없음,정보없음,1.56kg,윈도우11,[]
삼성전자,갤럭시북4 프로,NT960XGK,정보없음,삼성전자 갤럭시북4 프로 NT960XGK U5S,16인치,2880x1800,코어 울트라5,400nit,120Hz,인텔,4.5GHz,내장그래픽,Arc,7core,정보없음,정보없음,1.56kg,윈도우11,[]
삼성전자,갤럭시북4 프로,NT940XGK,정보없음,삼성전자 갤럭시북4 프로 NT940XGK U5,14인치,2880x1800,코어 울트라5,400nit,120Hz,인텔,4.5GHz,내장그래픽,Arc,7core,정보없음,정보없음,1.23kg,윈도우11,[]
삼성전자,갤럭시북4 프로,NT960XGQ-S,32GB,삼성전자 갤럭시북4 프로 NT960XGQ-S U5 WIN11,16인치,2880x1800,코어 울트라5,400nit,120Hz,인텔,4.5GHz,내장그래픽,Arc,7core,512GB,76Wh,1.56kg,윈도우11,['사무/인강용']
삼성전자,갤럭시북4 프로,NT940XGK-KC71G,16GB,삼성전자 갤럭시북4 프로 NT940XGK-KC71G,14인치,2880x1800,코어 울트라7,정보없음,정보없음,인텔,4.8GHz,내장그래픽,Arc,8core,512GB,63Wh,1.23kg,윈도우11홈,"['사무/인강용', '휴대용']"
삼성전자,갤럭시북4 프로,NT940XGK-KA71G,16GB,삼성전자 갤럭시북4 프로 NT940XGK-KA71G,14인치,2880x1800,코어 울트라7,정보없음,정보없음,인텔,4.8GHz,내장그래픽,Arc,8core,512GB,63Wh,1.23kg,윈도우11홈,"['사무/인강용', '휴대용']"
삼성전자,갤럭시북4 프로,NT940XGK-KA71S,16GB,삼성전자 갤럭시북4 프로 NT940XGK-KA71S,14인치,2880x1800,코어 울트라7,정보없음,정보없음,인텔,4.8GHz,내장그래픽,Arc,8core,512GB,63Wh,1.23kg,윈도우11홈,"['사무/인강용', '휴대용']"
삼성전자,갤럭시북4 프로,NT940XGK-KP71G,16GB,삼성전자 갤럭시북4 프로 NT940XGK-KP71G,14인치,2880x1800,코어 울트라7,정보없음,정보없음,인텔,4.8GHz,내장그래픽,Arc,8core,512GB,63Wh,1.23kg,윈도우11홈,"['사무/인강용', '휴대용']"
삼성전자,갤럭시북4 프로,NT940XGK-KC71S,16GB,삼성전자 갤럭시북4 프로 NT940XGK-KC71S,14인치,2880x1800,코어 울트라7,정보없음,정보없음,인텔,4.8GHz,내장그래픽,Arc,8core,512GB,63Wh,1.23kg,윈도우11홈,"['사무/인강용', '휴대용']"
삼성전자,갤럭시북4 프로,NT940XGK-KC50S,16GB,삼성전자 갤럭시북4 프로 NT940XGK-KC50S,14인치,2880x1800,코어 울트라5,정보없음,정보없음,인텔,4.5GHz,내장그래픽,Arc,7core,256GB,63Wh,1.23kg,윈도우11홈,"['사무/인강용', '휴대용']"
삼성전자,갤럭시북4 프로,NT940XGK-KC70S,16GB,삼성전자 갤럭시북4 프로 NT940XGK-KC70S,14인치,2880x1800,코어 울트라7,정보없음,정보없음,인텔,4.8GHz,내장그래픽,Arc,8core,256GB,63Wh,1.23kg,윈도우11홈,"['사무/인강용', '휴대용']"
삼성전자,갤럭시북4 프로,NT940XGK-KH71G,16GB,삼성전자 갤럭시북4 프로 NT940XGK-KH71G,14인치,2880x1800,코어 울트라7,정보없음,정보없음,인텔,4.8GHz,내장그래픽,Arc,8core,512GB,63Wh,1.23kg,윈도우11홈,"['사무/인강용', '휴대용']"
삼성전자,갤럭시북4 프로,NT940XGK-KC70G,16GB,삼성전자 갤럭시북4 프로 NT940XGK-KC70G,14인치,2880x1800,코어 울트라7,정보없음,정보없음,인텔,4.8GHz,내장그래픽,Arc,8core,256GB,63Wh,1.23kg,윈도우11홈,"['사무/인강용', '휴대용']"
삼성전자,갤럭시북4 프로,NT940XGK-KP51S,16GB,삼성전자 갤럭시북4 프로 NT940XGK-KP51S,14인치,2880x1800,코어 울트라5,정보없음,정보없음,인텔,4.5GHz,내장그래픽,Arc,7core,512GB,63Wh,1.23kg,윈도우11프로,"['사무/인강용', '휴대용']"
삼성전자,갤럭시북4 프로 U7,NT960XGK,정보없음,삼성전자 갤럭시북4 프로 NT960XGK U7,16인치,2880x1800,코어 울트라7,400nit,120Hz,인텔,4.8GHz,내장그래픽,Arc,8core,정보없음,정보없음,1.56kg,윈도우11,[]
삼성전자,갤럭시북4 프로 U7,NT960XGK,32GB,삼성전자 갤럭시북4 프로 NT960XGK U7 WIN11 32GB램,16인치,2880x1800,코어 울트라7,400nit,120Hz,인텔,4.8GHz,내장그래픽,Arc,8core,정보없음,정보없음,1.56kg,윈도우11,[]
삼성전자,갤럭시북4 프로360,NT960QGK-K71A,정보없음,26 삼성전자 갤럭시북4 프로360 NT960QGK-K71A,16인치,2880x1800,코어 울트라7,400nit,120Hz,인텔,4.8GHz,내장그래픽,Arc,8core,정보없음,정보없음,1.66kg,윈도우11홈,[]
삼성전자,갤럭시북4 프로360,NT960QGK-KC71G,정보없음,삼성전자 갤럭시북4 프로360 NT960QGK-KC71G,16인치,2880x1800,코어 울트라7,400nit,120Hz,인텔,4.8GHz,내장그래픽,Arc,8core,정보없음,정보없음,1.66kg,윈도우11홈,[]
삼성전자,갤럭시북4 프로360,NT960QGK-K71AR,정보없음,삼성전자 갤럭시북4 프로360 NT960QGK-K71AR,16인치,2880x1800,코어 울트라7,400nit,120Hz,인텔,4.8GHz,내장그래픽,Arc,8core,정보없음,정보없음,1.66kg,윈도우11홈,[]
삼성전자,갤럭시북4 프로360,NT960QGK-KD72G,정보없음,삼성전자 갤럭시북4 프로360 NT960QGK-KD72G,16인치,2880x1800,코어 울트라7,400nit,120Hz,인텔,4.8GHz,내장그래픽,Arc,8core,정보없음,정보없음,1.66kg,윈도우11홈,[]
삼성전자,갤럭시북4 프로360,NT960QGK-KC71S,정보없음,삼성전자 갤럭시북4 프로360 NT960QGK-KC71S,16인치,2880x1800,코어 울트라7,400nit,120Hz,인텔,4.8GHz,내장그래픽,Arc,8core,정보없음,정보없음,1.66kg,윈도우11홈,[]
삼성전자,갤럭시북4 프로360,NT960QGK-KD72S,정보없음,삼성전자 갤럭시북4 프로360 NT960QGK-KD72S,16인치,2880x1800,코어 울트라7,400nit,120Hz,인텔,4.8GHz,내장그래픽,Arc,8core,정보없음,정보없음,1.66kg,윈도우11홈,[]
삼성전자,갤럭시북4 프로360,NT960QGK-KC51S,정보없음,삼성전자 갤럭시북4 프로360 NT960QGK-KC51S,16인치,2880x1800,코어 울트라5,400nit,120Hz,인텔,4.5GHz,내장그래픽,Arc,7core,정보없음,정보없음,1.66kg,윈도우11홈,[]
삼성전자,갤럭시북4 프로360,NT960QGK-KC51G,정보없음,삼성전자 갤럭시북4 프로360 NT960QGK-KC51G,16인치,2880x1800,코어 울트라5,400nit,120Hz,인텔,4.5GHz,내장그래픽,Arc,7core,정보없음,정보없음,1.66kg,윈도우11홈,[]
삼성전자,갤럭시북4 프로360,NT960QGQ-A51A,16GB,삼성전자 갤럭시북4 프로360 NT960QGQ-A51A WIN11,16인치,2880x1800,코어 울트라5,400nit,120Hz,인텔,4.5GHz,내장그래픽,Arc,7core,256GB,76Wh,1.66kg,윈도우11(설치),['사무/인강용']
삼성전자,갤럭시북4 프로360,NT960QGK-KA72G,정보없음,삼성전자 갤럭시북4 프로360 NT960QGK-KA72G,16인치,2880x1800,코어 울트라7,400nit,120Hz,인텔,4.8GHz,내장그래픽,Arc,8core,정보없음,정보없음,1.66kg,윈도우11홈,[]
삼성전자,갤럭시북4 프로360,NT960QGQ-A51A,정보없음,삼성전자 갤럭시북4 프로360 NT960QGQ-A51A,16인치,2880x1800,코어 울트라5,400nit,120Hz,인텔,4.5GHz,내장그래픽,Arc,7core,정보없음,정보없음,1.66kg,정보없음,[]
삼성전자,갤럭시북4 프로360,NT960QGK-KA72S,정보없음,삼성전자 갤럭시북4 프로360 NT960QGK-KA72S,16인치,2880x1800,코어 울트라7,400nit,120Hz,인텔,4.8GHz,내장그래픽,Arc,8core,정보없음,정보없음,1.66kg,윈도우11홈,[]
삼성전자,갤럭시북4 프로360,NT960QGK-KH51G,정보없음,삼성전자 갤럭시북4 프로360 NT960QGK-KH51G,16인치,2880x1800,코어 울트라5,400nit,120Hz,인텔,4.5GHz,내장그래픽,Arc,7core,정보없음,정보없음,1.66kg,윈도우11홈,[]
삼성전자,갤럭시북4 프로360,NT960QGK,32GB,삼성전자 갤럭시북4 프로360 NT960QGK U7 WIN11 32GB램,16인치,2880x1800,코어 울트라7,400nit,120Hz,인텔,4.8GHz,내장그래픽,Arc,8core,정보없음,정보없음,1.66kg,윈도우11,[]
삼성전자,갤럭시북4 프로360 NEW,NT960QGK-KG71G,16GB,삼성전자 갤럭시북4 프로360 NT960QGK-KG71G NEW,16인치,2880x1800,코어 울트라7,400nit,120Hz,인텔,4.8GHz,내장그래픽,Arc,8core,512GB,76Wh,1.66kg,윈도우11프로,['사무/인강용']
삼성전자,갤럭시북4 프로360,NT960QGK,정보없음,삼성전자 갤럭시북4 프로360 NT960QGK U7 WIN11,16인치,2880x1800,코어 울트라7,400nit,120Hz,인텔,4.8GHz,내장그래픽,Arc,8core,정보없음,정보없음,1.66kg,윈도우11,[]
삼성전자,갤럭시북5 프로,NT940XHA-K51A,16GB,1 삼성전자 갤럭시북5 프로 NT940XHA-K51A,14인치,2880x1800,코어 울트라5,400nit,120Hz,인텔,4.5GHz,내장그래픽,Arc 130V,7core,256GB,63Wh,1.23kg,윈도우11홈,"['사무/인강용', '휴대용']"
삼성전자,갤럭시북5 프로,NT960XHA-K52A,32GB,6 삼성전자 갤럭시북5 프로 NT960XHA-K52A,16인치,2880x1800,코어 울트라5,400nit,120Hz,인텔,4.5GHz,내장그래픽,Arc 130V,7core,256GB,76Wh,1.56kg,윈도우11홈,['사무/인강용']
삼성전자,갤럭시북5 프로,NT940XHA-KH72A,32GB,16 삼성전자 갤럭시북5 프로 NT940XHA-KH72A,14인치,2880x1800,코어 울트라7,정보없음,정보없음,인텔,4.8GHz,내장그래픽,Arc 140V,8core,512GB,63Wh,1.23kg,윈도우11홈,"['사무/인강용', '휴대용']"
삼성전자,갤럭시북5 프로,NT960XHA-K71AR,32GB,18 삼성전자 갤럭시북5 프로 NT960XHA-K71AR,16인치,2880x1800,코어 울트라7,400nit,120Hz,인텔,4.8GHz,내장그래픽,Arc 140V,8core,1TB,76Wh,1.56kg,윈도우11홈,['사무/인강용']
삼성전자,갤럭시북5 프로,NT960XHA-KH51G,16GB,삼성전자 갤럭시북5 프로 NT960XHA-KH51G,16인치,2880x1800,코어 울트라5,400nit,120Hz,인텔,4.5GHz,내장그래픽,Arc 130V,7core,512GB,76Wh,1.56kg,윈도우11홈,['사무/인강용']
삼성전자,갤럭시북5 프로,NT960XHA-KP72G,32GB,삼성전자 갤럭시북5 프로 NT960XHA-KP72G,16인치,2880x1800,코어 울트라7,400nit,120Hz,인텔,4.8GHz,내장그래픽,Arc 140V,8core,512GB,76Wh,1.56kg,윈도우11홈,['사무/인강용']
삼성전자,갤럭시북5 프로,NT960XHA-K71A,16GB,삼성전자 갤럭시북5 프로 NT960XHA-K71A,16인치,2880x1800,코어 울트라7,400nit,120Hz,인텔,4.8GHz,내장그래픽,Arc 140V,8core,512GB,76Wh,1.56kg,윈도우11홈,['사무/인강용']
삼성전자,갤럭시북5 프로,NT940XHA-KD72G,32GB,삼성전자 갤럭시북5 프로 NT940XHA-KD72G,14인치,2880x1800,코어 울트라7,400nit,120Hz,인텔,4.8GHz,내장그래픽,Arc 140V,8core,1TB,63Wh,1.23kg,윈도우11홈,"['사무/인강용', '휴대용']"
삼성전자,갤럭시북5 프로,NT960XHA-KD72S,32GB,삼성전자 갤럭시북5 프로 NT960XHA-KD72S,16인치,2880x1800,코어 울트라7,400nit,120Hz,인텔,4.8GHz,내장그래픽,Arc 140V,8core,1TB,76Wh,1.56kg,윈도우11홈,['사무/인강용']
삼성전자,갤럭시북5 프로,NT940XHA-KD72S,32GB,삼성전자 갤럭시북5 프로 NT940XHA-KD72S,14인치,2880x1800,코어 울트라7,400nit,120Hz,인텔,4.8GHz,내장그래픽,Arc 140V,8core,1TB,63Wh,1.23kg,윈도우11홈,"['사무/인강용', '휴대용']"
삼성전자,갤럭시북5 프로,NT940XHA-K71AR,32GB,삼성전자 갤럭시북5 프로 NT940XHA-K71AR,14인치,2880x1800,코어 울트라7,400nit,120Hz,인텔,4.8GHz,내장그래픽,Arc 140V,8core,512GB,63Wh,1.23kg,윈도우11홈,"['사무/인강용', '휴대용']"
삼성전자,갤럭시북5 프로,NT960XHA-KD72G,32GB,삼성전자 갤럭시북5 프로 NT960XHA-KD72G,16인치,2880x1800,코어 울트라7,400nit,120Hz,인텔,4.8GHz,내장그래픽,Arc 140V,8core,1TB,76Wh,1.56kg,윈도우11홈,['사무/인강용']
삼성전자,갤럭시북5 프로,NT960XHA-K51A,16GB,삼성전자 갤럭시북5 프로 NT960XHA-K51A,16인치,2880x1800,코어 울트라5,400nit,120Hz,인텔,4.5GHz,내장그래픽,Arc 130V,7core,256GB,76Wh,1.56kg,윈도우11홈,['사무/인강용']
삼성전자,갤럭시북5 프로,NT960XHA-KC51G,16GB,삼성전자 갤럭시북5 프로 NT960XHA-KC51G,16인치,2880x1800,코어 울트라5,400nit,120Hz,인텔,4.5GHz,내장그래픽,Arc 130V,7core,512GB,76Wh,1.56kg,윈도우11홈,['사무/인강용']
삼성전자,갤럭시북5 프로,NT940XHA-KC71S,16GB,삼성전자 갤럭시북5 프로 NT940XHA-KC71S,14인치,2880x1800,코어 울트라7,400nit,120Hz,인텔,4.8GHz,내장그래픽,Arc 140V,8core,512GB,63Wh,1.23kg,윈도우11홈,"['사무/인강용', '휴대용']"
삼성전자,갤럭시북5 프로,NT960XHA-KC71G,16GB,삼성전자 갤럭시북5 프로 NT960XHA-KC71G,16인치,2880x1800,코어 울트라7,400nit,120Hz,인텔,4.8GHz,내장그래픽,Arc 140V,8core,512GB,76Wh,1.56kg,윈도우11홈,['사무/인강용']
삼성전자,갤럭시북5 프로,NT940XHA-KC71G,16GB,삼성전자 갤럭시북5 프로 NT940XHA-KC71G,14인치,2880x1800,코어 울트라7,400nit,120Hz,인텔,4.8GHz,내장그래픽,Arc 140V,8core,512GB,63Wh,1.23kg,윈도우11홈,"['사무/인강용', '휴대용']"
삼성전자,갤럭시북5 프로,NT960XHA-KC51S,16GB,삼성전자 갤럭시북5 프로 NT960XHA-KC51S,16인치,2880x1800,코어 울트라5,400nit,120Hz,인텔,4.5GHz,내장그래픽,Arc 130V,7core,512GB,76Wh,1.56kg,윈도우11홈,['사무/인강용']
삼성전자,갤럭시북5 프로,NT940XHA-KC51S,16GB,삼성전자 갤럭시북5 프로 NT940XHA-KC51S,14인치,2880x1800,코어 울트라5,400nit,120Hz,인텔,4.5GHz,내장그래픽,Arc 130V,7core,512GB,63Wh,1.23kg,윈도우11홈,"['사무/인강용', '휴대용']"
삼성전자,갤럭시북5 프로,NT960XHA-KC71S,16GB,삼성전자 갤럭시북5 프로 NT960XHA-KC71S,16인치,2880x1800,코어 울트라7,400nit,120Hz,인텔,4.8GHz,내장그래픽,Arc 140V,8core,512GB,76Wh,1.56kg,윈도우11홈,['사무/인강용']
삼성전자,갤럭시북5 프로,NT940XHA-KC51G,16GB,삼성전자 갤럭시북5 프로 NT940XHA-KC51G,14인치,2880x1800,코어 울트라5,400nit,120Hz,인텔,4.5GHz,내장그래픽,Arc 130V,7core,512GB,63Wh,1.23kg,윈도우11홈,"['사무/인강용', '휴대용']"
삼성전자,갤럭시북5 프로,NT940XHA-KP72S,32GB,삼성전자 갤럭시북5 프로 NT940XHA-KP72S,14인치,2880x1800,코어 울트라7,400nit,120Hz,인텔,4.8GHz,내장그래픽,Arc 140V,8core,512GB,63Wh,1.23kg,윈도우11홈,"['사무/인강용', '휴대용']"
삼성전자,갤럭시북5 프로,NT940XHA-KH51G,16GB,삼성전자 갤럭시북5 프로 NT940XHA-KH51G,14인치,2880x1800,코어 울트라5,400nit,120Hz,인텔,4.5GHz,내장그래픽,Arc 130V,7core,512GB,63Wh,1.23kg,윈도우11홈,"['사무/인강용', '휴대용']"
삼성전자,갤럭시북5 프로,NT941XHA-KE51G,16GB,삼성전자 갤럭시북5 프로 NT941XHA-KE51G,14인치,2880x1800,코어 울트라5,400nit,120Hz,인텔,4.5GHz,내장그래픽,Arc 130V,7core,512GB,63Wh,1.23kg,윈도우11홈,"['사무/인강용', '휴대용']"
삼성전자,갤럭시북5 프로,NT961XHA-KE51G,16GB,삼성전자 갤럭시북5 프로 NT961XHA-KE51G,16인치,2880x1800,코어 울트라5,400nit,120Hz,인텔,4.5GHz,내장그래픽,Arc 130V,7core,512GB,76Wh,1.56kg,윈도우11홈,['사무/인강용']
삼성전자,갤럭시북5 프로,NT961XHA-KE51S,16GB,삼성전자 갤럭시북5 프로 NT961XHA-KE51S,16인치,2880x1800,코어 울트라5,400nit,120Hz,인텔,4.5GHz,내장그래픽,Arc 130V,7core,512GB,76Wh,1.56kg,윈도우11홈,['사무/인강용']
삼성전자,갤럭시북5 프로,NT941XHA-KE51S,16GB,삼성전자 갤럭시북5 프로 NT941XHA-KE51S,14인치,2880x1800,코어 울트라5,400nit,120Hz,인텔,4.5GHz,내장그래픽,Arc 130V,7core,512GB,63Wh,1.23kg,윈도우11홈,"['사무/인강용', '휴대용']"
삼성전자,갤럭시북5 프로,NT960XHA-KH72A,32GB,삼성전자 갤럭시북5 프로 NT960XHA-KH72A,16인치,2880x1800,코어 울트라7,정보없음,정보없음,인텔,4.8GHz,내장그래픽,Arc 140V,8core,1TB,76Wh,1.56kg,윈도우11홈,['사무/인강용']
삼성전자,갤럭시북5 프로,NT960XHA-KP72S,32GB,삼성전자 갤럭시북5 프로 NT960XHA-KP72S,16인치,2880x1800,코어 울트라7,400nit,120Hz,인텔,4.8GHz,내장그래픽,Arc 140V,8core,512GB,76Wh,1.56kg,윈도우11홈,['사무/인강용']
삼성전자,갤럭시북5 프로,NT961XHA-KE72G,32GB,삼성전자 갤럭시북5 프로 NT961XHA-KE72G,16인치,2880x1800,코어 울트라7,400nit,120Hz,인텔,4.8GHz,내장그래픽,Arc 140V,8core,1TB,76Wh,1.56kg,윈도우11홈,['사무/인강용']
삼성전자,갤럭시북5 프로,NT940XHA,32GB,삼성전자 갤럭시북5 프로 NT940XHA Ultra7,14인치,2880x1800,코어 울트라7,400nit,120Hz,인텔,4.8GHz,내장그래픽,Arc 140V,8core,512GB,63Wh,1.23kg,윈도우11프로,"['사무/인강용', '휴대용']"
삼성전자,갤럭시북5 프로,NT961XHA,32GB,삼성전자 갤럭시북5 프로 NT961XHA U7,16인치,2880x1800,코어 울트라7,정보없음,정보없음,인텔,4.8GHz,내장그래픽,Arc 140V,8core,256GB,76Wh,1.56kg,윈도우11프로,['사무/인강용']
삼성전자,갤럭시북5 프로360,NT960QHA-K71AR,32GB,12 삼성전자 갤럭시북5 프로360 NT960QHA-K71AR,16인치,2880x1800,코어 울트라7,400nit,120Hz,인텔,4.8GHz,내장그래픽,Arc 140V,8core,1TB,76Wh,1.69kg,윈도우11홈,['사무/인강용']
삼성전자,갤럭시북5 프로360,NT960QHA-KD72G,32GB,삼성전자 갤럭시북5 프로360 NT960QHA-KD72G,16인치,2880x1800,코어 울트라7,400nit,120Hz,인텔,4.8GHz,내장그래픽,Arc 140V,8core,1TB,76Wh,1.69kg,윈도우11홈,['사무/인강용']
삼성전자,갤럭시북5 프로360,NT960QHA-KD72S,32GB,삼성전자 갤럭시북5 프로360 NT960QHA-KD72S,16인치,2880x1800,코어 울트라7,400nit,120Hz,인텔,4.8GHz,내장그래픽,Arc 140V,8core,1TB,76Wh,1.69kg,윈도우11홈,['사무/인강용']
삼성전자,갤럭시북5 프로360,NT960QHA-KC51G,16GB,삼성전자 갤럭시북5 프로360 NT960QHA-KC51G,16인치,2880x1800,코어 울트라5,400nit,120Hz,인텔,4.5GHz,내장그래픽,Arc 130V,7core,512GB,76Wh,1.69kg,윈도우11홈,['사무/인강용']
삼성전자,갤럭시북5 프로360,NT960QHA-KC51S,16GB,삼성전자 갤럭시북5 프로360 NT960QHA-KC51S,16인치,2880x1800,코어 울트라5,400nit,120Hz,인텔,4.5GHz,내장그래픽,Arc 130V,7core,512GB,76Wh,1.69kg,윈도우11홈,['사무/인강용']
삼성전자,갤럭시북5 프로360,NT960QHA-KC71G,16GB,삼성전자 갤럭시북5 프로360 NT960QHA-KC71G,16인치,2880x1800,코어 울트라7,400nit,120Hz,인텔,4.8GHz,내장그래픽,Arc 140V,8core,512GB,76Wh,1.69kg,윈도우11홈,['사무/인강용']
삼성전자,갤럭시북5 프로360,NT960QHA-KC71S,16GB,삼성전자 갤럭시북5 프로360 NT960QHA-KC71S,16인치,2880x1800,코어 울트라7,400nit,120Hz,인텔,4.8GHz,내장그래픽,Arc 140V,8core,512GB,76Wh,1.69kg,윈도우11홈,['사무/인강용']
삼성전자,갤럭시북5 프로360,NT960QHA-KA51G,16GB,삼성전자 갤럭시북5 프로360 NT960QHA-KA51G,16인치,2880x1800,코어 울트라5,400nit,120Hz,인텔,4.5GHz,내장그래픽,Arc 130V,7core,512GB,76Wh,1.69kg,윈도우11홈,['사무/인강용']
삼성전자,갤럭시북5 프로360,NT960QHA-KH51G,16GB,삼성전자 갤럭시북5 프로360 NT960QHA-KH51G,16인치,2880x1800,코어 울트라5,400nit,120Hz,인텔,4.5GHz,내장그래픽,Arc 130V,7core,512GB,76Wh,1.69kg,윈도우11홈,['사무/인강용']
삼성전자,갤럭시북5 프로360,NT960QHA-K71A,16GB,삼성전자 갤럭시북5 프로360 NT960QHA-K71A,16인치,2880x1800,코어 울트라7,400nit,120Hz,인텔,4.8GHz,내장그래픽,Arc 140V,8core,512GB,76Wh,1.69kg,윈도우11홈,['사무/인강용']
삼성전자,갤럭시북5 프로360,NT960QHA-KA72G,32GB,삼성전자 갤럭시북5 프로360 NT960QHA-KA72G,16인치,2880x1800,코어 울트라7,400nit,120Hz,인텔,4.8GHz,내장그래픽,Arc 140V,8core,1TB,76Wh,1.69kg,윈도우11홈,['사무/인강용']
삼성전자,갤럭시북5 프로360,NT960QHA-KA72S,32GB,삼성전자 갤럭시북5 프로360 NT960QHA-KA72S,16인치,2880x1800,코어 울트라7,400nit,120Hz,인텔,4.8GHz,내장그래픽,Arc 140V,8core,1TB,76Wh,1.69kg,윈도우11홈,['사무/인강용']
삼성전자,갤럭시북5 프로360,NT960QHA-KA71G,16GB,삼성전자 갤럭시북5 프로360 NT960QHA-KA71G,16인치,2880x1800,코어 울트라7,400nit,120Hz,인텔,4.8GHz,내장그래픽,Arc 140V,8core,512GB,76Wh,1.69kg,윈도우11홈,['사무/인강용']
삼성전자,갤럭시북5 프로360,NT960QHA-K51A,16GB,삼성전자 갤럭시북5 프로360 NT960QHA-K51A,16인치,2880x1800,코어 울트라5,400nit,120Hz,인텔,4.5GHz,내장그래픽,Arc 130V,7core,512GB,76Wh,1.69kg,윈도우11홈,['사무/인강용']
삼성전자,갤럭시북5 프로360,NT960QHA-KA71S,16GB,삼성전자 갤럭시북5 프로360 NT960QHA-KA71S,16인치,2880x1800,코어 울트라7,400nit,120Hz,인텔,4.8GHz,내장그래픽,Arc 140V,8core,512GB,76Wh,1.69kg,윈도우11홈,['사무/인강용']
삼성전자,갤럭시북5 프로360,NT960QHA-KA51S,16GB,삼성전자 갤럭시북5 프로360 NT960QHA-KA51S,16인치,2880x1800,코어 울트라5,400nit,120Hz,인텔,4.5GHz,내장그래픽,Arc 130V,7core,512GB,76Wh,1.69kg,윈도우11홈,['사무/인강용']
삼성전자,갤럭시북5 프로360,NT960QHA,16GB,삼성전자 갤럭시북5 프로360 NT960QHA Ultra7,16인치,2880x1800,코어 울트라7,400nit,120Hz,인텔,4.8GHz,내장그래픽,Arc 140V,8core,512GB,76Wh,1.69kg,윈도우11프로,['사무/인강용']
삼성전자,갤럭시북5 프로360,NT960QHA-KH72A,32GB,삼성전자 갤럭시북5 프로360 NT960QHA-KH72A,16인치,2880x1800,코어 울트라7,400nit,120Hz,인텔,4.8GHz,내장그래픽,Arc 140V,8core,1TB,76Wh,1.69kg,윈도우11홈,['사무/인강용']
삼성전자,갤럭시북5 프로360,NT961QHA,32GB,삼성전자 갤럭시북5 프로360 NT961QHA U7,16인치,2880x1800,코어 울트라7,정보없음,정보없음,인텔,4.8GHz,내장그래픽,Arc 140V,8core,256GB,76Wh,1.69kg,윈도우11프로,['사무/인강용']
삼성전자,갤럭시북5 프로H,NT965XHW-A52A,32GB,21 삼성전자 갤럭시북5 프로H NT965XHW-A52A WIN11,16인치,2880x1800,코어 울트라5,400nit,120Hz,인텔,4.9GHz,내장그래픽,Arc 130T,7core,256GB,정보없음,1.56kg,윈도우11(설치),['사무/인강용']
삼성전자,갤럭시북5 프로H,NT965XHW-A51A,16GB,24 삼성전자 갤럭시북5 프로H NT965XHW-A51A,16인치,2880x1800,코어 울트라5,400nit,120Hz,인텔,4.9GHz,내장그래픽,Arc 130T,7core,256GB,정보없음,1.56kg,정보없음,['사무/인강용']
삼성전자,갤럭시북5 프로H,NT965XHW-A52A,32GB,삼성전자 갤럭시북5 프로H NT965XHW-A52A,16인치,2880x1800,코어 울트라5,400nit,120Hz,인텔,4.9GHz,내장그래픽,Arc 130T,7core,256GB,정보없음,1.56kg,정보없음,['사무/인강용']
삼성전자,갤럭시북5 프로H,NT965XHW-A51A,16GB,삼성전자 갤럭시북5 프로H NT965XHW-A51A WIN11,16인치,2880x1800,코어 울트라5,400nit,120Hz,인텔,4.9GHz,내장그래픽,Arc 130T,7core,256GB,정보없음,1.56kg,윈도우11(설치),['사무/인강용']
삼성전자,갤럭시북5 프로H,NT965XHW-A71AR,32GB,삼성전자 갤럭시북5 프로H NT965XHW-A71AR,16인치,2880x1800,코어 울트라7,400nit,120Hz,인텔,5.1GHz,내장그래픽,Arc 140T,8core,256GB,정보없음,1.56kg,정보없음,['사무/인강용']
삼성전자,갤럭시북5 프로H,NT965XHW-A71AR,32GB,삼성전자 갤럭시북5 프로H NT965XHW-A71AR WIN11,16인치,2880x1800,코어 울트라7,400nit,120Hz,인텔,5.1GHz,내장그래픽,Arc 140T,8core,256GB,정보없음,1.56kg,윈도우11(설치),['사무/인강용']
삼성전자,갤럭시북S,NT767XCL-KC58S,8GB,삼성전자 갤럭시북S NT767XCL-KC58S,13.3인치,1920x1080,정보없음,600nit,정보없음,인텔,1.4GHz,내장그래픽,UHD Graphics,1,256GB,42Wh,950g,윈도우10,"['사무/인강용', '휴대용']"
삼성전자,갤럭시북S,NT767XCL-KLTE,8GB,삼성전자 갤럭시북S NT767XCL-KLTE,13.3인치,1920x1080,정보없음,600nit,정보없음,인텔,1.4GHz,내장그래픽,UHD Graphics,1,512GB,42Wh,950g,윈도우10,"['사무/인강용', '휴대용']"
삼성전자,갤럭시북S,NT767XCM-K38,8GB,삼성전자 갤럭시북S NT767XCM-K38,13.3인치,1920x1080,정보없음,600nit,정보없음,인텔,0.8GHz,내장그래픽,UHD Graphics,1,256GB,42Wh,950g,윈도우10,"['사무/인강용', '휴대용']"
LG전자,그램 Fold,17X90R-GA50K,16GB,LG전자 그램 Fold 17X90R-GA50K,17인치,2560x1920,i5-1335U,400nit,정보없음,인텔,1.3GHz,내장그래픽,Iris Xe,1,512GB,72Wh,1.54kg,윈도우11홈,"['사무/인강용', '휴대용']"
LG전자,그램 스타일14,14Z90RS-GA56K,16GB,LG전자 그램 스타일14 14Z90RS-GA56K,14인치,2880x1800,i5-1340P,400nit,90Hz,인텔,1.9GHz,내장그래픽,Iris Xe,1,512GB,72Wh,999g,윈도우11홈,"['사무/인강용', '휴대용']"
LG전자,그램 스타일14,14ZD90RS-GX56K,16GB,LG전자 그램 스타일14 14ZD90RS-GX56K,14인치,2880x1800,i5-1340P,400nit,90Hz,인텔,1.9GHz,내장그래픽,Iris Xe,1,256GB,72Wh,999g,정보없음,"['사무/인강용', '휴대용']"
LG전자,그램 스타일14,14Z90RS-GA50K,16GB,LG전자 그램 스타일14 14Z90RS-GA50K,14인치,2880x1800,i5-1340P,400nit,90Hz,인텔,1.9GHz,내장그래픽,Iris Xe,1,256GB,72Wh,999g,윈도우11홈,"['사무/인강용', '휴대용']"
LG전자,그램 스타일14,14ZD90RS-GX56K,16GB,LG전자 그램 스타일14 14ZD90RS-GX56K WIN11,14인치,2880x1800,i5-1340P,400nit,90Hz,인텔,1.9GHz,내장그래픽,Iris Xe,1,256GB,72Wh,999g,윈도우11(설치),"['사무/인강용', '휴대용']"
LG전자,그램 스타일14,14Z90RS-GAFWK,16GB,LG전자 그램 스타일14 14Z90RS-GAFWK,14인치,2880x1800,i5-1340P,400nit,90Hz,인텔,1.9GHz,내장그래픽,Iris Xe,1,256GB,72Wh,999g,윈도우11홈,"['사무/인강용', '휴대용']"
LG전자,그램 스타일14,14ZD90RS-GX56K,16GB,LG전자 그램 스타일14 14ZD90RS-GX56K WIN10,14인치,2880x1800,i5-1340P,400nit,90Hz,인텔,1.9GHz,내장그래픽,Iris Xe,1,256GB,72Wh,999g,윈도우10(설치),"['사무/인강용', '휴대용']"
LG전자,그램 스타일16,16ZD90RS-GX56K,정보없음,LG전자 그램 스타일16 16ZD90RS-GX56K,16인치,3200x2000,i5-1340P,400nit,120Hz,인텔,1.9GHz,내장그래픽,Iris Xe,1,정보없음,정보없음,1.23kg,정보없음,[]
LG전자,그램 스타일16,16ZD90RS-GX56K,16GB,LG전자 그램 스타일16 16ZD90RS-GX56K WIN11,16인치,3200x2000,i5-1340P,400nit,120Hz,인텔,1.9GHz,내장그래픽,Iris Xe,1,256GB,80Wh,1.23kg,윈도우11(설치),"['사무/인강용', '휴대용']"
LG전자,그램 스타일16,16Z90RS-GA56K,16GB,LG전자 그램 스타일16 16Z90RS-GA56K,16인치,3200x2000,i5-1340P,400nit,120Hz,인텔,1.9GHz,내장그래픽,Iris Xe,1,512GB,80Wh,1.23kg,윈도우11홈,"['사무/인강용', '휴대용']"
LG전자,그램 스타일16,16Z90RS-GA50K,16GB,LG전자 그램 스타일16 16Z90RS-GA50K,16인치,3200x2000,i5-1340P,400nit,120Hz,인텔,1.9GHz,내장그래픽,Iris Xe,1,256GB,80Wh,1.23kg,윈도우11홈,"['사무/인강용', '휴대용']"
LG전자,그램 스타일16,16Z90RS-GA70K,16GB,LG전자 그램 스타일16 16Z90RS-GA70K,16인치,3200x2000,i7-1360P,400nit,120Hz,인텔,2.2GHz,내장그래픽,Iris Xe,1,512GB,80Wh,1.23kg,윈도우11홈,"['사무/인강용', '휴대용']"
LG전자,그램 스타일16,16Z90RS-GAFWK,16GB,LG전자 그램 스타일16 16Z90RS-GAFWK,16인치,3200x2000,i5-1340P,400nit,120Hz,인텔,1.9GHz,내장그래픽,Iris Xe,1,256GB,80Wh,1.23kg,윈도우11홈,"['사무/인강용', '휴대용']"
LG전자,그램 스타일16,16Z90RS-GA5CK,16GB,LG전자 그램 스타일16 16Z90RS-GA5CK,16인치,3200x2000,i5-1340P,400nit,120Hz,인텔,1.9GHz,내장그래픽,Iris Xe,1,1TB,80Wh,1.23kg,윈도우11홈,"['사무/인강용', '휴대용']"
LG전자,그램 스타일16,16ZD90RS-GX56K,16GB,LG전자 그램 스타일16 16ZD90RS-GX56K WIN10,16인치,3200x2000,i5-1340P,400nit,120Hz,인텔,1.9GHz,내장그래픽,Iris Xe,1,256GB,80Wh,1.23kg,윈도우10(설치),"['사무/인강용', '휴대용']"
LG전자,그램 프로16,16Z90SP-AD7VK,32GB,LG전자 그램 프로16 16Z90SP-AD7VK,16인치,2880x1800,코어 울트라7,400nit,120Hz,인텔,4.8GHz,외장그래픽,RTX3050,1,1TB,90Wh,1.279kg,윈도우11홈,"['그래픽작업용', '휴대용']"
LG전자,그램 프로16,16Z90SP-EP7KL,32GB,LG전자 그램 프로16 16Z90SP-EP7KL,16인치,2560x1600,코어 울트라7,정보없음,144Hz,인텔,4.8GHz,외장그래픽,RTX3050,1,256GB,90Wh,1.279kg,윈도우11프로,"['그래픽작업용', '휴대용']"
LG전자,그램 프로16,16Z90SP-KDOVK,32GB,LG전자 그램 프로16 16Z90SP-KDOVK,16인치,2880x1800,코어 울트라7,400nit,120Hz,인텔,4.8GHz,내장그래픽,Arc,8core,1TB,77Wh,1.199kg,윈도우11홈,"['사무/인강용', '휴대용']"
LG전자,그램 프로16,16Z90SP-GA5CK,16GB,LG전자 그램 프로16 16Z90SP-GA5CK,16인치,2560x1600,코어 울트라5,400nit,144Hz,인텔,4.5GHz,내장그래픽,Arc,7core,256GB,77Wh,1.199kg,윈도우11홈,"['사무/인강용', '휴대용']"
LG전자,그램 프로16,16ZD90SP-GX79K,32GB,LG전자 그램 프로16 16ZD90SP-GX79K WIN10,16인치,2560x1600,코어 울트라7,400nit,144Hz,인텔,4.8GHz,내장그래픽,Arc,8core,512GB,77Wh,1.199kg,윈도우10(설치),"['사무/인강용', '휴대용']"
LG전자,그램 프로16,16ZD90SP-GX56K,16GB,LG전자 그램 프로16 16ZD90SP-GX56K,16인치,2560x1600,코어 울트라5,400nit,144Hz,인텔,4.5GHz,내장그래픽,Arc,7core,256GB,77Wh,1.199kg,정보없음,"['사무/인강용', '휴대용']"
LG전자,그램 프로16,16Z90SP-KAOBK,16GB,LG전자 그램 프로16 16Z90SP-KAOBK,16인치,2880x1800,코어 울트라5,400nit,120Hz,인텔,4.5GHz,내장그래픽,Arc,7core,512GB,77Wh,1.199kg,윈도우11홈,"['사무/인강용', '휴대용']"
LG전자,그램 프로16,16ZD90SP-GX59K,32GB,LG전자 그램 프로16 16ZD90SP-GX59K WIN11,16인치,2560x1600,코어 울트라5,400nit,144Hz,인텔,4.5GHz,내장그래픽,Arc,7core,512GB,77Wh,1.199kg,윈도우11(설치),"['사무/인강용', '휴대용']"
LG전자,그램 프로16,16ZD90SP-GX56K,16GB,LG전자 그램 프로16 16ZD90SP-GX56K WIN11,16인치,2560x1600,코어 울트라5,400nit,144Hz,인텔,4.5GHz,내장그래픽,Arc,7core,256GB,77Wh,1.199kg,윈도우11(설치),"['사무/인강용', '휴대용']"
LG전자,그램 프로16,16ZD90SP-GX76K,16GB,LG전자 그램 프로16 16ZD90SP-GX76K WIN11,16인치,2560x1600,코어 울트라7,400nit,144Hz,인텔,4.8GHz,내장그래픽,Arc,8core,256GB,77Wh,1.199kg,윈도우11(설치),"['사무/인강용', '휴대용']"
LG전자,그램 프로16,16Z90SP-GA7CK,16GB,LG전자 그램 프로16 16Z90SP-GA7CK,16인치,2560x1600,코어 울트라7,400nit,144Hz,인텔,4.8GHz,내장그래픽,Arc,8core,256GB,77Wh,1.199kg,윈도우11홈,"['사무/인강용', '휴대용']"
LG전자,그램 프로16,16Z90SP-GP56ML,16GB,LG전자 그램 프로16 16Z90SP-GP56ML,16인치,2560x1600,코어 울트라5,400nit,144Hz,인텔,4.5GHz,내장그래픽,Arc,7core,256GB,77Wh,1.199kg,윈도우11프로,"['사무/인강용', '휴대용']"
LG전자,그램 프로16,16Z90SP-KAOWK,16GB,LG전자 그램 프로16 16Z90SP-KAOWK,16인치,2880x1800,코어 울트라5,400nit,120Hz,인텔,4.5GHz,내장그래픽,Arc,7core,512GB,77Wh,1.199kg,윈도우11홈,"['사무/인강용', '휴대용']"
LG전자,그램 프로16,16ZD90SP-GX59K,32GB,LG전자 그램 프로16 16ZD90SP-GX59K,16인치,2560x1600,코어 울트라5,400nit,144Hz,인텔,4.5GHz,내장그래픽,Arc,7core,512GB,77Wh,1.199kg,정보없음,"['사무/인강용', '휴대용']"
LG전자,그램 프로16,16Z90SP-ED7BK,32GB,LG전자 그램 프로16 16Z90SP-ED7BK,16인치,2560x1600,코어 울트라7,400nit,144Hz,인텔,4.8GHz,외장그래픽,RTX3050,1,512GB,90Wh,1.279kg,윈도우11홈,"['그래픽작업용', '휴대용']"
LG전자,그램 프로16,16Z90SP-EA5CK,16GB,LG전자 그램 프로16 16Z90SP-EA5CK,16인치,2560x1600,코어 울트라5,400nit,144Hz,인텔,4.5GHz,외장그래픽,RTX3050,1,256GB,90Wh,1.279kg,윈도우11홈,"['그래픽작업용', '휴대용']"
LG전자,그램 프로16,16Z90SP-GA5HK,16GB,LG전자 그램 프로16 16Z90SP-GA5HK,16인치,2560x1600,코어 울트라5,400nit,144Hz,인텔,4.5GHz,내장그래픽,Arc,7core,512GB,77Wh,1.199kg,윈도우11홈,"['사무/인강용', '휴대용']"
LG전자,그램 프로16,16Z90SP-EA5BK,16GB,LG전자 그램 프로16 16Z90SP-EA5BK,16인치,2560x1600,코어 울트라5,400nit,144Hz,인텔,4.5GHz,외장그래픽,RTX3050,1,512GB,90Wh,1.279kg,윈도우11홈,"['그래픽작업용', '휴대용']"
LG전자,그램 프로16,16Z90SP-GA70K,16GB,LG전자 그램 프로16 16Z90SP-GA70K,16인치,2560x1600,코어 울트라7,400nit,144Hz,인텔,4.8GHz,내장그래픽,Arc,8core,512GB,77Wh,1.199kg,윈도우11홈,"['사무/인강용', '휴대용']"
LG전자,그램 프로16,16Z90SP-ED7HK,32GB,LG전자 그램 프로16 16Z90SP-ED7HK,16인치,2560x1600,코어 울트라7,400nit,144Hz,인텔,4.8GHz,내장그래픽,Arc,8core,512GB,90Wh,1.279kg,윈도우11홈,"['사무/인강용', '휴대용']"
LG전자,그램 프로16,16Z90SP-GA5BK,16GB,LG전자 그램 프로16 16Z90SP-GA5BK,16인치,2560x1600,코어 울트라5,400nit,144Hz,인텔,4.5GHz,내장그래픽,Arc,7core,512GB,77Wh,1.199kg,윈도우11홈,"['사무/인강용', '휴대용']"
LG전자,그램 프로16,16Z90SP-EA5HK,16GB,LG전자 그램 프로16 16Z90SP-EA5HK,16인치,2560x1600,코어 울트라5,400nit,144Hz,인텔,4.5GHz,외장그래픽,RTX3050,1,512GB,90Wh,1.279kg,윈도우11홈,"['그래픽작업용', '휴대용']"
LG전자,그램 프로16,16ZD90SP-GX76K,16GB,LG전자 그램 프로16 16ZD90SP-GX76K,16인치,2560x1600,코어 울트라7,400nit,144Hz,인텔,4.8GHz,내장그래픽,Arc,8core,256GB,77Wh,1.199kg,정보없음,"['사무/인강용', '휴대용']"
LG전자,그램 프로16,16ZD90SP-EX59K,32GB,LG전자 그램 프로16 16ZD90SP-EX59K,16인치,2560x1600,코어 울트라5,400nit,144Hz,인텔,4.5GHz,외장그래픽,RTX3050,1,512GB,90Wh,1.279kg,정보없음,"['그래픽작업용', '휴대용']"
LG전자,그램 프로16,16Z90SP-KA5CK,32GB,LG전자 그램 프로16 16Z90SP-KA5CK,16인치,2880x1800,코어 울트라5,400nit,120Hz,인텔,4.5GHz,내장그래픽,Arc,7core,512GB,77Wh,1.199kg,윈도우11홈,"['사무/인강용', '휴대용']"
LG전자,그램 프로16,16Z90SP-KA5BK,32GB,LG전자 그램 프로16 16Z90SP-KA5BK,16인치,2880x1800,코어 울트라5,400nit,120Hz,인텔,4.5GHz,내장그래픽,Arc,7core,512GB,77Wh,1.199kg,윈도우11홈,"['사무/인강용', '휴대용']"
LG전자,그램 프로16,16Z90SP-KD7CK,32GB,LG전자 그램 프로16 16Z90SP-KD7CK,16인치,2880x1800,코어 울트라7,400nit,120Hz,인텔,4.8GHz,내장그래픽,Arc,8core,512GB,77Wh,1.199kg,윈도우11홈,"['사무/인강용', '휴대용']"
LG전자,그램 프로16,16ZD90SP-EX79K,32GB,LG전자 그램 프로16 16ZD90SP-EX79K,16인치,2560x1600,코어 울트라7,400nit,144Hz,인텔,4.8GHz,외장그래픽,RTX3050,1,512GB,90Wh,1.279kg,정보없음,"['그래픽작업용', '휴대용']"
LG전자,그램 프로16,16Z90SP-EA59K,32GB,LG전자 그램 프로16 16Z90SP-EA59K,16인치,2560x1600,코어 울트라5,400nit,144Hz,인텔,4.5GHz,외장그래픽,RTX3050,1,512GB,90Wh,1.279kg,윈도우11홈,"['그래픽작업용', '휴대용']"
LG전자,그램 프로16,16Z90SP-GA50K,16GB,LG전자 그램 프로16 16Z90SP-GA50K,16인치,2560x1600,코어 울트라5,400nit,144Hz,인텔,4.5GHz,내장그래픽,Arc,7core,256GB,77Wh,1.199kg,윈도우11홈,"['사무/인강용', '휴대용']"
LG전자,그램 프로16,16Z90SP-GA5JK,16GB,LG전자 그램 프로16 16Z90SP-GA5JK,16인치,2560x1600,코어 울트라5,400nit,144Hz,인텔,4.5GHz,내장그래픽,Arc,7core,512GB,77Wh,1.199kg,윈도우11홈,"['사무/인강용', '휴대용']"
LG전자,그램 프로16,16ZD90SP-EX59K,32GB,LG전자 그램 프로16 16ZD90SP-EX59K WIN11,16인치,2560x1600,코어 울트라5,400nit,144Hz,인텔,4.5GHz,외장그래픽,RTX3050,1,512GB,90Wh,1.279kg,윈도우11(설치),"['그래픽작업용', '휴대용']"
LG전자,그램 프로16,16ZD90SP-GX79K,32GB,LG전자 그램 프로16 16ZD90SP-GX79K,16인치,2560x1600,코어 울트라7,400nit,144Hz,인텔,4.8GHz,내장그래픽,Arc,8core,512GB,77Wh,1.199kg,정보없음,"['사무/인강용', '휴대용']"
LG전자,그램 프로16,16ZD90SP-EX79K,32GB,LG전자 그램 프로16 16ZD90SP-EX79K WIN11,16인치,2560x1600,코어 울트라7,400nit,144Hz,인텔,4.8GHz,외장그래픽,RTX3050,1,512GB,90Wh,1.279kg,윈도우11(설치),"['그래픽작업용', '휴대용']"
LG전자,그램 프로16,16ZD90SP-GX79K,32GB,LG전자 그램 프로16 16ZD90SP-GX79K WIN11,16인치,2560x1600,코어 울트라7,400nit,144Hz,인텔,4.8GHz,내장그래픽,Arc,8core,512GB,77Wh,1.199kg,윈도우11(설치),"['사무/인강용', '휴대용']"
LG전자,그램 프로16,16Z90SP-GP76ML,16GB,LG전자 그램 프로16 16Z90SP-GP76ML,16인치,2560x1600,코어 울트라7,400nit,144Hz,인텔,4.8GHz,내장그래픽,Arc,8core,256GB,77Wh,1.199kg,윈도우11프로,"['사무/인강용', '휴대용']"
LG전자,그램 프로16,16Z90SP-ED79K,32GB,LG전자 그램 프로16 16Z90SP-ED79K,16인치,2560x1600,코어 울트라7,400nit,144Hz,인텔,4.8GHz,외장그래픽,RTX3050,1,256GB,90Wh,1.279kg,윈도우11홈,"['그래픽작업용', '휴대용']"
LG전자,그램 프로16,16ZD90SP-GX76K,16GB,LG전자 그램 프로16 16ZD90SP-GX76K WIN10,16인치,2560x1600,코어 울트라7,400nit,144Hz,인텔,4.8GHz,내장그래픽,Arc,8core,256GB,77Wh,1.199kg,윈도우10(설치),"['사무/인강용', '휴대용']"
LG전자,그램 프로16,16Z90SP-EP7ML,16GB,LG전자 그램 프로16 16Z90SP-EP7ML,16인치,2560x1600,코어 울트라7,정보없음,144Hz,인텔,4.8GHz,외장그래픽,RTX3050,1,256GB,90Wh,1.279kg,윈도우11프로,"['그래픽작업용', '휴대용']"
LG전자,그램 프로17,17ZD90SP-GX79K,32GB,15 LG전자 그램 프로17 17ZD90SP-GX79K,17인치,2560x1600,코어 울트라7,400nit,144Hz,인텔,4.8GHz,내장그래픽,Arc,8core,512GB,77Wh,1.299kg,정보없음,"['사무/인강용', '휴대용']"
LG전자,그램 프로17,17Z90SP-GA5HK,16GB,LG전자 그램 프로17 17Z90SP-GA5HK,17인치,2560x1600,코어 울트라5,400nit,144Hz,인텔,4.5GHz,내장그래픽,Arc,7core,512GB,77Wh,1.299kg,윈도우11홈,"['사무/인강용', '휴대용']"
LG전자,그램 프로17,17Z90SP-GA5CK,16GB,LG전자 그램 프로17 17Z90SP-GA5CK,17인치,2560x1600,코어 울트라5,400nit,144Hz,인텔,4.5GHz,내장그래픽,Arc,7core,256GB,77Wh,1.299kg,윈도우11홈,"['사무/인강용', '휴대용']"
LG전자,그램 프로17,17Z90SP-ED7HK,32GB,LG전자 그램 프로17 17Z90SP-ED7HK,17인치,2560x1600,코어 울트라7,400nit,144Hz,인텔,4.8GHz,외장그래픽,RTX3050,1,512GB,90Wh,1.379kg,윈도우11홈,"['그래픽작업용', '휴대용']"
LG전자,그램 프로17,17Z90SP-ED7BK,32GB,LG전자 그램 프로17 17Z90SP-ED7BK,17인치,2560x1600,코어 울트라7,400nit,144Hz,인텔,4.8GHz,외장그래픽,RTX3050,1,512GB,90Wh,1.379kg,윈도우11홈,"['그래픽작업용', '휴대용']"
LG전자,그램 프로17,17Z90SP-GA7CK,16GB,LG전자 그램 프로17 17Z90SP-GA7CK,17인치,2560x1600,코어 울트라7,400nit,144Hz,인텔,4.8GHz,내장그래픽,Arc,8core,256GB,77Wh,1.299kg,윈도우11홈,"['사무/인강용', '휴대용']"
LG전자,그램 프로17,17ZD90SP-GX56K,16GB,LG전자 그램 프로17 17ZD90SP-GX56K,17인치,2560x1600,코어 울트라5,400nit,144Hz,인텔,4.5GHz,내장그래픽,Arc,7core,256GB,77Wh,1.299kg,정보없음,"['사무/인강용', '휴대용']"
LG전자,그램 프로17,17Z90SP-EA5CK,16GB,LG전자 그램 프로17 17Z90SP-EA5CK,17인치,2560x1600,코어 울트라5,400nit,144Hz,인텔,4.5GHz,외장그래픽,RTX3050,1,256GB,90Wh,1.379kg,윈도우11홈,"['그래픽작업용', '휴대용']"
LG전자,그램 프로17,17ZD90SP-GX56K,16GB,LG전자 그램 프로17 17ZD90SP-GX56K WIN11,17인치,2560x1600,코어 울트라5,400nit,144Hz,인텔,4.5GHz,내장그래픽,Arc,7core,256GB,77Wh,1.299kg,윈도우11(설치),"['사무/인강용', '휴대용']"
LG전자,그램 프로17,17ZD90SP-GX59K,32GB,LG전자 그램 프로17 17ZD90SP-GX59K,17인치,2560x1600,코어 울트라5,400nit,144Hz,인텔,4.5GHz,내장그래픽,Arc,7core,512GB,77Wh,1.299kg,정보없음,"['사무/인강용', '휴대용']"
LG전자,그램 프로17,17ZD90SP-GX76K,16GB,LG전자 그램 프로17 17ZD90SP-GX76K,17인치,2560x1600,코어 울트라7,400nit,144Hz,인텔,4.8GHz,내장그래픽,Arc,8core,256GB,77Wh,1.299kg,정보없음,"['사무/인강용', '휴대용']"
LG전자,그램 프로17,17Z90SP-GA70K,16GB,LG전자 그램 프로17 17Z90SP-GA70K,17인치,2560x1600,코어 울트라7,400nit,144Hz,인텔,4.8GHz,내장그래픽,Arc,8core,512GB,77Wh,1.299kg,윈도우11홈,"['사무/인강용', '휴대용']"
LG전자,그램 프로17,17ZD90SP-GX59K,32GB,LG전자 그램 프로17 17ZD90SP-GX59K WIN11,17인치,2560x1600,코어 울트라5,400nit,144Hz,인텔,4.5GHz,내장그래픽,Arc,7core,512GB,77Wh,1.299kg,윈도우11(설치),"['사무/인강용', '휴대용']"
LG전자,그램 프로17,17ZD90SP-EX59K,32GB,LG전자 그램 프로17 17ZD90SP-EX59K,17인치,2560x1600,코어 울트라5,400nit,144Hz,인텔,4.5GHz,외장그래픽,RTX3050,1,512GB,90Wh,1.379kg,정보없음,"['그래픽작업용', '휴대용']"
LG전자,그램 프로17,17Z90SP-ED79K,32GB,LG전자 그램 프로17 17Z90SP-ED79K,17인치,2560x1600,코어 울트라7,400nit,144Hz,인텔,4.8GHz,외장그래픽,RTX3050,1,256GB,90Wh,1.379kg,윈도우11홈,"['그래픽작업용', '휴대용']"
LG전자,그램 프로17,17Z90SP-EA5HK,16GB,LG전자 그램 프로17 17Z90SP-EA5HK,17인치,2560x1600,코어 울트라5,400nit,144Hz,인텔,4.5GHz,외장그래픽,RTX3050,1,512GB,90Wh,1.379kg,윈도우11홈,"['그래픽작업용', '휴대용']"
LG전자,그램 프로17,17ZD90SP-GX76K,16GB,LG전자 그램 프로17 17ZD90SP-GX76K WIN11,17인치,2560x1600,코어 울트라7,400nit,144Hz,인텔,4.8GHz,내장그래픽,Arc,8core,256GB,77Wh,1.299kg,윈도우11(설치),"['사무/인강용', '휴대용']"
LG전자,그램 프로17,17ZD90SP-EX59K,32GB,LG전자 그램 프로17 17ZD90SP-EX59K WIN11,17인치,2560x1600,코어 울트라5,400nit,144Hz,인텔,4.5GHz,외장그래픽,RTX3050,1,512GB,90Wh,1.379kg,윈도우11(설치),"['그래픽작업용', '휴대용']"
LG전자,그램 프로17,17ZD90SP-EX79K,32GB,LG전자 그램 프로17 17ZD90SP-EX79K,17인치,2560x1600,코어 울트라7,400nit,144Hz,인텔,4.8GHz,외장그래픽,RTX3050,1,512GB,90Wh,1.379kg,정보없음,"['그래픽작업용', '휴대용']"
LG전자,그램 프로17,17ZD90SP-EX79K,32GB,LG전자 그램 프로17 17ZD90SP-EX79K WIN11,17인치,2560x1600,코어 울트라7,400nit,144Hz,인텔,4.8GHz,외장그래픽,RTX3050,1,512GB,90Wh,1.379kg,윈도우11(설치),"['그래픽작업용', '휴대용']"
LG전자,그램 프로17,17ZD90SP-GX79K,32GB,LG전자 그램 프로17 17ZD90SP-GX79K WIN11,17인치,2560x1600,코어 울트라7,400nit,144Hz,인텔,4.8GHz,내장그래픽,Arc,8core,512GB,77Wh,1.299kg,윈도우11(설치),"['사무/인강용', '휴대용']"
LG전자,그램 프로17,17Z90SP-GA50K,16GB,LG전자 그램 프로17 17Z90SP-GA50K,17인치,2560x1600,코어 울트라5,400nit,144Hz,인텔,4.5GHz,내장그래픽,Arc,7core,256GB,77Wh,1.299kg,윈도우11홈,"['사무/인강용', '휴대용']"
LG전자,그램 프로17,17ZD90SP-GX56K,16GB,LG전자 그램 프로17 17ZD90SP-GX56K WIN10,17인치,2560x1600,코어 울트라5,400nit,144Hz,인텔,4.5GHz,내장그래픽,Arc,7core,256GB,77Wh,1.299kg,윈도우10(설치),"['사무/인강용', '휴대용']"
LG전자,그램 프로17,17Z90SP-EP7ML,16GB,LG전자 그램 프로17 17Z90SP-EP7ML,17인치,2560x1600,코어 울트라7,정보없음,144Hz,인텔,4.8GHz,외장그래픽,RTX3050,1,256GB,90Wh,1.379kg,윈도우11프로,"['그래픽작업용', '휴대용']"
LG전자,그램 프로17,17Z90SP-EP7FL,32GB,LG전자 그램 프로17 17Z90SP-EP7FL,17인치,2560x1600,코어 울트라7,정보없음,144Hz,인텔,4.8GHz,외장그래픽,RTX3050,1,1TB,90Wh,1.379kg,윈도우11프로,['휴대용']
LG전자,그램 프로17,17Z90SP-EP7KL,32GB,LG전자 그램 프로17 17Z90SP-EP7KL,17인치,2560x1600,코어 울트라7,정보없음,144Hz,인텔,4.8GHz,외장그래픽,RTX3050,1,256GB,90Wh,1.38kg,윈도우11프로,"['사무/인강용', '휴대용']"
LG전자,그램 프로17,17Z90SP-GP7ML,16GB,LG전자 그램 프로17 17Z90SP-GP7ML,17인치,2560x1600,코어 울트라7,정보없음,144Hz,인텔,4.8GHz,내장그래픽,Arc,8core,256GB,77Wh,1.299kg,윈도우11프로,"['사무/인강용', '휴대용']"
LG전자,그램 프로360,16TD90SP-KX56K,16GB,LG전자 그램 프로360 16TD90SP-KX56K,16인치,2880x1800,코어 울트라5,400nit,120Hz,인텔,4.5GHz,내장그래픽,Arc,7core,256GB,77Wh,1.399kg,정보없음,"['사무/인강용', '휴대용']"
LG전자,그램 프로360,16TD90SP-KX76K,16GB,LG전자 그램 프로360 16TD90SP-KX76K,16인치,2880x1800,코어 울트라7,400nit,120Hz,인텔,4.8GHz,내장그래픽,Arc,8core,256GB,77Wh,1.399kg,정보없음,"['사무/인강용', '휴대용']"
LG전자,그램 프로360,16T90SP-KD7BK,32GB,LG전자 그램 프로360 16T90SP-KD7BK,16인치,2880x1800,코어 울트라7,400nit,120Hz,인텔,4.8GHz,내장그래픽,Arc,8core,1TB,77Wh,1.399kg,윈도우11홈,"['사무/인강용', '휴대용']"
LG전자,그램 프로360,16TD90SP-KX56K,16GB,LG전자 그램 프로360 16TD90SP-KX56K WIN11,16인치,2880x1800,코어 울트라5,400nit,120Hz,인텔,4.5GHz,내장그래픽,Arc,7core,256GB,77Wh,1.399kg,윈도우11(설치),"['사무/인강용', '휴대용']"
LG전자,그램 프로360,16T90SP-KA5CK,16GB,LG전자 그램 프로360 16T90SP-KA5CK,16인치,2880x1800,코어 울트라5,400nit,120Hz,인텔,4.5GHz,내장그래픽,Arc,7core,256GB,77Wh,1.399kg,윈도우11홈,"['사무/인강용', '휴대용']"
LG전자,그램 프로360,16T90SP-KA70K,16GB,LG전자 그램 프로360 16T90SP-KA70K,16인치,2880x1800,코어 울트라7,400nit,120Hz,인텔,4.8GHz,내장그래픽,Arc,8core,512GB,77Wh,1.399kg,윈도우11홈,"['사무/인강용', '휴대용']"
LG전자,그램 프로360,16T90SP-KD79K,32GB,LG전자 그램 프로360 16T90SP-KD79K,16인치,2880x1800,코어 울트라7,400nit,120Hz,인텔,4.8GHz,내장그래픽,Arc,8core,512GB,77Wh,1.399kg,윈도우11홈,"['사무/인강용', '휴대용']"
LG전자,그램 프로360,16T90SP-KA5BK,16GB,LG전자 그램 프로360 16T90SP-KA5BK,16인치,2880x1800,코어 울트라5,400nit,120Hz,인텔,4.5GHz,내장그래픽,Arc,7core,512GB,77Wh,1.399kg,윈도우11홈,"['사무/인강용', '휴대용']"
LG전자,그램 프로360,16TD90SP-KX76K,16GB,LG전자 그램 프로360 16TD90SP-KX76K WIN11,16인치,2880x1800,코어 울트라7,400nit,120Hz,인텔,4.8GHz,내장그래픽,Arc,8core,256GB,77Wh,1.399kg,윈도우11(설치),"['사무/인강용', '휴대용']"
LG전자,그램 프로360,16T90SP-KA5HK,16GB,LG전자 그램 프로360 16T90SP-KA5HK,16인치,2880x1800,코어 울트라5,400nit,120Hz,인텔,4.5GHz,내장그래픽,Arc,7core,512GB,77Wh,1.399kg,윈도우11홈,"['사무/인강용', '휴대용']"
LG전자,그램 프로360,16T90SP-GA5HK,16GB,LG전자 그램 프로360 16T90SP-GA5HK,16인치,2560x1600,코어 울트라5,400nit,144Hz,인텔,4.5GHz,내장그래픽,Arc,7core,512GB,77Wh,1.399kg,윈도우11홈,"['사무/인강용', '휴대용']"
LG전자,그램 프로360,16T90SP-KA50K,16GB,LG전자 그램 프로360 16T90SP-KA50K,16인치,2880x1800,코어 울트라5,400nit,120Hz,인텔,4.5GHz,내장그래픽,Arc,7core,256GB,77Wh,1.399kg,윈도우11홈,"['사무/인강용', '휴대용']"
LG전자,그램15,15ZD90RU-GX54K,16GB,LG전자 그램15 15ZD90RU-GX54K,15.6인치,1920x1080,i5-1334U,350nit,정보없음,인텔,1.3GHz,내장그래픽,Iris Xe,1,256GB,80Wh,1.14kg,정보없음,"['사무/인강용', '휴대용']"
LG전자,그램15,15ZD90RU-GX54K,16GB,LG전자 그램15 15ZD90RU-GX54K WIN11,15.6인치,1920x1080,i5-1334U,350nit,정보없음,인텔,1.3GHz,내장그래픽,Iris Xe,1,256GB,80Wh,1.14kg,윈도우11(설치),"['사무/인강용', '휴대용']"
LG전자,그램15,15Z90ST-GAFWK,16GB,LG전자 그램15 15Z90ST-GAFWK,15.6인치,1920x1080,코어 울트라5,400nit,정보없음,인텔,4.5GHz,내장그래픽,Arc,7core,256GB,60Wh,990g,윈도우11홈,"['사무/인강용', '휴대용']"
LG전자,그램15,15ZG90S-GR55KN,8GB,LG전자 그램15 15ZG90S-GR55KN,15.6인치,1920x1080,코어 울트라5,350nit,정보없음,인텔,4.5GHz,내장그래픽,Arc,7core,512GB,72Wh,1.29kg,윈도우11홈,"['사무/인강용', '휴대용']"
LG전자,그램17,17Z90S-GAFWK,16GB,LG전자 그램17 17Z90S-GAFWK,17인치,2560x1600,코어 울트라5,350nit,정보없음,인텔,4.5GHz,내장그래픽,Arc,7core,512GB,77Wh,1.35kg,윈도우11홈,"['사무/인강용', '휴대용']"
LG전자,그램360,16TD90P-GX50K,8GB,LG전자 그램360 16TD90P-GX50K,16인치,2560x1600,i5-1135G,정보없음,정보없음,인텔,2.4GHz,내장그래픽,Iris Xe,1,256GB,80Wh,1.48kg,정보없음,['사무/인강용']
LG전자,그램360,16T90P-GR5BK,8GB,LG전자 그램360 16T90P-GR5BK,16인치,2560x1600,i5-1135G,정보없음,정보없음,인텔,2.4GHz,내장그래픽,Iris Xe,1,256GB,80Wh,1.48kg,윈도우11홈,['사무/인강용']
LG전자,그램360,14T90P-GAF6K,16GB,LG전자 그램360 14T90P-GAF6K,14인치,1920x1200,i5-1135G,정보없음,정보없음,인텔,2.4GHz,내장그래픽,Iris Xe,1,256GB,72Wh,1.25kg,윈도우11홈,"['사무/인강용', '휴대용']"
LG전자,그램360,16T90P-GA5BK,8GB,LG전자 그램360 16T90P-GA5BK,16인치,2560x1600,i5-1135G,정보없음,정보없음,인텔,2.4GHz,내장그래픽,Iris Xe,1,256GB,80Wh,1.48kg,윈도우10,['사무/인강용']
LG전자,그램360,14TD90P-GX50K,8GB,LG전자 그램360 14TD90P-GX50K,14인치,1920x1200,i5-1135G,정보없음,정보없음,인텔,2.4GHz,내장그래픽,Iris Xe,1,256GB,72Wh,1.25kg,정보없음,"['사무/인강용', '휴대용']"
LG전자,그램360,16T90P-GA7BK,16GB,LG전자 그램360 16T90P-GA7BK,16인치,2560x1600,i7-1165G,정보없음,정보없음,인텔,2.8GHz,내장그래픽,Iris Xe,1,256GB,80Wh,1.48kg,윈도우11홈,['사무/인강용']
LG전자,그램360,16TD90P-GX5DK,8GB,LG전자 그램360 16TD90P-GX5DK,16인치,2560x1600,i5-1135G,정보없음,정보없음,인텔,2.4GHz,내장그래픽,Iris Xe,1,256GB,80Wh,1.48kg,정보없음,['사무/인강용']
LG전자,그램360,14TD90P-GX70K,16GB,LG전자 그램360 14TD90P-GX70K WIN10,14인치,1920x1200,i7-1165G,정보없음,정보없음,인텔,2.8GHz,내장그래픽,Iris Xe,1,256GB,72Wh,1.25kg,윈도우10(설치),"['사무/인강용', '휴대용']"
LG전자,그램360,16TD90P-GX50K,8GB,LG전자 그램360 16TD90P-GX50K WIN10,16인치,2560x1600,i5-1135G,정보없음,정보없음,인텔,2.4GHz,내장그래픽,Iris Xe,1,256GB,80Wh,1.48kg,윈도우10(설치),['사무/인강용']
LG전자,그램360,16TD90P-GX7DK,16GB,LG전자 그램360 16TD90P-GX7DK WIN10,16인치,2560x1600,i7-1165G,정보없음,정보없음,인텔,2.8GHz,내장그래픽,Iris Xe,1,256GB,80Wh,1.48kg,윈도우10(설치),['사무/인강용']
LG전자,그램360,16TD90P-GX7DK,16GB,LG전자 그램360 16TD90P-GX7DK,16인치,2560x1600,i7-1165G,정보없음,정보없음,인텔,2.8GHz,내장그래픽,Iris Xe,1,256GB,80Wh,1.48kg,정보없음,['사무/인강용']
LG전자,그램360,16T90P-GAF6K,16GB,LG전자 그램360 16T90P-GAF6K,16인치,2560x1600,i5-1135G,정보없음,정보없음,인텔,2.4GHz,내장그래픽,Iris Xe,1,256GB,80Wh,1.48kg,윈도우11홈,['사무/인강용']
LG전자,그램360,16TD90P-GXF6K,16GB,LG전자 그램360 16TD90P-GXF6K,16인치,2560x1600,i5-1135G,정보없음,정보없음,인텔,2.4GHz,내장그래픽,Iris Xe,1,256GB,80Wh,1.48kg,정보없음,['사무/인강용']
LG전자,그램360,14T90P-GA7DK,16GB,LG전자 그램360 14T90P-GA7DK,14인치,1920x1200,i7-1165G,정보없음,정보없음,인텔,2.8GHz,내장그래픽,Iris Xe,1,256GB,72Wh,1.25kg,윈도우11홈,"['사무/인강용', '휴대용']"
LG전자,그램360,14T90P-OA56K,16GB,LG전자 그램360 14T90P-OA56K,14인치,1920x1200,i5-1135G,정보없음,정보없음,인텔,2.4GHz,내장그래픽,Iris Xe,1,256GB,72Wh,1.25kg,윈도우10,"['사무/인강용', '휴대용']"
LG전자,그램360,14TD90P-GX7GK,16GB,LG전자 그램360 14TD90P-GX7GK,14인치,1920x1200,i7-1165G,정보없음,정보없음,인텔,2.8GHz,내장그래픽,Iris Xe,1,256GB,72Wh,1.25kg,정보없음,"['사무/인강용', '휴대용']"
LG전자,그램360,16TD90P-GX56K,16GB,LG전자 그램360 16TD90P-GX56K WIN10,16인치,2560x1600,i5-1135G,정보없음,정보없음,인텔,2.4GHz,내장그래픽,Iris Xe,1,256GB,80Wh,1.48kg,윈도우10(설치),['사무/인강용']
LG전자,그램360,14TD90P-GX70K,16GB,LG전자 그램360 14TD90P-GX70K,14인치,1920x1200,i7-1165G,정보없음,정보없음,인텔,2.8GHz,내장그래픽,Iris Xe,1,256GB,72Wh,1.25kg,정보없음,"['사무/인강용', '휴대용']"
LG전자,그램360,14TD90P-GX30K,8GB,LG전자 그램360 14TD90P-GX30K WIN10,14인치,1920x1200,i3-1115G,정보없음,정보없음,인텔,3.0GHz,내장그래픽,UHD Graphics,1,256GB,72Wh,1.25kg,윈도우10(설치),"['사무/인강용', '휴대용']"
LG전자,그램360,16TD90P-GX56K,16GB,LG전자 그램360 16TD90P-GX56K,16인치,2560x1600,i5-1135G,정보없음,정보없음,인텔,2.4GHz,내장그래픽,Iris Xe,1,256GB,80Wh,1.48kg,정보없음,['사무/인강용']
삼성전자,노트북,NT350XCR-AD5WA,8GB,삼성전자 노트북 NT350XCR-AD5WA,15.6인치,1920x1080,i5-10210U,정보없음,정보없음,인텔,1.6GHz,내장그래픽,UHD Graphics,1,256GB,43Wh,1.81kg,정보없음,['사무/인강용']
삼성전자,노트북,NT350XCR-AD3AW,8GB,삼성전자 노트북 NT350XCR-AD3AW,15.6인치,1920x1080,i3-10110U,정보없음,정보없음,인텔,2.1GHz,내장그래픽,UHD Graphics,1,256GB,43Wh,1.81kg,정보없음,['사무/인강용']
삼성전자,노트북,NT350XCR-AD5WA,16GB,삼성전자 노트북 NT350XCR-AD5WA 16GB램,15.6인치,1920x1080,i5-10210U,정보없음,정보없음,인텔,1.6GHz,내장그래픽,UHD Graphics,1,256GB,43Wh,1.81kg,정보없음,['사무/인강용']
삼성전자,노트북,NT350XCR-AD3AS,8GB,삼성전자 노트북 NT350XCR-AD3AS,15.6인치,1920x1080,i3-10110U,정보없음,정보없음,인텔,2.1GHz,내장그래픽,UHD Graphics,1,256GB,43Wh,1.81kg,정보없음,['사무/인강용']
삼성전자,노트북,NT350XCR-AD5AS,8GB,삼성전자 노트북 NT350XCR-AD5AS,15.6인치,1920x1080,i5-10210U,정보없음,정보없음,인텔,1.6GHz,내장그래픽,UHD Graphics,1,256GB,43Wh,1.81kg,정보없음,['사무/인강용']
삼성전자,노트북,NT350XCJ-K58WA,8GB,삼성전자 노트북 NT350XCJ-K58WA,15.6인치,1920x1080,i5-10210U,정보없음,정보없음,인텔,1.6GHz,내장그래픽,UHD Graphics,1,256GB,43Wh,1.81kg,윈도우10,['사무/인강용']
삼성전자,노트북,NT350XCR-A58M,8GB,삼성전자 노트북 NT350XCR-A58M,15.6인치,1920x1080,i5-10210U,정보없음,정보없음,인텔,1.6GHz,내장그래픽,UHD Graphics,1,256GB,43Wh,1.81kg,정보없음,['사무/인강용']
삼성전자,노트북,NT350XCR-AD3AW,16GB,삼성전자 노트북 NT350XCR-AD3AW 16GB램,15.6인치,1920x1080,i3-10110U,정보없음,정보없음,인텔,2.1GHz,내장그래픽,UHD Graphics,1,256GB,43Wh,1.81kg,정보없음,['사무/인강용']
삼성전자,노트북,NT350XCR-AD7AS,16GB,삼성전자 노트북 NT350XCR-AD7AS WIN10 16GB램,15.6인치,1920x1080,i7-10510U,정보없음,정보없음,인텔,1.8GHz,내장그래픽,UHD Graphics,1,256GB,43Wh,1.81kg,윈도우10(설치),['사무/인강용']
삼성전자,노트북,NT350XCJ-K58WA,16GB,삼성전자 노트북 NT350XCJ-K58WA 16GB램,15.6인치,1920x1080,i5-10210U,정보없음,정보없음,인텔,1.6GHz,내장그래픽,UHD Graphics,1,256GB,43Wh,1.81kg,윈도우10,['사무/인강용']
삼성전자,노트북,NT350XCR-AD7AS,16GB,삼성전자 노트북 NT350XCR-AD7AS 16GB램,15.6인치,1920x1080,i7-10510U,정보없음,정보없음,인텔,1.8GHz,내장그래픽,UHD Graphics,1,256GB,43Wh,1.81kg,정보없음,['사무/인강용']
삼성전자,노트북,NT350XCR-A78MW,8GB,삼성전자 노트북 NT350XCR-A78MW,15.6인치,1920x1080,i7-10510U,정보없음,정보없음,인텔,1.8GHz,내장그래픽,UHD Graphics,1,256GB,43Wh,1.81kg,정보없음,['사무/인강용']
삼성전자,노트북,NT350XCR-AD7AS,8GB,삼성전자 노트북 NT350XCR-AD7AS WIN10,15.6인치,1920x1080,i7-10510U,정보없음,정보없음,인텔,1.8GHz,내장그래픽,UHD Graphics,1,256GB,43Wh,1.81kg,윈도우10(설치),['사무/인강용']
삼성전자,노트북,NT350XCR-AD3AS,16GB,삼성전자 노트북 NT350XCR-AD3AS WIN10 16GB램,15.6인치,1920x1080,i3-10110U,정보없음,정보없음,인텔,2.1GHz,내장그래픽,UHD Graphics,1,256GB,43Wh,1.81kg,윈도우10(설치),['사무/인강용']
삼성전자,노트북,NT350XCR-AD5WA,8GB,삼성전자 노트북 NT350XCR-AD5WA WIN10,15.6인치,1920x1080,i5-10210U,정보없음,정보없음,인텔,1.6GHz,내장그래픽,UHD Graphics,1,256GB,43Wh,1.81kg,윈도우10(설치),['사무/인강용']
삼성전자,노트북,NT350XCR-A58M,8GB,삼성전자 노트북 NT350XCR-A58M WIN10,15.6인치,1920x1080,i5-10210U,정보없음,정보없음,인텔,1.6GHz,내장그래픽,UHD Graphics,1,256GB,43Wh,1.81kg,윈도우10(설치),['사무/인강용']
삼성전자,노트북 Flash,NT530XBB-K24W,4GB,삼성전자 노트북 Flash NT530XBB-K24W,13.3인치,1920x1080,정보없음,정보없음,정보없음,정보없음,1.1GHz,정보없음,정보없음,1,128GB,39Wh,1.37kg,윈도우10,"['사무/인강용', '휴대용 이제는 윈도우 10으로 바꿔야만 할 때! 2018.10. 상품리뷰']"
삼성전자,노트북 플러스,NT550XCJ-XC58,8GB,삼성전자 노트북 플러스 NT550XCJ-XC58,15.6인치,1920x1080,i5-10210U,정보없음,정보없음,인텔,1.6GHz,외장그래픽,MX250,1,256GB,43Wh,1.86kg,윈도우10,['그래픽작업용']
삼성전자,노트북 플러스,NT550XCR-AD5A,8GB,삼성전자 노트북 플러스 NT550XCR-AD5A,15.6인치,1920x1080,i5-10210U,정보없음,정보없음,인텔,1.6GHz,내장그래픽,UHD Graphics,1,256GB,43Wh,1.81kg,정보없음,['사무/인강용']
삼성전자,노트북 플러스,NT550XCR-AD5A,16GB,삼성전자 노트북 플러스 NT550XCR-AD5A 16GB램,15.6인치,1920x1080,i5-10210U,정보없음,정보없음,인텔,1.6GHz,내장그래픽,UHD Graphics,1,256GB,43Wh,1.81kg,정보없음,['사무/인강용']
삼성전자,노트북 플러스,NT550XCJ-KC34W,4GB,삼성전자 노트북 플러스 NT550XCJ-KC34W,15.6인치,1920x1080,i3-10110U,정보없음,정보없음,인텔,2.1GHz,내장그래픽,UHD Graphics,1,256GB,43Wh,1.81kg,윈도우10,['사무/인강용']
삼성전자,노트북 플러스2,NT550XDZ-AD5A,16GB,삼성전자 노트북 플러스2 NT550XDZ-AD5A 16GB램,15.6인치,1920x1080,i5-1135G,정보없음,정보없음,인텔,2.4GHz,내장그래픽,Iris Xe,1,256GB,43Wh,1.81kg,정보없음,['사무/인강용']
삼성전자,노트북 플러스2,NT551XDA-KD58G,8GB,삼성전자 노트북 플러스2 NT551XDA-KD58G,15.6인치,1920x1080,i5-1135G,정보없음,정보없음,인텔,2.4GHz,내장그래픽,Iris Xe,1,512GB,43Wh,1.81kg,윈도우11홈,['사무/인강용']
삼성전자,노트북 플러스2,NT551XDA-KD78G,8GB,삼성전자 노트북 플러스2 NT551XDA-KD78G,15.6인치,1920x1080,i7-1165G,정보없음,정보없음,인텔,2.8GHz,내장그래픽,Iris Xe,1,512GB,43Wh,1.81kg,윈도우11홈,['사무/인강용']
삼성전자,노트북 플러스2,NT550XDA-XC59G,8GB,삼성전자 노트북 플러스2 NT550XDA-XC59G,15.6인치,1920x1080,i5-1135G,정보없음,정보없음,인텔,2.4GHz,외장그래픽,MX450,1,256GB,43Wh,1.84kg,윈도우10,['그래픽작업용']
삼성전자,노트북 플러스2,NT550XDA-K14A,4GB,삼성전자 노트북 플러스2 NT550XDA-K14A,15.6인치,1920x1080,정보없음,정보없음,정보없음,인텔,1.8GHz,내장그래픽,UHD Graphics,1,128GB,43Wh,1.81kg,윈도우11프로,['사무/인강용']
삼성전자,노트북 플러스2,NT550XDZ-AD5A,8GB,삼성전자 노트북 플러스2 NT550XDZ-AD5A,15.6인치,1920x1080,i5-1135G,정보없음,정보없음,인텔,2.4GHz,내장그래픽,Iris Xe,1,256GB,43Wh,1.81kg,정보없음,['사무/인강용/2021년 11월 광시야각 추가 변경']
삼성전자,노트북 플러스2,NT551XDA-KD58G,16GB,삼성전자 노트북 플러스2 NT551XDA-KD58G 16GB램,15.6인치,1920x1080,i5-1135G,정보없음,정보없음,인텔,2.4GHz,내장그래픽,Iris Xe,1,256GB,43Wh,1.81kg,윈도우11홈,['사무/인강용']
삼성전자,노트북 플러스2,NT550XDA-K24A,4GB,삼성전자 노트북 플러스2 NT550XDA-K24A,15.6인치,1920x1080,정보없음,정보없음,정보없음,인텔,2.0GHz,내장그래픽,UHD Graphics,1,128GB,43Wh,1.81kg,윈도우11프로,['사무/인강용']
삼성전자,노트북 플러스2,NT550XDA-K78A,8GB,삼성전자 노트북 플러스2 NT550XDA-K78A,15.6인치,1920x1080,i7-1165G,정보없음,정보없음,인텔,2.8GHz,내장그래픽,Iris Xe,1,256GB,43Wh,1.81kg,윈도우10,['사무/인강용']
삼성전자,노트북 플러스2,NT550XDZ-AD5AW,8GB,삼성전자 노트북 플러스2 NT550XDZ-AD5AW,15.6인치,1920x1080,i5-1135G,정보없음,정보없음,인텔,2.4GHz,내장그래픽,Iris Xe,1,256GB,43Wh,1.81kg,정보없음,['사무/인강용']
삼성전자,노트북 플러스2,NT550XDA-KC58G,8GB,삼성전자 노트북 플러스2 NT550XDA-KC58G,15.6인치,1920x1080,i5-1135G,정보없음,정보없음,인텔,2.4GHz,내장그래픽,Iris Xe,1,256GB,43Wh,1.81kg,윈도우10,['사무/인강용']
삼성전자,노트북 플러스2,NT550XDA-KC35W,4GB,삼성전자 노트북 플러스2 NT550XDA-KC35W,15.6인치,1920x1080,i3-1115G,정보없음,정보없음,인텔,3.0GHz,내장그래픽,UHD Graphics,1,256GB,43Wh,1.81kg,윈도우10,['사무/인강용']
삼성전자,노트북 플러스2,NT550XDZ-AD3A,8GB,삼성전자 노트북 플러스2 NT550XDZ-AD3A,15.6인치,1920x1080,i3-1115G,정보없음,정보없음,인텔,3.0GHz,내장그래픽,UHD Graphics,1,256GB,43Wh,1.81kg,정보없음,['사무/인강용']
삼성전자,노트북 플러스2,NT550XDZ-AD5AW,8GB,삼성전자 노트북 플러스2 NT550XDZ-AD5AW WIN10,15.6인치,1920x1080,i5-1135G,정보없음,정보없음,인텔,2.4GHz,내장그래픽,Iris Xe,1,256GB,43Wh,1.81kg,윈도우10(설치),['사무/인강용']
삼성전자,노트북 플러스2,NT550XDZ-AD5AW,16GB,삼성전자 노트북 플러스2 NT550XDZ-AD5AW 16GB램,15.6인치,1920x1080,i5-1135G,정보없음,정보없음,인텔,2.4GHz,내장그래픽,Iris Xe,1,256GB,43Wh,1.81kg,정보없음,['사무/인강용']
삼성전자,노트북 플러스2,NT551XDA-KD58G,32GB,삼성전자 노트북 플러스2 NT551XDA-KD58G 32GB램,15.6인치,1920x1080,i5-1135G,정보없음,정보없음,인텔,2.4GHz,내장그래픽,Iris Xe,1,256GB,43Wh,1.81kg,윈도우11홈,['사무/인강용']
삼성전자,노트북 플러스2,NT550XDA-K14A,16GB,삼성전자 노트북 플러스2 NT550XDA-K14A 16GB램,15.6인치,1920x1080,정보없음,정보없음,정보없음,인텔,1.8GHz,내장그래픽,UHD Graphics,1,128GB,43Wh,1.81kg,윈도우11프로,['사무/인강용']
삼성전자,노트북 플러스2,NT550XDZ-AD3A,16GB,삼성전자 노트북 플러스2 NT550XDZ-AD3A 16GB램,15.6인치,1920x1080,i3-1115G,정보없음,정보없음,인텔,3.0GHz,내장그래픽,UHD Graphics,1,256GB,43Wh,1.81kg,정보없음,['사무/인강용']
삼성전자,노트북 플러스2,NT550XDA,8GB,삼성전자 노트북 플러스2 NT550XDA i7 WIN11,15.6인치,1920x1080,i7-1165G,정보없음,정보없음,인텔,2.8GHz,내장그래픽,Iris Xe,1,256GB,43Wh,1.81kg,윈도우11(설치),['사무/인강용']
삼성전자,노트북 플러스2,NT550XDA,16GB,삼성전자 노트북 플러스2 NT550XDA i7 WIN11 16GB램,15.6인치,1920x1080,i7-1165G,정보없음,정보없음,인텔,2.8GHz,내장그래픽,Iris Xe,1,256GB,43Wh,1.81kg,윈도우11(설치),['사무/인강용']
삼성전자,노트북 플러스2,NT560XDA-XC58,8GB,삼성전자 노트북 플러스2 NT560XDA-XC58,15.6인치,1920x1080,i5-1135G,정보없음,정보없음,인텔,2.4GHz,외장그래픽,GTX1650 Ti,1,256GB,43Wh,1.85kg,윈도우10,"['게임용', '그래픽작업용']"
삼성전자,노트북 플러스2,NT550XDA-KC58G,32GB,삼성전자 노트북 플러스2 NT550XDA-KC58G 32GB램,15.6인치,1920x1080,i5-1135G,정보없음,정보없음,인텔,2.4GHz,내장그래픽,Iris Xe,1,256GB,43Wh,1.81kg,윈도우10,['사무/인강용']
삼성전자,노트북 플러스2,NT550XDA-KC58G,16GB,삼성전자 노트북 플러스2 NT550XDA-KC58G 16GB램,15.6인치,1920x1080,i5-1135G,정보없음,정보없음,인텔,2.4GHz,내장그래픽,Iris Xe,1,256GB,43Wh,1.81kg,윈도우10,['사무/인강용']
삼성전자,노트북 플러스2,NT550XDZ-AD5AW,16GB,삼성전자 노트북 플러스2 NT550XDZ-AD5AW WIN10 16GB램,15.6인치,1920x1080,i5-1135G,정보없음,정보없음,인텔,2.4GHz,내장그래픽,Iris Xe,1,256GB,43Wh,1.81kg,윈도우10(설치),['사무/인강용']
삼성전자,노트북 플러스2,NT550XDZ-AD5AH,8GB,삼성전자 노트북 플러스2 NT550XDZ-AD5AH,15.6인치,1920x1080,i5-1135G,정보없음,정보없음,인텔,2.4GHz,내장그래픽,Iris Xe,1,256GB,43Wh,1.81kg,정보없음,['사무/인강용']
삼성전자,노트북 플러스2,NT550XDZ-AD1A,4GB,삼성전자 노트북 플러스2 NT550XDZ-AD1A,15.6인치,1920x1080,정보없음,정보없음,정보없음,인텔,1.8GHz,내장그래픽,UHD Graphics,1,256GB,43Wh,1.81kg,정보없음,['사무/인강용']
삼성전자,노트북 플러스2,NT550XDZ-AD5AH,16GB,삼성전자 노트북 플러스2 NT550XDZ-AD5AH 16GB램,15.6인치,1920x1080,i5-1135G,정보없음,정보없음,인텔,2.4GHz,내장그래픽,Iris Xe,1,256GB,43Wh,1.81kg,정보없음,['사무/인강용']
삼성전자,노트북 플러스2,NT550XDA-K78A,16GB,삼성전자 노트북 플러스2 NT550XDA-K78A 16GB램,15.6인치,1920x1080,i7-1165G,정보없음,정보없음,인텔,2.8GHz,내장그래픽,Iris Xe,1,256GB,43Wh,1.81kg,윈도우10,['사무/인강용']
삼성전자,노트북 플러스2,NT550XDZ-AD5A,16GB,삼성전자 노트북 플러스2 NT550XDZ-AD5A WIN11 16GB램,15.6인치,1920x1080,i5-1135G,정보없음,정보없음,인텔,2.4GHz,내장그래픽,Iris Xe,1,256GB,43Wh,1.81kg,윈도우11(설치),['사무/인강용']
삼성전자,노트북 플러스2,NT550XDZ-AD5A,32GB,삼성전자 노트북 플러스2 NT550XDZ-AD5A WIN11 32GB램,15.6인치,1920x1080,i5-1135G,정보없음,정보없음,인텔,2.4GHz,내장그래픽,Iris Xe,1,256GB,43Wh,1.81kg,윈도우11(설치),['사무/인강용']
삼성전자,노트북 플러스2,NT550XDZ-AD5AH,16GB,삼성전자 노트북 플러스2 NT550XDZ-AD5AH WIN11 16GB램,15.6인치,1920x1080,i5-1135G,정보없음,정보없음,인텔,2.4GHz,내장그래픽,Iris Xe,1,256GB,43Wh,1.81kg,윈도우11(설치),['사무/인강용']
삼성전자,노트북 플러스2,NT560XDZ-G58A,8GB,삼성전자 노트북 플러스2 NT560XDZ-G58A,15.6인치,1920x1080,i5-1135G,정보없음,정보없음,인텔,2.4GHz,외장그래픽,GTX1650 Ti,1,256GB,43Wh,1.85kg,정보없음,"['게임용', '그래픽작업용']"
삼성전자,노트북 플러스2,NT550XDZ-AD1AW,4GB,삼성전자 노트북 플러스2 NT550XDZ-AD1AW,15.6인치,1920x1080,정보없음,정보없음,정보없음,인텔,1.8GHz,내장그래픽,UHD Graphics,1,256GB,43Wh,1.81kg,정보없음,['사무/인강용']
삼성전자,노트북 플러스2,NT550XDZ-AD5A,8GB,삼성전자 노트북 플러스2 NT550XDZ-AD5A WIN11,15.6인치,1920x1080,i5-1135G,정보없음,정보없음,인텔,2.4GHz,내장그래픽,Iris Xe,1,256GB,43Wh,1.81kg,윈도우11(설치),['사무/인강용']
삼성전자,노트북 플러스2,NT550XDA-K14AW,4GB,삼성전자 노트북 플러스2 NT550XDA-K14AW,15.6인치,1920x1080,정보없음,정보없음,정보없음,인텔,1.8GHz,내장그래픽,UHD Graphics,1,128GB,43Wh,1.81kg,윈도우10,['사무/인강용']
삼성전자,노트북 플러스2,NT560XDA-XC58,16GB,삼성전자 노트북 플러스2 NT560XDA-XC58 16GB램,15.6인치,1920x1080,i5-1135G,정보없음,정보없음,인텔,2.4GHz,외장그래픽,GTX1650 Ti,1,256GB,43Wh,1.85kg,윈도우10,"['게임용', '그래픽작업용']"
삼성전자,노트북 플러스2,NT550XDA,32GB,삼성전자 노트북 플러스2 NT550XDA i5 WIN10 32GB램,15.6인치,1920x1080,i5-1135G,정보없음,정보없음,인텔,2.4GHz,내장그래픽,Iris Xe,1,256GB,43Wh,1.81kg,윈도우10(설치),['사무/인강용']
삼성전자,노트북 플러스2,NT550XDA,16GB,삼성전자 노트북 플러스2 NT550XDA i5 WIN10 16GB램,15.6인치,1920x1080,i5-1135G,정보없음,정보없음,인텔,2.4GHz,내장그래픽,Iris Xe,1,256GB,43Wh,1.81kg,윈도우10(설치),['사무/인강용']
삼성전자,노트북 플러스2,NT550XDZ-AD5AH,32GB,삼성전자 노트북 플러스2 NT550XDZ-AD5AH WIN11 32GB램,15.6인치,1920x1080,i5-1135G,정보없음,정보없음,인텔,2.4GHz,내장그래픽,Iris Xe,1,256GB,43Wh,1.81kg,윈도우11(설치),['사무/인강용']
삼성전자,노트북 플러스2,NT550XDZ-AD5AW,32GB,삼성전자 노트북 플러스2 NT550XDZ-AD5AW WIN10 32GB램,15.6인치,1920x1080,i5-1135G,정보없음,정보없음,인텔,2.4GHz,내장그래픽,Iris Xe,1,256GB,43Wh,1.81kg,윈도우10(설치),['사무/인강용']
삼성전자,노트북 플러스2,NT550XDZ-AD5AW,32GB,삼성전자 노트북 플러스2 NT550XDZ-AD5AW 32GB램,15.6인치,1920x1080,i5-1135G,정보없음,정보없음,인텔,2.4GHz,내장그래픽,Iris Xe,1,256GB,43Wh,1.81kg,정보없음,['사무/인강용']
삼성전자,노트북 플러스2,NT550XDA-KC35G,4GB,삼성전자 노트북 플러스2 NT550XDA-KC35G,15.6인치,1920x1080,i3-1115G,정보없음,정보없음,인텔,3.0GHz,내장그래픽,UHD Graphics,1,256GB,43Wh,1.81kg,윈도우10,['사무/인강용']
삼성전자,노트북 플러스2,NT550XDA-KH39W,8GB,삼성전자 노트북 플러스2 NT550XDA-KH39W,15.6인치,1920x1080,i3-1115G,정보없음,정보없음,인텔,3.0GHz,내장그래픽,UHD Graphics,1,256GB,43Wh,1.81kg,윈도우10,['사무/인강용']
삼성전자,노트북 플러스2,NT550XDZ-GD5AG,8GB,삼성전자 노트북 플러스2 NT550XDZ-GD5AG,15.6인치,1920x1080,i5-1135G,정보없음,정보없음,인텔,2.4GHz,외장그래픽,MX450,1,256GB,43Wh,1.84kg,정보없음,['그래픽작업용']
삼성전자,노트북 플러스2,NT550XDA-K14A,8GB,삼성전자 노트북 플러스2 NT550XDA-K14A 8GB램,15.6인치,1920x1080,정보없음,정보없음,정보없음,인텔,1.8GHz,내장그래픽,UHD Graphics,1,128GB,43Wh,1.81kg,윈도우11프로,['사무/인강용']
삼성전자,노트북 플러스2,NT550XDA-XC59G,16GB,삼성전자 노트북 플러스2 NT550XDA-XC59G 16GB램,15.6인치,1920x1080,i5-1135G,정보없음,정보없음,인텔,2.4GHz,외장그래픽,MX450,1,256GB,43Wh,1.84kg,윈도우10,['그래픽작업용']
삼성전자,노트북 플러스2,NT560XDZ-G78A,8GB,삼성전자 노트북 플러스2 NT560XDZ-G78A,15.6인치,1920x1080,i7-1165G,정보없음,정보없음,인텔,2.8GHz,외장그래픽,GTX1650 Ti,1,256GB,43Wh,1.85kg,정보없음,"['게임용', '그래픽작업용']"
삼성전자,노트북 플러스2,NT550XDZ-AD5AH,32GB,삼성전자 노트북 플러스2 NT550XDZ-AD5AH 32GB램,15.6인치,1920x1080,i5-1135G,정보없음,정보없음,인텔,2.4GHz,내장그래픽,Iris Xe,1,256GB,43Wh,1.81kg,정보없음,['사무/인강용']
삼성전자,노트북 플러스2,NT550XDZ-GD5AG,16GB,삼성전자 노트북 플러스2 NT550XDZ-GD5AG 16GB램,15.6인치,1920x1080,i5-1135G,정보없음,정보없음,인텔,2.4GHz,외장그래픽,MX450,1,256GB,43Wh,1.84kg,정보없음,['그래픽작업용']
삼성전자,노트북5,NT550EAA-K24C,4GB,삼성전자 노트북5 NT550EAA-K24C,15.6인치,1920x1080,4415U,정보없음,정보없음,정보없음,2.3GHz,정보없음,정보없음,1,정보없음,43Wh,1.95kg,윈도우10,['사무/인강용 2018.06. 상품리뷰 5.0 (3)']
삼성전자,노트북5,NT500R5M-X54S,4GB,삼성전자 노트북5 NT500R5M-X54S,15.6인치,1920x1080,i5-7200U,정보없음,정보없음,정보없음,2.5GHz,정보없음,정보없음,1,128GB,43Wh,1.9kg,윈도우10,['그래픽작업용/색상: 화이트 2016.12. 상품리뷰 4.7']
삼성전자,노트북5,NT500R5W-KD5S,8GB,삼성전자 노트북5 NT500R5W-KD5S,15.6인치,1920x1080,i5-7200U,정보없음,정보없음,정보없음,2.5GHz,정보없음,정보없음,1,128GB,43Wh,1.86kg,정보없음,['사무/인강용/색상: 블랙 2017.01. 상품리뷰 4.7']
삼성전자,노트북5 metal,NT550XAA-K28T,8GB,삼성전자 노트북5 metal NT550XAA-K28T,15.6인치,1920x1080,4415U,정보없음,정보없음,정보없음,2.3GHz,정보없음,정보없음,1,정보없음,43Wh,1.95kg,윈도우10,['사무/인강용 2018.06. 상품리뷰 4.8 (28)']
삼성전자,노트북5 metal,NT560XAA-X54A,4GB,삼성전자 노트북5 metal NT560XAA-X54A,15.6인치,1920x1080,i5-8250U,정보없음,정보없음,정보없음,1.6GHz,정보없음,정보없음,1,256GB,43Wh,1.9kg,윈도우10,['그래픽작업용/색상: 실버 2018.07. 상품리뷰 4.7 (39)']
삼성전자,노트북9 metal,NT900X3J-K24W,4GB,삼성전자 노트북9 metal NT900X3J-K24W,13.3인치,1920x1080,4415U,정보없음,정보없음,정보없음,2.3GHz,정보없음,정보없음,1,128GB,30Wh,860g,윈도우10,['사무/인강용 2018.01. 상품리뷰 4.7']
삼성전자,오디세이,NT850XBC-X719A,16GB,삼성전자 오디세이 NT850XBC-X719A,15.6인치,1920x1080,i7-9750H,정보없음,정보없음,정보없음,2.6GHz,정보없음,정보없음,1,256GB,54Wh,2.39kg,윈도우10,"['게임용', '그래픽작업용 2019.07. 상품리뷰 4.8 (291)']"
삼성전자,오디세이,NT850XCJ-XC716,16GB,삼성전자 오디세이 NT850XCJ-XC716,15.6인치,1920x1080,i7-10750H,정보없음,144Hz,인텔,2.6GHz,외장그래픽,RTX2070 SUPER,1,512GB,54Wh,2.39kg,윈도우10,"['게임용', '그래픽작업용']"
삼성전자,오디세이,NT850XCJ-YC716,16GB,삼성전자 오디세이 NT850XCJ-YC716,15.6인치,1920x1080,i7-10750H,정보없음,144Hz,인텔,2.6GHz,외장그래픽,RTX2060,1,512GB,54Wh,2.39kg,윈도우10,"['게임용', '그래픽작업용']"
삼성전자,오디세이,NT850XCJ-XC71A,16GB,삼성전자 오디세이 NT850XCJ-XC71A,15.6인치,1920x1080,i7-10750H,정보없음,144Hz,인텔,2.6GHz,외장그래픽,RTX2070 SUPER,1,512GB,54Wh,2.39kg,윈도우10,"['게임용', '그래픽작업용']"
삼성전자,오디세이,NT850XCJ-Y78A,8GB,삼성전자 오디세이 NT850XCJ-Y78A,15.6인치,1920x1080,i7-10750H,정보없음,144Hz,인텔,2.6GHz,외장그래픽,RTX2060,1,256GB,54Wh,2.39kg,윈도우10,"['게임용', '그래픽작업용']"
삼성전자,오디세이,NT850XCJ-Y78A,16GB,삼성전자 오디세이 NT850XCJ-Y78A 16GB램,15.6인치,1920x1080,i7-10750H,정보없음,144Hz,인텔,2.6GHz,외장그래픽,RTX2060,1,256GB,54Wh,2.39kg,윈도우10,"['게임용', '그래픽작업용']"
삼성전자,오디세이,NT850XCR-HD7A,8GB,삼성전자 오디세이 NT850XCR-HD7A,15.6인치,1920x1080,i7-10750H,정보없음,144Hz,인텔,2.6GHz,외장그래픽,RTX2060,1,256GB,54Wh,2.39kg,정보없음,"['게임용', '그래픽작업용']"
삼성전자,오디세이Z,NT850XAC-X716,16GB,삼성전자 오디세이Z NT850XAC-X716,15.6인치,1920x1080,i7-8750H,정보없음,정보없음,정보없음,2.2GHz,정보없음,정보없음,1,512GB,54Wh,2.4kg,윈도우10,"['게임용', '그래픽작업용 최초의 헥사코어 노트북 확실한 게이밍 성능 차이! 2018.05. 상품리뷰']"
LG전자,울트라PC,15U50T-GA5HK,16GB,10 LG전자 울트라PC 15U50T-GA5HK,15.6인치,1920x1080,i5-1334U,정보없음,정보없음,인텔,1.3GHz,내장그래픽,UHD Graphics,1,256GB,51Wh,1.7kg,윈도우11홈,['사무/인강용']
LG전자,울트라PC,15U50T-GROWK,8GB,LG전자 울트라PC 15U50T-GROWK,15.6인치,1920x1080,i5-1334U,정보없음,정보없음,인텔,1.3GHz,내장그래픽,UHD Graphics,1,256GB,51Wh,1.7kg,윈도우11홈,['사무/인강용']
LG전자,울트라PC,15U50T-GROWK,32GB,LG전자 울트라PC 15U50T-GROWK 32GB램,15.6인치,1920x1080,i5-1334U,정보없음,정보없음,인텔,1.3GHz,내장그래픽,UHD Graphics,1,256GB,51Wh,1.7kg,윈도우11홈,['사무/인강용']
LG전자,울트라PC,15U50T-GA5HK,32GB,LG전자 울트라PC 15U50T-GA5HK 32GB램,15.6인치,1920x1080,i5-1334U,정보없음,정보없음,인텔,1.3GHz,내장그래픽,UHD Graphics,1,256GB,51Wh,1.7kg,윈도우11홈,['사무/인강용']
LG전자,울트라PC,15UD50T-GX5JK,16GB,LG전자 울트라PC 15UD50T-GX5JK WIN11 16GB램,15.6인치,1920x1080,i5-1334U,정보없음,정보없음,인텔,1.3GHz,내장그래픽,UHD Graphics,1,256GB,51Wh,1.7kg,윈도우11(설치),['사무/인강용']
LG전자,울트라PC,15UD50T-GX5JK,32GB,LG전자 울트라PC 15UD50T-GX5JK 32GB램,15.6인치,1920x1080,i5-1334U,정보없음,정보없음,인텔,1.3GHz,내장그래픽,UHD Graphics,1,256GB,51Wh,1.7kg,정보없음,['사무/인강용']
LG전자,울트라PC,15U50T-GR50K,32GB,LG전자 울트라PC 15U50T-GR50K 32GB램,15.6인치,1920x1080,i5-1334U,정보없음,정보없음,인텔,1.3GHz,내장그래픽,UHD Graphics,1,256GB,51Wh,1.7kg,윈도우11홈,['사무/인강용']
LG전자,울트라PC,15UD50T-GX5JK,16GB,LG전자 울트라PC 15UD50T-GX5JK 16GB램,15.6인치,1920x1080,i5-1334U,정보없음,정보없음,인텔,1.3GHz,내장그래픽,UHD Graphics,1,256GB,51Wh,1.7kg,정보없음,['사무/인강용']
LG전자,울트라PC,15UD50T-GX5JK,8GB,LG전자 울트라PC 15UD50T-GX5JK,15.6인치,1920x1080,i5-1334U,정보없음,정보없음,인텔,1.3GHz,내장그래픽,UHD Graphics,1,256GB,51Wh,1.7kg,정보없음,['사무/인강용']
LG전자,울트라PC,15UD50T-GX5JK,8GB,LG전자 울트라PC 15UD50T-GX5JK WIN11,15.6인치,1920x1080,i5-1334U,정보없음,정보없음,인텔,1.3GHz,내장그래픽,UHD Graphics,1,256GB,51Wh,1.7kg,윈도우11(설치),['사무/인강용']
LG전자,울트라PC,15U50T-GA5VK,64GB,LG전자 울트라PC 15U50T-GA5VK 64GB램,15.6인치,1920x1080,i5-1334U,정보없음,정보없음,인텔,1.3GHz,내장그래픽,UHD Graphics,1,512GB,51Wh,1.7kg,윈도우11홈,['사무/인강용']
LG전자,울트라PC,15U50T-GA5VK,32GB,LG전자 울트라PC 15U50T-GA5VK 32GB램,15.6인치,1920x1080,i5-1334U,정보없음,정보없음,인텔,1.3GHz,내장그래픽,UHD Graphics,1,512GB,51Wh,1.7kg,윈도우11홈,['사무/인강용']
LG전자,울트라PC,15U50T-GROWK,16GB,LG전자 울트라PC 15U50T-GROWK 16GB램,15.6인치,1920x1080,i5-1334U,정보없음,정보없음,인텔,1.3GHz,내장그래픽,UHD Graphics,1,256GB,51Wh,1.7kg,윈도우11홈,['사무/인강용']
LG전자,울트라PC,15U50T-GR3CK,8GB,LG전자 울트라PC 15U50T-GR3CK,15.6인치,1920x1080,i3-1315U,정보없음,정보없음,인텔,1.2GHz,내장그래픽,UHD Graphics,1,256GB,51Wh,1.7kg,윈도우11홈,['사무/인강용']
LG전자,울트라PC,15U50T-GR50K,8GB,LG전자 울트라PC 15U50T-GR50K,15.6인치,1920x1080,i5-1334U,정보없음,정보없음,인텔,1.3GHz,내장그래픽,UHD Graphics,1,256GB,51Wh,1.7kg,윈도우11홈,['사무/인강용']
LG전자,울트라PC,15U50T-GA5VK,16GB,LG전자 울트라PC 15U50T-GA5VK,15.6인치,1920x1080,i5-1334U,정보없음,정보없음,인텔,1.3GHz,내장그래픽,UHD Graphics,1,512GB,51Wh,1.7kg,윈도우11홈,['사무/인강용']
LG전자,울트라PC,15U50T-GROWK,64GB,LG전자 울트라PC 15U50T-GROWK 64GB램,15.6인치,1920x1080,i5-1334U,정보없음,정보없음,인텔,1.3GHz,내장그래픽,UHD Graphics,1,256GB,51Wh,1.7kg,윈도우11홈,['사무/인강용']
LG전자,울트라PC,15U50T-GA5HK,64GB,LG전자 울트라PC 15U50T-GA5HK 64GB램,15.6인치,1920x1080,i5-1334U,정보없음,정보없음,인텔,1.3GHz,내장그래픽,UHD Graphics,1,256GB,51Wh,1.7kg,윈도우11홈,['사무/인강용']
LG전자,울트라PC,15U50T-GR3CK,64GB,LG전자 울트라PC 15U50T-GR3CK 64GB램,15.6인치,1920x1080,i3-1315U,정보없음,정보없음,인텔,1.2GHz,내장그래픽,UHD Graphics,1,256GB,51Wh,1.7kg,윈도우11홈,['사무/인강용']
LG전자,울트라PC,13U360-EU1CK,정보없음,LG전자 울트라PC 13U360-EU1CK,13.3인치,1366x768,정보없음,정보없음,정보없음,인텔,1.6GHz,내장그래픽,HD Graphics,1,정보없음,정보없음,1.35kg,윈도우10,[]
LG전자,울트라PC,15UG50R-GR55KN,32GB,LG전자 울트라PC 15UG50R-GR55KN 32GB램,15.6인치,1920x1080,i5-1335U,정보없음,정보없음,인텔,1.3GHz,내장그래픽,Iris Xe,1,512GB,49Wh,1.8kg,윈도우11홈,['사무/인강용']
LG전자,울트라PC,15UG50R-GR55KN,8GB,LG전자 울트라PC 15UG50R-GR55KN,15.6인치,1920x1080,i5-1335U,정보없음,정보없음,인텔,1.3GHz,내장그래픽,Iris Xe,1,512GB,49Wh,1.8kg,윈도우11홈,['사무/인강용']
LG전자,울트라PC,15U50T-GR3CK,16GB,LG전자 울트라PC 15U50T-GR3CK 16GB램,15.6인치,1920x1080,i3-1315U,정보없음,정보없음,인텔,1.2GHz,내장그래픽,UHD Graphics,1,256GB,51Wh,1.7kg,윈도우11홈,['사무/인강용']
LG전자,울트라PC,15U50T-GR50K,16GB,LG전자 울트라PC 15U50T-GR50K 16GB램,15.6인치,1920x1080,i5-1334U,정보없음,정보없음,인텔,1.3GHz,내장그래픽,UHD Graphics,1,256GB,51Wh,1.7kg,윈도우11홈,['사무/인강용']
LG전자,울트라PC,15UD50T-GX5JK,32GB,LG전자 울트라PC 15UD50T-GX5JK WIN11 32GB램,15.6인치,1920x1080,i5-1334U,정보없음,정보없음,인텔,1.3GHz,내장그래픽,UHD Graphics,1,256GB,51Wh,1.7kg,윈도우11(설치),['사무/인강용']
LG전자,울트라PC,15U50T-GR3CK,32GB,LG전자 울트라PC 15U50T-GR3CK 32GB램,15.6인치,1920x1080,i3-1315U,정보없음,정보없음,인텔,1.2GHz,내장그래픽,UHD Graphics,1,256GB,51Wh,1.7kg,윈도우11홈,['사무/인강용']
LG전자,울트라PC,15UD50T-GX5JK,64GB,LG전자 울트라PC 15UD50T-GX5JK WIN11 64GB램,15.6인치,1920x1080,i5-1334U,정보없음,정보없음,인텔,1.3GHz,내장그래픽,UHD Graphics,1,256GB,51Wh,1.7kg,윈도우11(설치),['사무/인강용']
LG전자,울트라PC,15UD50T-GX5JK,64GB,LG전자 울트라PC 15UD50T-GX5JK 64GB램,15.6인치,1920x1080,i5-1334U,정보없음,정보없음,인텔,1.3GHz,내장그래픽,UHD Graphics,1,256GB,51Wh,1.7kg,정보없음,['사무/인강용']
LG전자,울트라PC 엣지,16U70Q-HR50K,8GB,LG전자 울트라PC 엣지 16U70Q-HR50K,16인치,2560x1600,5625U,350nit,정보없음,AMD,2.3GHz,내장그래픽,Radeon Graphics,1,256GB,72Wh,1.47kg,윈도우11홈,['사무/인강용']
LG전자,울트라PC 엣지,16U70R-GAFGK,16GB,LG전자 울트라PC 엣지 16U70R-GAFGK,16인치,1920x1200,7530U,정보없음,정보없음,AMD,정보없음,내장그래픽,Radeon Graphics,1,256GB,72Wh,1.47kg,윈도우11홈,['사무/인강용']
LG전자,울트라PC 엣지,16U70Q-HA76K,16GB,LG전자 울트라PC 엣지 16U70Q-HA76K,16인치,2560x1600,5825U,350nit,정보없음,AMD,2.0GHz,내장그래픽,Radeon Graphics,1,256GB,72Wh,1.47kg,윈도우11홈,['사무/인강용']
LG전자,울트라PC 엣지,16UD70Q-HX56K,16GB,LG전자 울트라PC 엣지 16UD70Q-HX56K,16인치,2560x1600,5625U,350nit,정보없음,AMD,2.3GHz,내장그래픽,Radeon Graphics,1,256GB,72Wh,1.47kg,정보없음,['사무/인강용']
LG전자,울트라PC 엣지,16UD70Q-GX50K,8GB,LG전자 울트라PC 엣지 16UD70Q-GX50K,16인치,1920x1200,5625U,250nit,정보없음,AMD,2.3GHz,내장그래픽,Radeon Graphics,1,256GB,72Wh,1.6kg,정보없음,['사무/인강용']
LG전자,울트라PC 엣지,16UD70Q-HX76K,16GB,LG전자 울트라PC 엣지 16UD70Q-HX76K,16인치,2560x1600,5825U,350nit,정보없음,AMD,2.0GHz,내장그래픽,Radeon Graphics,1,256GB,72Wh,1.47kg,정보없음,['사무/인강용']
LG전자,울트라PC 엣지,16UD70Q-GX56K,16GB,LG전자 울트라PC 엣지 16UD70Q-GX56K,16인치,1920x1200,5625U,250nit,정보없음,AMD,2.3GHz,내장그래픽,Radeon Graphics,1,256GB,72Wh,1.6kg,정보없음,['사무/인강용']
LG전자,울트라PC 엣지,16U70Q-HA56K,16GB,LG전자 울트라PC 엣지 16U70Q-HA56K,16인치,2560x1600,5625U,350nit,정보없음,AMD,2.3GHz,내장그래픽,Radeon Graphics,1,256GB,72Wh,1.47kg,윈도우11홈,['사무/인강용']
LG전자,울트라PC 엣지,16UD70Q-GX76K,16GB,LG전자 울트라PC 엣지 16UD70Q-GX76K,16인치,1920x1200,5825U,250nit,정보없음,AMD,2.0GHz,내장그래픽,Radeon Graphics,1,256GB,72Wh,1.6kg,정보없음,['사무/인강용']
LG전자,울트라PC 엣지,16UD70Q-HX76K,16GB,LG전자 울트라PC 엣지 16UD70Q-HX76K WIN11,16인치,2560x1600,5825U,350nit,정보없음,AMD,2.0GHz,내장그래픽,Radeon Graphics,1,256GB,72Wh,1.47kg,윈도우11(설치),['사무/인강용']
LG전자,울트라PC 엣지,16UD70Q-GX76K,16GB,LG전자 울트라PC 엣지 16UD70Q-GX76K WIN11,16인치,1920x1200,5825U,250nit,정보없음,AMD,2.0GHz,내장그래픽,Radeon Graphics,1,256GB,72Wh,1.6kg,윈도우11(설치),['사무/인강용']
LG전자,울트라PC 엣지,16UD70Q-GX56K,16GB,LG전자 울트라PC 엣지 16UD70Q-GX56K WIN11,16인치,1920x1200,5625U,250nit,정보없음,AMD,2.3GHz,내장그래픽,Radeon Graphics,1,256GB,72Wh,1.6kg,윈도우11(설치),['사무/인강용']
LG전자,울트라PC 엣지,16U70Q-GA76K,16GB,LG전자 울트라PC 엣지 16U70Q-GA76K,16인치,1920x1200,5825U,250nit,정보없음,AMD,2.0GHz,내장그래픽,Radeon Graphics,1,256GB,72Wh,1.6kg,윈도우11홈,['사무/인강용']
LG전자,울트라PC 엣지,16U70Q-HALGL,16GB,LG전자 울트라PC 엣지 16U70Q-HALGL,16인치,2560x1600,5825U,350nit,정보없음,AMD,2.0GHz,내장그래픽,Radeon Graphics,1,256GB,72Wh,1.47kg,윈도우11홈,['사무/인강용']
LG전자,울트라PC 엣지,14UD70Q-GX50K,8GB,LG전자 울트라PC 엣지 14UD70Q-GX50K,14인치,1920x1200,5625U,정보없음,정보없음,AMD,2.3GHz,내장그래픽,Radeon Graphics,1,256GB,72Wh,1.29kg,정보없음,"['사무/인강용', '휴대용']"
LG전자,울트라PC 엣지,16UD70Q-HX56K,16GB,LG전자 울트라PC 엣지 16UD70Q-HX56K WIN11,16인치,2560x1600,5625U,350nit,정보없음,AMD,2.3GHz,내장그래픽,Radeon Graphics,1,256GB,72Wh,1.47kg,윈도우11(설치),['사무/인강용']
LG전자,울트라PC 엣지,16U70Q-GA56K,16GB,LG전자 울트라PC 엣지 16U70Q-GA56K,16인치,1920x1200,5625U,250nit,정보없음,AMD,2.3GHz,내장그래픽,Radeon Graphics,1,256GB,72Wh,1.6kg,윈도우11홈,['사무/인강용']
LG전자,울트라기어 GT,15U780-PA76K,8GB,LG전자 울트라기어 GT 15U780-PA76K,15.6인치,1920x1080,i7-8550U,정보없음,정보없음,인텔,1.8GHz,외장그래픽,GTX1050,1,256GB,60Wh,1.9kg,윈도우10,"['게임용', '그래픽작업용']"
LG전자,웨일북,14TW30Q-EO14ML,4GB,LG전자 웨일북 14TW30Q-EO14ML,14인치,1920x1080,정보없음,정보없음,정보없음,인텔,1.1GHz,내장그래픽,UHD Graphics,1,64GB,49Wh,1.49kg,정보없음,['사무/인강용']
LG전자,웨일북,14TW30Q-EO14ML,4GB,LG전자 웨일북 14TW30Q-EO14ML WIN11,14인치,1920x1080,정보없음,정보없음,정보없음,인텔,1.1GHz,내장그래픽,UHD Graphics,1,64GB,49Wh,1.49kg,윈도우11(설치),['사무/인강용']
